"","P.BPP","P.BCE","P.MFM","P.0.5","TP.BPP","TP.BCE","TP.MFM","TP.AVG","TP.0.5","P.BPP","P.BCE","P.MFM","P.AVG","P.0.5","R.BPP","R.BCE","R.MFM","R.AVG","R.0.5","F.BPP","F.BCE","F.MFM","F.AVG","F.0.5","ACC.BPP","ACC.BCE","ACC.MFM","ACC.AVG","ACC.0.5","AUC","ER.BPP","ER.BCE","ER.MFM","ER.AVG","ER.0.5","AR0.05","AR0.1","AR0.15","AR0.2","AR0.25","AR0.3","AR0.35","AR0.4","AR0.45","AR0.5","AR0.55","AR0.6","AR0.65","AR0.7","AR0.75","AR0.8","AR0.85","AR0.9","AR0.95","AR1","CE0.05","CE0.1","CE0.15","CE0.2","CE0.25","CE0.3","CE0.35","CE0.4","CE0.45","CE0.5","CE0.55","CE0.6","CE0.65","CE0.7","CE0.75","CE0.8","CE0.85","CE0.9","CE0.95","CE1","POPT_BPP","POPT_BCE","POPT_MFM","POPT_0.5","POPT0.05","POPT0.1","POPT0.15","POPT0.2","POPT0.25","POPT0.3","POPT0.35","POPT0.4","POPT0.45","POPT0.5","POPT0.55","POPT0.6","POPT0.65","POPT0.7","POPT0.75","POPT0.8","POPT0.85","POPT0.9","POPT0.95","POPT1"
"1.math1.2S_all.csv-->2.math1.2R_all.csv","0.031457800511509","0.031457800511509","0.000312588803637397","0","0","0","0","2.63732394366197","0","0","0","0","0.0120472739634387","0","0","0","0","0.219776995305164","0","0","0","0","0.0227648889571546","0","0.838028169014085","0.838028169014085","0.954225352112676","0.474385042650268","0.957746478873239","0.205575980392157","-1","-1","-1","-0.637480951828238","0","0","0.00373449324256834","0.0287341992126996","0.0542100659934802","0.0819933131666932","0.101711793349997","0.116596330198257","0.141821968681062","0.163700749720849","0.194423709207775","0.227168603064949","0.262951679505294","0.298987188502584","0.332769274772348","0.361843269608007","0.392071993270878","0.426021276778562","0.459080714619858","0.488557560623878","0.514987806545824","-0.0588422532257467","-0.07592441502613","-0.0740742597503731","-0.0740043844284172","-0.0720077799865566","-0.0799379383166247","-0.0945319143185632","-0.0969484033521051","-0.104019717014348","-0.0995543387803038","-0.091958704699617","-0.0793904387929584","-0.0655103117638084","-0.0541158213000525","-0.0495451760572698","-0.0426159036458241","-0.0284116957663348","-0.0145558613385925","-0.00639646341430897","-0.00370575084666249","0","0","0","NaN","0","0.00373449324256847","0.0287341992126995","0.0542100659934801","0.0819933131666932","0.101711793349997","0.116596330198257","0.141821968681063","0.163700749720849","0.194423709207775","0.227168603064949","0.262951679505294","0.298987188502584","0.332769274772348","0.361843269608007","0.392071993270878","0.426021276778562","0.459080270946616","0.48577736180847","0.498147124576669"
"1.math1.2S_all.csv-->3.math2.0_all.csv","0.115292034418836","0.112110228813325","0.00755332982873585","0","2","2","0","3.08843537414966","0","0.0266666666666667","0.028169014084507","0","0.0227354772994052","0","0.181818181818182","0.181818181818182","0","0.280766852195424","0","0.0465116279069768","0.0487804878048781","0","0.0398018074346424","0","0.72108843537415","0.73469387755102","0.928571428571429","0.481720579388218","0.962585034013605","0.270478637969804","0.308247793486982","0.327338627120051","-1","-0.0521743021914394","0","0.110382506808552","0.161536182461132","0.163948938205508","0.164750389941349","0.165186799338392","0.165461305997949","0.173912165092165","0.200546044762943","0.22630226465757","0.251201302513478","0.283155740305755","0.311948153836625","0.340575247042431","0.364926770357723","0.385894024138003","0.407171071117696","0.43313993643588","0.457862230234617","0.485018066880178","0.511575838357992","0.0664735828210466","0.0967879053035643","0.0771018101471751","0.0530489322161783","0.0266426469080173","-0.00178065588758232","-0.0219756055117695","-0.0203354572471892","-0.0198077238384636","-0.0204566335056008","-0.0112308765075608","-0.00598079171979243","-0.000603688386112283","-0.00156201224454245","-0.00816750318750283","-0.0148178270196016","-0.0136810130813316","-0.0147793172741391","-0.0112138852491555","-0.00852191120615369","0.162837149262858","0.162687936754429","0","NaN","0.110382506808552","0.161536182461132","0.163948938205508","0.164750389941349","0.165186799338392","0.165461305997949","0.173912165092165","0.200546044762943","0.22630226465757","0.251201302513478","0.283155740305755","0.311948153836625","0.340575247042431","0.364926770357723","0.385894024138003","0.407171071117696","0.43313993643588","0.457738996877585","0.481053353765432","0.495739044396923"
"1.math1.2S_all.csv-->4.math2.1_all.csv","0.0288049890443283","0.0282993426597","0.0046182369796056","0","0","0","0","2.85987261146497","0","0","0","0","0.00714605866720314","0","0","0","0","0.13618441006976","0","0","0","0","0.0135580500592141","0","0.774946921443737","0.781316348195329","0.927813163481953","0.466167209848495","0.955414012738854","0.118095238095238","-1","-1","-1","-1.4575827210443","0","0","0","0.00752440010230519","0.0169246666338631","0.0249889406084251","0.040536817084685","0.0678076611295887","0.10567439363545","0.144284078429533","0.181421475520412","0.212370448415215","0.244962657973905","0.286038735560118","0.326673939053407","0.365679280769808","0.399610710711517","0.430973335819319","0.462482667569321","0.491865362365319","0.518202219405061","-0.053747204499135","-0.0802933157281187","-0.100254873128988","-0.118968536990912","-0.141115357379355","-0.155999745042041","-0.157485273211291","-0.145643452956879","-0.132142124569626","-0.119806904343412","-0.115417067130982","-0.108332233747233","-0.0878129913628007","-0.0663957864934138","-0.0459241028954464","-0.0324371730767353","-0.0223696011862511","-0.0110921104624942","-0.00291058005238677","-0.000212747702847916","0","0","0","NaN","0","0","0.00752440010230515","0.0169246666338631","0.0249889406084252","0.0405368170846849","0.0678076611295887","0.10567439363545","0.144284078429533","0.181421475520412","0.212370448415215","0.244962657973905","0.286038735560117","0.326673939053407","0.365679280769808","0.399610710711517","0.43086080443243","0.460868942816509","0.486348858420555","0.499893626148576"
"1.math1.2S_all.csv-->5.math3.0_all.csv","0.078367049389466","0.0770305570742968","0.00703177206731061","0","3","3","0","5.77299412915851","0","0.0227272727272727","0.0234375","0","0.0189624044904933","0","0.176470588235294","0.176470588235294","0","0.339587889950501","0","0.0402684563758389","0.0413793103448276","0","0.0353559162437555","0","0.720156555772994","0.727984344422701","0.933463796477495","0.488030453314747","0.966731898238748","0.333055489402239","0.477553004070227","0.486462952838021","-1","0.132659643854882","0","0.0152999024746207","0.0927162973989874","0.114951615422934","0.143152655595404","0.204959204297114","0.256030231845572","0.300731975155107","0.333633222779169","0.363211612650734","0.387938246435388","0.407989000297968","0.424918577352008","0.44773361688407","0.469997969604476","0.492280089209942","0.515245818921073","0.536150603808799","0.557984221291184","0.581691138627845","0.603059321780774","-0.0251226555345922","0.0312575551351257","0.0302579326631166","0.0352458126710303","0.0792013560572865","0.112844341511561","0.140656556196211","0.15522918545637","0.16637943584993","0.171700164295595","0.170831754505793","0.16536132482819","0.168335213744973","0.170673903762243","0.17322688357036","0.17715266561172","0.177769375739374","0.180162993480105","0.186429983889136","0.188553910665249","0.0704792535848369","0.0685166301085366","0","NaN","0.0152999024746208","0.0927162973989873","0.114951615422934","0.143152655595404","0.204959204297114","0.256030231845572","0.300731975155107","0.333633222779169","0.363211612650734","0.387938246435388","0.407989000297968","0.424918577352008","0.44773361688407","0.469997969604476","0.492280089209942","0.515245818921073","0.536150603808799","0.557984221291184","0.580386512619163","0.594276955332624"
"1.math1.2S_all.csv-->6.math3.1_all.csv","0.0553739665448952","0.0537121982036422","0.00113989068036367","0","0","0","0","2.15277777777778","0","0","0","0","0.00535362455470978","0","0","0","0","0.430555555555556","0","0","0","0","0.0105658646216823","0","0.743055555555556","0.748263888888889","0.967013888888889","0.497582706404321","0.991319444444444","0.42907180385289","-1","-1","-1","0.0272660234975926","0","0","0.0362429398228854","0.184767648364659","0.289372331665733","0.351878668626952","0.404603074544593","0.461335225033499","0.503830127487101","0.55378895986575","0.598546400301961","0.6351435267723","0.665625609546211","0.691407126912928","0.713497539270413","0.732636569809687","0.749378658176858","0.764147553454946","0.777272678637211","0.789013993142434","0.799579385198155","-0.0264679432328157","-0.0153075841520445","0.117934096056937","0.209739896980675","0.25864073281159","0.298901697868575","0.346467109516922","0.379194448541112","0.423675588906491","0.4641828173867","0.49621905855176","0.521800742870758","0.542307795902736","0.558708846628974","0.571695583529568","0.581765921867564","0.589276894422342","0.594478797885897","0.597537168987255","0.598546400301961","0","0","0","NaN","0","0.0362429398228855","0.184767648364659","0.289372331665733","0.351878668626952","0.404603074544593","0.461335225033499","0.503830127487101","0.55378895986575","0.598546400301961","0.6351435267723","0.665625609546211","0.691407126912928","0.713497539270413","0.732636569809687","0.749378658176858","0.764147553454946","0.777272678637211","0.789013993142434","0.79927320015098"
"1.math1.2S_all.csv-->7.math3.1.1_all.csv","0.0495771016666009","0.0486957894321455","0.0015653157597043","0","0","0","0","2.34907251264755","0","0","0","0","0.00493293671154382","0","0","0","0","0.19575604272063","0","0","0","0","0.00961212880853049","0","0.745362563237774","0.748735244519393","0.952782462057336","0.4864054781899","0.979763912310287","0.188611589213999","-1","-1","-1","-0.56444596249079","0","0","0.00117531074692681","0.0309536353010261","0.0448881586966652","0.0750464700069791","0.106923273997076","0.144277660523037","0.184707766145104","0.226138942514305","0.265013944910024","0.302345777952202","0.333328113076724","0.364348259983618","0.392377338612495","0.425077260037121","0.459491869604841","0.491743706611275","0.520363372902257","0.545931737365174","0.568912078066533","-0.0340605296512495","-0.0590315770333087","-0.0550907669127241","-0.0688499086715254","-0.0647933259752011","-0.0584957701985338","-0.0451445025346914","-0.0270912662232471","-0.00657141846510657","0.0118842680680136","0.029471785617953","0.0391716605884065","0.0496502797773342","0.0562947930085638","0.0710215484924335","0.0898736745634763","0.106579392756041","0.118141430384351","0.124936116870348","0.127177804061378","0","0","0","NaN","0","0.00117531074692678","0.0309536353010261","0.0448881586966652","0.0750464700069792","0.106923273997076","0.144277660523037","0.184707766145103","0.226138942514305","0.265013944910024","0.302345777952202","0.333328113076724","0.364348259983618","0.392377338612495","0.425077260037121","0.459491869604841","0.491743706611275","0.520363372902257","0.545931737365174","0.563588902030689"
"1.math1.2S_all.csv-->8.math3.2_all.csv","0.0606806276081635","0.0598307944037849","0.00333591242912772","0","0","0","0","1.11575562700965","0","0","0","0","0.002281810593924","0","0","0","0","0.185959271168274","0","0","0","0","0.00450578837933287","0","0.739549839228296","0.742765273311897","0.964630225080386","0.492734256262859","0.990353697749196","0.182088744588745","-1","-1","-1","-0.499502304933466","0","0","0","0.0305506406927169","0.0656153914018056","0.0863147820965842","0.101896478973976","0.150831493284282","0.195131829302899","0.229456687935686","0.256834493897678","0.279180469526472","0.297765081439113","0.313464297998934","0.326901680721154","0.354019108985997","0.394693273508936","0.430548751716821","0.462393964478322","0.49086607381572","0.516474052052199","-0.0291767097032294","-0.0561215155848806","-0.0515489453260033","-0.0417281408671742","-0.0478345429003661","-0.0603511846854221","-0.033057388736612","-0.00986980568512981","0.00189582488283605","0.0051476789623883","0.00165452901875303","-0.00748632656213929","-0.0216014675615226","-0.0403035794738528","-0.038516512643436","-0.0138729811432013","0.00450027844136807","0.0172215421054522","0.0246994281106703","0.0271668324615731","0","0","0","NaN","0","0","0.030550640692717","0.0656153914018056","0.0863147820965843","0.101896478973976","0.150831493284282","0.195131829302899","0.229456687935686","0.256834493897678","0.279180469526472","0.297765081439113","0.313464297998934","0.326901680721154","0.354019108985997","0.394693273508936","0.430548751716821","0.462393964478322","0.49086607381572","0.513583416230787"
"2.math1.2R_all.csv-->3.math2.0_all.csv","0.439421188058545","0.271587859336524","0.743989154193066","0","5","2","7","1.96938775510204","0","0.0205761316872428","0.00995024875621891","0.0249110320284698","0.0085763039884426","0","0.454545454545455","0.181818181818182","0.636363636363636","0.179035250463822","0","0.0393700787401575","0.0188679245283019","0.0479452054794521","0.0163205642103314","0","0.170068027210884","0.292517006802721","0.054421768707483","0.474108010551159","0.962585034013605","0.164792804368776","0.12115762388291","-0.629527156019146","-0.1159837312896","-0.616561066674053","0","0","0.0288851791091019","0.0517049848700794","0.0610321104972075","0.0825802725196251","0.0981778026025526","0.112769591201934","0.142633312579575","0.181449580882551","0.221626160376918","0.256435796470447","0.28513365754053","0.30919947199367","0.329670961625677","0.351252321115866","0.372573614677801","0.397362298952721","0.426967695370845","0.455767046943299","0.483833302220283","-0.0493570824804545","-0.0461067409470677","-0.0468017958513012","-0.0645400307543448","-0.0696731159820678","-0.0825478062261965","-0.0976167375240669","-0.0942489249155411","-0.0789278572693882","-0.0607613910878832","-0.0489239065617267","-0.0451854946268877","-0.0482129358384646","-0.0571632832300427","-0.0650382072919016","-0.0740425271888986","-0.0776599633385716","-0.0726080404234761","-0.0686509245229004","-0.0658060461130902","0.173209679919945","0.0901080933781451","0.348595275524399","NaN","0","0.0288851791091019","0.0517049848700795","0.0610321104972075","0.0825802725196251","0.0981778026025526","0.112769591201934","0.142633312579575","0.181449580882551","0.221626160376918","0.256435796470447","0.28513365754053","0.30919947199367","0.329670961625677","0.351252321115866","0.372573614677801","0.397362298952721","0.426837439375919","0.451577137768449","0.467096976943455"
"2.math1.2R_all.csv-->4.math2.1_all.csv","0.411933254677229","0.241597842575426","0.591909657845946","0","8","1","14","2.71549893842887","0","0.0198511166253102","0.0029585798816568","0.0315315315315315","0.00641968446939651","0","0.380952380952381","0.0476190476190476","0.666666666666667","0.129309473258518","0","0.0377358490566038","0.00557103064066852","0.0602150537634409","0.0122282976006004","0","0.133757961783439","0.24203821656051","0.0721868365180467","0.465554158158321","0.955414012738854","0.110899470899471","-0.0710264621607955","-5.28154390696106","0.0381468060003372","-0.989743878007922","0","0","0","0","0","0.00530397851231933","0.0269571915438696","0.0686914236920469","0.10902251963591","0.150083049012596","0.189578431707639","0.227574358531905","0.26191308500642","0.29603400553787","0.336580263379262","0.37492136877963","0.408248490677446","0.439080984772204","0.470121494763066","0.499086622878901","0.525049198592972","-0.053747204499135","-0.0802933157281187","-0.108596395964196","-0.138232746781943","-0.164153878164252","-0.172361022829951","-0.156387922258696","-0.141354457310546","-0.124469883454635","-0.108648273150772","-0.093885751048238","-0.0834504118687217","-0.0725838955063079","-0.0507064152757341","-0.0306849307897572","-0.0175835351308437","-0.00780259695200524","0.00327683625380162","0.0113420963723064","0.0140015889812037","0.117754790980125","0.00395342003830856","0.256775210971017","NaN","0","0","0","0","0.00530397851231934","0.0269571915438696","0.0686914236920468","0.10902251963591","0.150083049012596","0.189578431707639","0.227574358531905","0.26191308500642","0.29603400553787","0.336580263379262","0.37492136877963","0.408248490677446","0.438970056763572","0.468530703158231","0.493648515699795","0.507000794490602"
"2.math1.2R_all.csv-->5.math3.0_all.csv","0.407690905777292","0.231334669825649","0.609318996415771","0","10","8","12","4.18199608610568","0","0.0229885057471264","0.0224089635854342","0.0248447204968944","0.0106394738375827","0","0.588235294117647","0.470588235294118","0.705882352941177","0.245999769770922","0","0.0442477876106195","0.0427807486631016","0.048","0.0203469515360922","0","0.154598825831703","0.299412915851272","0.0684931506849315","0.48180345510319","0.966731898238748","0.236246725410812","0.258743807677651","0.421663325435879","0.129544290834613","-0.309752204081087","0","0.022594125589576","0.0408087757078233","0.064323927595568","0.118476098261171","0.174934496222436","0.215415013471476","0.251081912165291","0.286937870163506","0.319662932789322","0.354158390011078","0.385251352525372","0.41244052784835","0.438934366095641","0.468830743879868","0.494980768599601","0.517773113852589","0.538525433908121","0.560223935520238","0.583810284151089","0.605070216454347","-0.0175289999754465","-0.0241661445586052","-0.025214513266105","0.00746161963766318","0.0444274040420347","0.064412238026082","0.0796406730172137","0.0960322500553367","0.10936979843305","0.12598606867792","0.138985495703578","0.147251432391557","0.155084313002337","0.168847475374988","0.177624680599811","0.181442629430045","0.181979056836542","0.184317145203765","0.190551515648782","0.192664682648244","0.292172459151025","0.154944107885242","0.416996934145127","NaN","0.0225941255895761","0.0408087757078233","0.064323927595568","0.118476098261171","0.174934496222436","0.215415013471476","0.251081912165291","0.286937870163506","0.319662932789322","0.354158390011078","0.385251352525372","0.41244052784835","0.438934366095641","0.468830743879868","0.494980768599601","0.517773113852589","0.538525433908121","0.560223935520239","0.582512267355409","0.596332341324122"
"2.math1.2R_all.csv-->6.math3.1_all.csv","0.400843244431016","0.240146125745049","0.62397341170654","0","5","4","5","2.44791666666667","0","0.010183299389002","0.00968523002421308","0.00912408759124088","0.00655000802456527","0","1","0.8","1","0.489583333333333","0","0.0201612903225806","0.0191387559808612","0.0180831826401447","0.0129054728379558","0","0.15625","0.288194444444444","0.0572916666666667","0.498607494212963","0.991319444444444","0.48861646234676","0.599156755568984","0.699817342818689","0.37602658829346","0.233706018391355","0","0.169380701456173","0.286473746600655","0.372676483646589","0.480327154215017","0.544653615290229","0.587428508325933","0.617928588318752","0.654402768251955","0.692932868683281","0.723733403864327","0.748918290899621","0.769895014629109","0.787636970490192","0.802838834500943","0.816009658786487","0.827530989692176","0.837694436800958","0.846726697716507","0.854806667593365","0.862077407978477","0.147395917014234","0.248307850077059","0.3212478830029","0.422092982097045","0.47914804567507","0.514184303018909","0.536453383159267","0.567590271147645","0.603393310104929","0.631268995214079","0.653315237435621","0.670919675048193","0.685031925485553","0.696318565985463","0.705255592832738","0.712185654231279","0.717354447892459","0.72093421941371","0.723038885493494","0.723733403864327","0.65513256592184","0.534109156206295","0.778757410680205","NaN","0.169380701456173","0.286473746600655","0.372676483646589","0.480327154215017","0.544653615290229","0.587428508325933","0.617928588318752","0.654402768251955","0.692932868683281","0.723733403864327","0.748918290899621","0.769895014629109","0.787636970490192","0.802838834500943","0.816009658786487","0.827530989692176","0.837694436800958","0.846726697716507","0.854806667593365","0.861866701932164"
"2.math1.2R_all.csv-->7.math3.1.1_all.csv","0.405693013956303","0.241019165252621","0.62069373742157","0","7","5","9","2.71332209106239","0","0.0138339920948617","0.0118203309692671","0.0159857904085258","0.00566539494994513","0","0.583333333333333","0.416666666666667","0.75","0.2261101742552","0","0.027027027027027","0.0229885057471264","0.031304347826087","0.0110464638446462","0","0.15008431703204","0.283305227655987","0.06070826306914","0.487633975924857","0.979763912310287","0.219592656339644","0.304526261789195","0.42155400339371","0.172408350104574","-0.405226627635693","0","0","0","0.0355378850243634","0.102361052060023","0.168405692950149","0.2115141347592","0.247860952419875","0.282895222013981","0.318211591750021","0.361288300765257","0.39741732335449","0.427401425241917","0.45268545165785","0.47560969197404","0.500674377444897","0.530111057273423","0.558149084344105","0.583029495902068","0.60525726837969","0.625235151020906","-0.0340605296512495","-0.0602777328474515","-0.0500994685264824","-0.00453294162535576","0.0426804813942003","0.0654678048165991","0.0813679222158382","0.0966036178783392","0.113188706749293","0.141315574884479","0.161728732228251","0.174753055399844","0.18172138114913","0.185563844755384","0.193173775542013","0.208784710612333","0.223307771076296","0.233359189975322","0.239266128038824","0.241214931331287","0.287240278410127","0.158668150754611","0.438369708807106","NaN","0","0","0.0355378850243633","0.102361052060023","0.168405692950149","0.2115141347592","0.247860952419875","0.282895222013981","0.318211591750021","0.361288300765257","0.39741732335449","0.427401425241917","0.45268545165785","0.47560969197404","0.500674377444897","0.530111057273423","0.558149084344105","0.583029495902068","0.60525726837969","0.620607465665643"
"2.math1.2R_all.csv-->8.math3.2_all.csv","0.407425259072287","0.24466317431728","0.632022222504091","0","3","2","5","1.47749196141479","0","0.0056710775047259","0.0045045045045045","0.00844594594594595","0.0031114279149617","0","0.5","0.333333333333333","0.833333333333333","0.246248660235798","0","0.011214953271028","0.00888888888888889","0.0167224080267559","0.00614083117663847","0","0.14951768488746","0.282958199356913","0.0546623794212219","0.493897395601782","0.990353697749196","0.242965367965368","0.185149481855427","0.266010477048161","0.241573332995091","-0.224671811725545","0","0","0.064198396275801","0.0997548437073617","0.152829196088106","0.189803748354465","0.232868037180563","0.271684931994982","0.3006521327482","0.32686218170255","0.361248916984886","0.391794321264525","0.428955124776756","0.46034644489782","0.487215122135003","0.510472866433131","0.53929729759949","0.56658712436549","0.590824713236822","0.612495012179016","0.631985403182846","-0.0291767097032294","0.0116797919880371","0.0235159417601825","0.0555049190289153","0.0708489068580619","0.0942811529606803","0.113967067336524","0.122526743483722","0.12806761624859","0.144923987611205","0.157626341794944","0.180730139680574","0.196966942490743","0.207468019657876","0.213007662195411","0.228334988095611","0.242318989878618","0.252001222524482","0.257692687925532","0.259570644674775","0.304338669467677","0.186595478109962","0.449636783844605","NaN","0","0.064198396275801","0.0997548437073618","0.152829196088106","0.189803748354465","0.232868037180563","0.271684931994982","0.3006521327482","0.32686218170255","0.361248916984886","0.391794321264525","0.428955124776756","0.46034644489782","0.487215122135003","0.510472866433131","0.53929729759949","0.56658712436549","0.590824713236822","0.612495012179016","0.629785322337387"
"3.math2.0_all.csv-->4.math2.1_all.csv","0.0989887072307433","0.255907635260408","0.712337771784932","0","0","2","18","2.63906581740977","0","0","0.00576368876080692","0.0391304347826087","0.00624538898618795","0","0","0.0952380952380952","0.857142857142857","0.125669800829037","0","0","0.0108695652173913","0.0748440748440749","0.0118955490935892","0","0.447983014861996","0.227176220806794","0.0552016985138004","0.465207062716089","0.955414012738854","0.107089947089947","-1","-2.3267992583853","0.194748605808338","-0.840802721571723","0","0","0","0","0","0.00595621839769421","0.0374949025889337","0.0749467733911247","0.115552565222685","0.156391647418837","0.193010296291284","0.227626629451451","0.262550232788543","0.303081580491849","0.342434756938424","0.380337455491441","0.413310438285313","0.443832262807112","0.474598031928034","0.503318455887695","0.529061693708393","-0.053747204499135","-0.0802933157281187","-0.108596395964196","-0.138232746781943","-0.16339052174616","-0.159664765695407","-0.148620775014981","-0.132989378729815","-0.116123386886486","-0.103953518108205","-0.0938117265583504","-0.0825151317371556","-0.0618459970034313","-0.0414342251353936","-0.0217544080060619","-0.00887894467300496","0.000734019230415308","0.0116973859488652","0.0196945088692976","0.0223315334645161","0","0.00785677656162076","0.352284821462341","NaN","0","0","0","0","0.00595621839769422","0.0374949025889337","0.0749467733911247","0.115552565222686","0.156391647418837","0.193010296291284","0.227626629451451","0.262550232788543","0.303081580491849","0.342434756938424","0.380337455491441","0.413310438285313","0.44372227441685","0.473020679701604","0.497926291106051","0.511165766732258"
"3.math2.0_all.csv-->5.math3.0_all.csv","0.0920509082072778","0.249149504890347","0.697967924184436","0","1","8","15","4.25244618395303","0","0.00401606425702811","0.021680216802168","0.030241935483871","0.0108818547849037","0","0.0588235294117647","0.470588235294118","0.882352941176471","0.250143893173708","0","0.0075187969924812","0.0414507772020725","0.0584795321637427","0.0208108515391657","0","0.483365949119374","0.275929549902153","0.0547945205479452","0.48207918934134","0.966731898238748","0.240533460347702","-0.841018164145556","0.377126237774133","0.178861265665369","-0.274294337639766","0","0.0117905307624993","0.0373439705549373","0.0849517038504279","0.141005076982858","0.197113685352874","0.233497701971198","0.261511316804713","0.29824386264021","0.327598905248767","0.350823145612837","0.380208147103065","0.411785735604837","0.441047712724943","0.470214545127079","0.496269634496595","0.518979234157483","0.539658792254132","0.561292811485262","0.584821620189767","0.60602989111145","-0.0287760891615703","-0.0278656531083176","-0.00261278579161271","0.0328277793158453","0.0701148497497752","0.0859751564535443","0.092457561794092","0.110365156196911","0.11975879102486","0.121472500608999","0.131922002299256","0.146301106213183","0.158266827865591","0.171012792525682","0.179723474938326","0.183489961699825","0.183988075168793","0.186299662828058","0.192518465797965","0.194626497826858","0.0349197198050869","0.196356743954417","0.469074215263367","NaN","0.0117905307624993","0.0373439705549373","0.0849517038504279","0.141005076982858","0.197113685352874","0.233497701971198","0.261511316804713","0.29824386264021","0.327598905248767","0.350823145612837","0.380208147103065","0.411785735604837","0.441047712724943","0.470214545127079","0.496269634496595","0.518979234157483","0.539658792254132","0.561292811485262","0.583526757559397","0.597313248913429"
"3.math2.0_all.csv-->6.math3.1_all.csv","0.0885406652566814","0.237330733100777","0.664734803746532","0","2","4","5","2.546875","0","0.00716845878136201","0.00970873786407767","0.00900900900900901","0.00717575063890739","0","0.4","0.8","1","0.509375","0","0.0140845070422535","0.0191846522781775","0.0178571428571429","0.0141169517436291","0","0.513888888888889","0.289930555555556","0.0451388888888889","0.498951099537037","0.991319444444444","0.508581436077058","0.778648336858296","0.703336583624028","0.335265196253468","0.328951212910953","0","0.243152586548813","0.322789205773656","0.393606630161314","0.479053965222566","0.543636624918475","0.586581881260554","0.629754867186884","0.676212402678642","0.712310980726006","0.741167783866586","0.764763326055167","0.784416269864035","0.801038582580446","0.81528110124285","0.82762075317984","0.838415006458515","0.847937068030624","0.856399329274537","0.86396939579279","0.870781300934898","0.223120392173684","0.286565791464835","0.343893903573769","0.420677120445196","0.477984752322043","0.513187373453608","0.55080156884271","0.594878389345559","0.628422002823441","0.654538534658854","0.675193502763695","0.691686975607611","0.704908643034743","0.715483016535396","0.723856053655628","0.730348779069467","0.735191385221542","0.738545247791455","0.740517094526715","0.741167783866586","0.312621328577516","0.529862959446946","0.80545897691293","NaN","0.243152586548813","0.322789205773656","0.393606630161314","0.479053965222566","0.543636624918475","0.586581881260554","0.629754867186884","0.676212402678642","0.712310980726006","0.741167783866586","0.764763326055167","0.784416269864035","0.801038582580446","0.81528110124285","0.82762075317984","0.838415006458515","0.847937068030624","0.856399329274537","0.86396939579279","0.870583891933293"
"3.math2.0_all.csv-->7.math3.1.1_all.csv","0.0858555963326888","0.239993159964748","0.683016981702906","0","0","5","10","2.78920741989882","0","0","0.0118203309692671","0.0174520069808028","0.00591311270942316","0","0","0.416666666666667","0.833333333333333","0.232433951658235","0","0","0.0229885057471264","0.0341880341880342","0.0115239469600884","0","0.505902192242833","0.283305227655987","0.0472175379426644","0.487887069208216","0.979763912310287","0.226047045324154","-1","0.424016416084606","0.180379621956513","-0.360541439256255","0","0","0","0.0599084291434343","0.131419436527224","0.189227941430516","0.228720773933312","0.262301287272168","0.300065071772498","0.341919406944197","0.375196144173409","0.402287032129665","0.426644488033587","0.453456002971893","0.481065398852166","0.505065714097866","0.531973813459784","0.559900690844592","0.584682470286891","0.606822126367366","0.626720811732171","-0.0340605296512495","-0.0602777328474515","-0.023564993994236","0.0279858171636964","0.0666507571915799","0.0858615226852138","0.0990047605796221","0.118233902084476","0.144025778776467","0.160013288635197","0.168503133662043","0.173662133860802","0.182873416421935","0.194037161035178","0.200269436994171","0.211921284047106","0.226386771501227","0.236398344085448","0.242281865582992","0.244222943336377","0","0.179243218808684","0.472149045958506","NaN","0","0","0.0599084291434342","0.131419436527225","0.189227941430516","0.228720773933312","0.262301287272168","0.300065071772498","0.341919406944197","0.375196144173409","0.402287032129665","0.426644488033587","0.453456002971893","0.481065398852166","0.505065714097866","0.531973813459784","0.559900690844592","0.58468247028689","0.606822126367366","0.622111471668189"
"3.math2.0_all.csv-->8.math3.2_all.csv","0.0861248874288106","0.246730678978678","0.67942262078413","0","1","2","5","1.39710610932476","0","0.00340136054421769","0.00448430493273543","0.00833333333333333","0.00302544114499782","0","0.166666666666667","0.333333333333333","0.833333333333333","0.232851018220793","0","0.00666666666666667","0.00884955752212389","0.0165016501650165","0.00596755268981112","0","0.520900321543408","0.279742765273312","0.0418006430868167","0.493638920193133","0.990353697749196","0.229437229437229","0.483250675427136","0.259807963063966","0.184692855059044","-0.194190931014972","0","0","0.086171529738996","0.114103308949745","0.157861201603707","0.193804995496432","0.217526849952953","0.255563767683209","0.286576321846849","0.310605519662895","0.329771416958145","0.354273272146159","0.380564923019551","0.41445859492132","0.444632873155092","0.471032759270032","0.504121978730819","0.533495423312306","0.559583587213293","0.582908444879148","0.603886955476943","-0.0291767097032294","0.0348860910033355","0.0390795329347192","0.0611150090307877","0.075437626132359","0.0761684903661801","0.0943548375192346","0.104865793607301","0.107009952128738","0.102786046997808","0.105659146304032","0.111305413963606","0.128683392571059","0.141655247931883","0.149601448297951","0.169417246323962","0.184468946905379","0.194890432042936","0.201016449074069","0.203037790542203","0.0722483561950692","0.191910812649505","0.432757210946168","NaN","0","0.086171529738996","0.114103308949745","0.157861201603707","0.193804995496432","0.217526849952953","0.255563767683209","0.286576321846849","0.310605519662895","0.329771416958145","0.354273272146159","0.380564923019551","0.41445859492132","0.444632873155092","0.471032759270032","0.504121978730819","0.533495423312306","0.559583587213293","0.582908444879148","0.601518895271101"
"4.math2.1_all.csv-->5.math3.0_all.csv","0.161867444262195","0.161867444262195","0.161867444262195","0","3","3","3","6.20352250489237","0","0.0189873417721519","0.0189873417721519","0.0189873417721519","0.0209563841483608","0","0.176470588235294","0.176470588235294","0.176470588235294","0.36491308852308","0","0.0342857142857143","0.0342857142857143","0.0342857142857143","0.0385069946472452","0","0.669275929549902","0.669275929549902","0.669275929549902","0.48971549588122","0.966731898238748","0.359252202905454","-0.0791162950813033","-0.0791162950813033","-0.0791162950813033","-0.022392141094711","0","0.0490880854094139","0.0514652676407818","0.0646157383253601","0.0993241306383494","0.143175742611224","0.171299356551935","0.204627644157767","0.239090800852076","0.275339674815321","0.304021086737765","0.336100921548143","0.367535896482214","0.393971769311912","0.416642195646228","0.439512127269516","0.46242841339104","0.485336477784298","0.509339184932392","0.535494256764076","0.559222283381763","0.0100525535497261","-0.0127877895642172","-0.0248947780456233","-0.0141022459451202","0.00764511888563456","0.0118059946820897","0.0225521615586427","0.0353752528918257","0.051346159730935","0.0581355293784347","0.0701455980679173","0.0820795444527399","0.087374581635689","0.0871849109077895","0.0872993250603169","0.0874976135336516","0.0876950306923431","0.089937705353647","0.0965815455871306","0.0989400330035359","0.0718185670293131","0.0718185670293131","0.0718185670293131","NaN","0.049088085409414","0.0514652676407819","0.0646157383253602","0.0993241306383493","0.143175742611224","0.171299356551935","0.204627644157767","0.239090800852076","0.275339674815321","0.304021086737765","0.336100921548143","0.367535896482214","0.393971769311912","0.416642195646228","0.439512127269516","0.46242841339104","0.485336477784298","0.509339184932392","0.534045551441841","0.549470016501768"
"4.math2.1_all.csv-->6.math3.1_all.csv","0.206649820089543","0.205949405334139","0.206649820089543","0","1","1","1","2.48263888888889","0","0.00467289719626168","0.00469483568075117","0.00467289719626168","0.00671359688766285","0","0.2","0.2","0.2","0.496527777777778","0","0.0091324200913242","0.00917431192660551","0.0091324200913242","0.0132164254977702","0","0.623263888888889","0.625","0.623263888888889","0.498728057484568","0.991319444444444","0.495621716287215","-0.033249100447716","-0.0297470266706952","-0.033249100447716","-0.00624890560194466","0","0","0","0.0433827882196241","0.0828375507718708","0.106413671887954","0.129146517095885","0.194157011113739","0.24508128638242","0.290777023095721","0.341854910031656","0.383620119789267","0.418406746600884","0.462207369192388","0.500704891375944","0.53405896557039","0.563235827816506","0.588973956394361","0.611847445113777","0.632309331850616","0.650721908694402","-0.0264679432328157","-0.0534891271929631","-0.0350416343805583","-0.0199390256101671","-0.0221365557823661","-0.0254569215356833","0.0223142067622424","0.0554490421991256","0.0839704136962481","0.121578563194193","0.148924415139739","0.168245327193284","0.202368181483729","0.23095070877879","0.253583024727987","0.271132858895367","0.284222421365652","0.293287910535531","0.298617811463349","0.300376624485826","0.0866357348973293","0.08624732114665","0.0866357348973293","NaN","0","0","0.0433827882196242","0.0828375507718709","0.106413671887954","0.129146517095885","0.194157011113739","0.24508128638242","0.290777023095721","0.341854910031656","0.383620119789267","0.418406746600884","0.462207369192388","0.500704891375944","0.53405896557039","0.563235827816506","0.588973956394361","0.611847445113777","0.632309331850616","0.650188312242913"
"4.math2.1_all.csv-->7.math3.1.1_all.csv","0.200597187693198","0.200597187693198","0.200597187693198","0","4","4","4","7.41315345699831","0","0.0201005025125628","0.0201005025125628","0.0201005025125628","0.0251959458633234","0","0.333333333333333","0.333333333333333","0.333333333333333","0.617762788083193","0","0.037914691943128","0.037914691943128","0.037914691943128","0.0468790145173898","0","0.657672849915683","0.657672849915683","0.657672849915683","0.503485009199514","0.979763912310287","0.619334480780264","0.398208436920406","0.398208436920406","0.398208436920406","0.410371022562824","0","0.137947966944249","0.154274803356678","0.180724906812112","0.21247543912139","0.257387406685692","0.321947639283366","0.372949217831413","0.426909537238826","0.474090852092217","0.519441439802132","0.556361756897438","0.587002567806939","0.617088661426334","0.644918568316715","0.668977226392519","0.689982559093123","0.708481137395674","0.724896423686839","0.739561584991948","0.752742342162419","0.108586018111434","0.103296405891053","0.107979124762907","0.11869425278714","0.145114962529872","0.196356220138092","0.23414564799822","0.278030398652613","0.315942943668414","0.353936758177041","0.382841215170889","0.404775205406285","0.427517207025671","0.448519258283904","0.465122872580284","0.47798188695602","0.487563729876281","0.494195329135624","0.498092534742158","0.499378291768179","0.212858235008561","0.212858235008561","0.212858235008561","NaN","0.137947966944249","0.154274803356678","0.180724906812112","0.21247543912139","0.257387406685692","0.321947639283366","0.372949217831413","0.426909537238826","0.474090852092217","0.519441439802132","0.556361756897438","0.587002567806939","0.617088661426334","0.644918568316715","0.668977226392519","0.689982559093123","0.708481137395674","0.724896423686839","0.739561584991948","0.749689145884089"
"4.math2.1_all.csv-->8.math3.2_all.csv","0.215908370222859","0.215908370222859","0.215908370222859","0","4","4","4","3.97909967845659","0","0.0185185185185185","0.0185185185185185","0.0185185185185185","0.0142425493442635","0","0.666666666666667","0.666666666666667","0.666666666666667","0.663183279742765","0","0.036036036036036","0.036036036036036","0.036036036036036","0.0274923687018263","0","0.655948553054662","0.655948553054662","0.655948553054662","0.501941150318959","0.990353697749196","0.663961038961039","0.676137444665711","0.676137444665711","0.676137444665711","0.43440531803","0","0.127363692154268","0.211117795678604","0.311280270420155","0.375496529332127","0.435140001695108","0.501783767037078","0.549961171585956","0.585913675154531","0.613770452628352","0.635989260768647","0.654124422727686","0.669207001916905","0.681947901650794","0.692853181242125","0.702292879445197","0.717082671450063","0.733841342161126","0.748725634912697","0.762033356038835","0.774002396651068","0.101903035923755","0.166844530754146","0.252954784783821","0.303752615916967","0.35220598240096","0.411778085171948","0.45250449912512","0.480445007476962","0.499707131643914","0.512710256553446","0.520957324968708","0.525416048557947","0.526721641004963","0.52529084410705","0.521388689776289","0.526120852849585","0.534708422243624","0.540654277087309","0.544149403507036","0.545302655927435","0.397553793884485","0.397553793884485","0.397553793884485","NaN","0.127363692154268","0.211117795678604","0.311280270420155","0.375496529332127","0.435140001695108","0.501783767037078","0.549961171585956","0.585913675154531","0.613770452628352","0.635989260768647","0.654124422727686","0.669207001916905","0.681947901650794","0.692853181242125","0.702292879445197","0.717082671450063","0.733841342161126","0.748725634912697","0.762033356038835","0.772651327963718"
"5.math3.0_all.csv-->6.math3.1_all.csv","1","0.263369681654627","1","0","5","4","5","2.49131944444444","0","0.00868055555555556","0.00943396226415094","0.00868055555555556","0.00690308293602813","0","1","0.8","1","0.498263888888889","0","0.0172117039586919","0.0186480186480186","0.0172117039586919","0.0135875282985622","0","0.00868055555555556","0.269097222222222","0.00868055555555556","0.498758198302469","0.991319444444444","0.497373029772329","0","0.670787897931716","0","0.287159612400927","0","0.221848263357697","0.31230179206471","0.375162794139411","0.468882292293747","0.535511756187613","0.579818067205625","0.611410104831718","0.656015743743689","0.694366016034102","0.725022798592686","0.750090142425032","0.770968963341174","0.788628113735805","0.803759027426861","0.816868380685363","0.828335939099041","0.838451951247147","0.847442056687613","0.855484315633398","0.862721121932903","0.201252187365732","0.275517415150086","0.323938023682345","0.409365617030969","0.468691049990793","0.505222773122129","0.528544859058888","0.569608418953685","0.605244357543656","0.632989940925229","0.654933288664056","0.672455562636975","0.68650194821201","0.69773591156975","0.706631227419513","0.713528944753446","0.718673614559654","0.722236678528878","0.724331521686216","0.725022798592686","0.862511399296343","0.54901631691851","0.862511399296343","NaN","0.221848263357697","0.31230179206471","0.375162794139411","0.468882292293747","0.535511756187613","0.579818067205625","0.611410104831718","0.656015743743689","0.694366016034102","0.725022798592686","0.750090142425032","0.770968963341174","0.788628113735805","0.803759027426861","0.816868380685363","0.828335939099041","0.838451951247147","0.847442056687613","0.855484315633398","0.862511399296343"
"5.math3.0_all.csv-->7.math3.1.1_all.csv","1","0.270115622903595","1","0","12","7","12","3.13659359190556","0","0.0202360876897133","0.0159817351598174","0.0202360876897133","0.00677365423451791","0","1","0.583333333333333","1","0.261382799325464","0","0.0396694214876033","0.0311111111111111","0.0396694214876033","0.0131932008727127","0","0.0202360876897133","0.264755480607083","0.0202360876897133","0.489061535792793","0.979763912310287","0.255593803786575","0","0.53694464645098","0","-0.287250660395441","0","0","0.0249121009645525","0.0722205138107192","0.142078925321325","0.225342104475171","0.287504287384374","0.331272536669271","0.363758837173359","0.392696481146505","0.420770109481303","0.444778723049615","0.470735148230119","0.493554912584652","0.518249929055097","0.543798884009308","0.569160770605123","0.594868721736704","0.617681468256041","0.63806202096676","0.656379658985945","-0.0340605296512495","-0.033863986916289","-0.0101596840657112","0.0399146752631964","0.108224867172455","0.155533140513438","0.183243442702133","0.198474222597256","0.210072197718112","0.22128295732536","0.227614629889449","0.237206970010567","0.242824463721415","0.2517888497097","0.26285572503808","0.27453797148918","0.287854105600448","0.297070210043453","0.302486257138742","0.304273106822616","0.652136553411308","0.253246767037695","0.652136553411308","NaN","0","0.0249121009645525","0.0722205138107191","0.142078925321325","0.225342104475171","0.287504287384374","0.331272536669271","0.363758837173359","0.392696481146505","0.420770109481303","0.444778723049615","0.470735148230119","0.493554912584652","0.518249929055097","0.543798884009308","0.569160770605123","0.594868721736704","0.617681468256041","0.63806202096676","0.652136553411308"
"5.math3.0_all.csv-->8.math3.2_all.csv","1","0.27552353530613","1","0","6","2","6","1.52411575562701","0","0.00964630225080386","0.00433839479392625","0.00964630225080386","0.00345241837097695","0","1","0.333333333333333","1","0.254019292604502","0","0.0191082802547771","0.00856531049250535","0.0191082802547771","0.00680521717076279","0","0.00964630225080386","0.255627009646302","0.00964630225080386","0.494047311338799","0.990353697749196","0.250811688311688","0","0.173429394081609","0","-0.151345562442797","0","0","0.122532796811424","0.195680495770284","0.231141143397998","0.252074239589829","0.265889471856879","0.290656789996031","0.317216958991863","0.337796352467835","0.354210655799078","0.367608136324465","0.381287276368477","0.403440883084283","0.432837702879396","0.470948715981829","0.504260411833155","0.533625656299119","0.559706537228674","0.583024883348806","0.603997537425078","-0.0291767097032294","0.073288007492455","0.127565232512772","0.142813462564549","0.14226209210091","0.133268103305828","0.137047313401994","0.143310666204144","0.142230923257299","0.135502088425526","0.124128125980284","0.112341763912539","0.112288454115448","0.12342528433391","0.149466335411812","0.169649118160193","0.184696616793717","0.195115192589748","0.201239499435098","0.203260276610082","0.601630138305041","0.259766735273939","0.601630138305041","NaN","0","0.122532796811424","0.195680495770284","0.231141143397998","0.252074239589829","0.265889471856879","0.290656789996031","0.317216958991863","0.337796352467835","0.354210655799078","0.367608136324465","0.381287276368477","0.403440883084283","0.432837702879396","0.470948715981829","0.504260411833155","0.533625656299119","0.559706537228674","0.583024883348806","0.601630138305041"
"6.math3.1_all.csv-->7.math3.1.1_all.csv","0.00293332281020218","0.0194546387277534","0.000591926127619273","0","0","0","0","2.86677908937605","0","0","0","0","0.00630093206379412","0","0","0","0","0.238898257448004","0","0","0","0","0.0122574720549834","0","0.932546374367622","0.772344013490725","0.974704890387858","0.488151537470603","0.979763912310287","0.232644865174986","-1","-1","-1","-0.244274643406578","0","0.00936300378679561","0.0514157945312529","0.0706122231678081","0.106475090355455","0.169377704992042","0.212317365039231","0.24975519221182","0.286069696021863","0.320007824179719","0.346990696279523","0.368957692615693","0.38755307145192","0.413027188459377","0.446471296297653","0.483611068405491","0.516378968912283","0.545236382502197","0.570843902061453","0.593721261511611","0.61428298008671","-0.024378616996349","-0.00576271078930427","-0.0119107794411886","7.10107770602191e-05","0.0437994478086355","0.0664198124427667","0.083681469746038","0.100602766150526","0.115525090273396","0.122093866086799","0.122137665866146","0.117322363703774","0.122429135155728","0.140308693045946","0.165602338012779","0.185662144238433","0.200609628287271","0.210954791005157","0.217034354104186","0.219040109447606","0","0","0","NaN","0.00936300378679555","0.051415794531253","0.0706122231678081","0.106475090355455","0.169377704992042","0.212317365039231","0.24975519221182","0.286069696021863","0.320007824179719","0.346990696279523","0.368957692615693","0.38755307145192","0.413027188459377","0.446471296297653","0.483611068405491","0.516378968912283","0.545236382502197","0.570843902061453","0.593721261511611","0.609520054723803"
"6.math3.1_all.csv-->8.math3.2_all.csv","0.00404622077905605","0.0223620289450653","1.26840776772917e-05","0","0","0","0","1.33922829581994","0","0","0","0","0.00308910723624352","0","0","0","0","0.223204715969989","0","0","0","0","0.00608480041524363","0","0.943729903536977","0.770096463022508","0.988745980707395","0.493452817898905","0.990353697749196","0.21969696969697","-1","-1","-1","-0.16320394133039","0","0.0329118961317914","0.10398819112582","0.125737596206606","0.171225424044491","0.204431684334511","0.226346846545717","0.241893032634299","0.253494411248633","0.262483410354985","0.281102589609473","0.301218420494362","0.323557721903924","0.350192793956628","0.372990470238264","0.395158403436549","0.427448675261765","0.461363879981287","0.491485829656064","0.51841720709791","0.542639442241666","0.00469544726778212","0.0537026504298504","0.0516990910138681","0.0760145337760204","0.0876245493998102","0.0865818710256551","0.0777236815825186","0.0633578500162677","0.044676170933502","0.03763461645854","0.0321774097237842","0.0295180033385784","0.0330524787115435","0.0309287076006949","0.0276214137251526","0.0409914625681714","0.0583704766357772","0.0704033453359787","0.0774765750741458","0.0798104589844795","0","0","0","NaN","0.0329118961317915","0.10398819112582","0.125737596206606","0.171225424044491","0.204431684334511","0.226346846545717","0.241893032634299","0.253494411248633","0.262483410354985","0.281102589609473","0.301218420494362","0.323557721903924","0.350192793956628","0.372990470238264","0.395158403436549","0.427448675261765","0.461363879981287","0.491485829656064","0.51841720709791","0.53990522949224"
"7.math3.1.1_all.csv-->8.math3.2_all.csv","0.0285518588515836","0.0621900328517612","1.26840776772917e-05","0","1","1","0","1.91157556270096","0","0.00892857142857143","0.00581395348837209","0","0.00558781097255884","0","0.166666666666667","0.166666666666667","0","0.318595927116827","0","0.0169491525423729","0.0112359550561798","0","0.0109202045615719","0","0.813504823151125","0.717041800643087","0.988745980707395","0.49529316280849","0.990353697749196","0.316017316017316","0.828688846890498","0.626859802889433","-1","0.20112152533253","0","0.130959572713499","0.174207855058202","0.229424330184887","0.256192253107699","0.271993868218666","0.28242247280501","0.295731516261856","0.321647835441755","0.341728360152863","0.357744761415782","0.370817471215064","0.381689730377165","0.393405685222675","0.415258400636191","0.443351345669227","0.477228686426927","0.508195161143285","0.535698182302244","0.560288032946713","0.582404285475805","0.105603832446191","0.127863148325979","0.164166725050026","0.170742482054391","0.16510636554438","0.152787887753092","0.143220980257589","0.148870096310059","0.1473241519254","0.140233084612378","0.128573101202843","0.112919158884087","0.0973555484663936","0.0962556858897295","0.105099195185443","0.124371683062235","0.140239692828662","0.151226373506299","0.157684627014168","0.159815593278354","0.0971385893665687","0.138693259714162","0","NaN","0.130959572713499","0.174207855058202","0.229424330184887","0.256192253107699","0.271993868218666","0.28242247280501","0.295731516261856","0.321647835441755","0.341728360152863","0.357744761415781","0.370817471215064","0.381689730377165","0.393405685222675","0.415258400636191","0.443351345669227","0.477228686426927","0.508195161143285","0.535698182302244","0.560288032946713","0.579907796639177"
