relName,AvgWMC,CCMax,NTM,WMC,AvgSLOC,AvgSLOCExe,NA,NAIMP,NIM,NLM,NM,NMIMP,NMNpub,Nmpub,NumPara,SLOC,SLOCExe,stms,stmsExe,AID,CHM,NMA,NMI,NOA,PII,AMC,CBO,CC,DAC,DACquote,ICP,MPC,MPCNew,NIHICP,RFC,RFC1,UCL,ADD,MOD,DEL,bug
org.jfree.chart.annotations.AbstractAnnotation,1.363636364,3,8,15,4.454545455,2,2,2,11,11,21,11,5,6,7,54,22,37,19,1,37,10,10,1,0.181818182,0.181818182,5,2,1,1,3,1,3,3,24,22,6,54,0,0,0
org.jfree.chart.block.AbstractBlock,1.611111111,10,27,58,6.222222222,3.527777778,8,8,36,36,45,36,14,22,33,234,127,167,102,1,59,34,9,1,0.222510823,1.722222222,17,62,3,2,93,48,398,93,83,70,35,0,0,0,0
org.jfree.data.category.AbstractCategoryDataset,1,1,3,3,3.333333333,1.333333333,4,1,3,3,23,3,0,3,1,13,4,9,4,2,29,3,20,2,0.166666667,0.666666667,2,2,0,0,3,2,5,0,25,25,0,13,0,0,0
org.jfree.chart.labels.AbstractCategoryItemLabelGenerator,2.307692308,6,7,30,9.615384615,5.692307692,6,6,13,13,21,13,5,8,18,134,74,92,63,1,25,10,8,1,0.242424242,1,10,13,3,2,24,8,49,24,25,25,9,0,0,0,0
org.jfree.chart.renderer.category.AbstractCategoryItemRenderer,2.787878788,19,32,184,13.92424242,8.848484848,72,15,66,66,226,66,11,55,179,938,584,569,361,2,246,62,160,2,0.226824967,3.984848485,54,263,6,3,443,205,1441,365,406,329,162,151,45,51,1
org.jfree.data.general.AbstractDataset,1.25,3,10,15,4.333333333,2,3,3,12,12,22,12,5,7,8,58,24,41,21,1,72,11,10,1,0.183080808,0.25,8,3,2,2,5,2,11,5,24,24,10,0,3,0,0
org.jfree.chart.plot.dial.AbstractDialLayer,1.363636364,3,9,15,5,2.545454545,2,2,11,11,19,11,3,8,7,59,28,43,23,1,29,8,8,1,0.239057239,0.272727273,6,3,1,1,5,2,5,5,23,21,5,0,0,0,0
org.jfree.data.xy.AbstractIntervalXYDataset,2,2,0,8,8,5,5,0,4,4,34,4,0,4,8,35,20,25,12,4,53,4,30,4,0.213333333,1,2,4,0,0,0,0,0,0,36,36,0,0,0,0,0
org.jfree.chart.panel.AbstractMouseHandler,1,1,10,10,2.3,0.3,1,1,10,10,21,10,0,10,8,27,3,15,3,1,26,10,11,1,0.151515152,0,0,0,0,0,0,0,0,0,21,21,7,27,0,0,0
org.jfree.chart.util.AbstractObjectList,2.384615385,6,5,31,8.923076923,5.307692308,5,5,13,13,21,13,8,5,10,123,69,93,59,1,25,10,8,1,0.242424242,0.384615385,7,5,0,0,15,5,20,15,24,24,2,0,0,0,0
org.jfree.chart.panel.AbstractOverlay,1.8,3,2,9,5.6,2.8,1,1,5,5,16,5,1,4,3,31,14,22,12,1,19,5,11,1,0.138888889,0.4,4,2,1,1,2,1,2,2,17,17,3,31,0,0,0
org.jfree.data.pie.AbstractPieDataset,1,1,3,3,3.333333333,1.333333333,4,1,3,3,23,3,0,3,1,14,4,9,4,2,30,3,20,2,0.166666667,0.666666667,2,2,0,0,3,2,5,0,25,25,0,14,0,0,0
org.jfree.chart.labels.AbstractPieItemLabelGenerator,2.555555556,6,4,23,10.44444444,6.333333333,4,4,9,9,17,9,3,6,8,100,57,69,45,1,18,6,8,1,0.233766234,0.555555556,9,5,2,1,11,4,31,11,20,20,6,0,0,0,0
org.jfree.chart.plot.AbstractPieLabelDistributor,1.166666667,2,5,7,3.166666667,1.166666667,1,1,6,6,17,6,0,6,4,22,7,15,7,1,20,6,11,1,0.142857143,0,3,0,1,1,0,0,0,0,17,17,3,0,0,0,0
org.jfree.chart.renderer.AbstractRenderer,2.044303797,41,99,323,7.424050633,4.272151899,57,57,158,158,166,158,7,151,213,1234,675,828,574,1,219,155,8,1,0.256507382,1.17721519,26,186,39,12,343,150,1271,343,232,209,159,76,35,1,0
org.jfree.data.general.AbstractSeriesDataset,1.4,3,4,7,3.4,1.4,4,1,5,5,25,5,1,4,3,21,7,16,7,2,58,5,20,2,0.185185185,0.4,3,2,0,0,3,2,5,0,27,27,1,0,1,0,0
org.jfree.chart.annotations.AbstractXYAnnotation,1.888888889,5,6,17,6.444444444,3.444444444,4,2,9,9,26,9,2,7,15,66,31,42,26,2,37,7,17,2,0.229532164,0.777777778,8,7,0,0,14,6,27,13,34,31,9,2,1,0,0
org.jfree.data.xy.AbstractXYDataset,1.4,2,3,7,5.2,2.8,5,1,5,5,30,5,0,5,5,30,14,21,10,3,61,5,25,3,0.208333333,0.8,5,4,0,0,2,1,2,0,32,32,1,8,0,0,0
org.jfree.chart.labels.AbstractXYItemLabelGenerator,2.125,9,12,34,8.875,5,7,7,16,16,24,16,6,10,19,151,80,99,67,1,29,13,8,1,0.245670996,0.8125,8,13,4,2,27,9,51,27,27,27,16,0,0,0,0
org.jfree.chart.renderer.xy.AbstractXYItemRenderer,3.109375,19,29,199,16.171875,10.71875,70,13,64,64,225,64,10,54,179,1052,686,657,415,2,254,61,161,2,0.224735554,4.9375,49,316,6,3,502,253,1545,436,390,335,189,159,44,40,0
org.jfree.data.xy.AbstractXYZDataset,2,2,0,2,8,5,5,0,1,1,31,1,0,1,2,11,5,7,3,4,38,1,30,4,0.133333333,1,2,1,0,0,0,0,0,0,33,33,0,0,0,0,0
org.jfree.chart.util.Align,4,7,1,8,14,9,20,20,1,2,13,2,1,1,3,50,18,41,14,1,15,2,11,1,0.111111111,0,0,0,0,0,0,0,0,0,13,13,2,0,0,0,0
org.jfree.chart.event.AnnotationChangeEvent,1,1,2,2,3.5,1.5,3,1,2,2,20,2,0,2,2,10,3,7,3,3,24,2,18,3,0.166666667,0.5,1,1,0,0,2,1,2,0,20,20,0,10,0,0,0
org.jfree.chart.util.ApplicationFrame,1.125,2,7,9,2.75,0.625,0,0,8,8,19,8,0,8,8,24,5,14,5,2,25,8,11,2,0.197530864,0,2,0,0,0,0,0,0,0,19,19,7,0,0,0,0
org.jfree.chart.plot.dial.ArcDialFrame,1.56,10,19,39,7.84,5.2,10,8,25,25,40,25,3,22,18,207,130,151,96,2,40,22,15,2,0.379227053,1.2,9,30,3,2,72,30,346,55,53,50,35,0,0,0,0
org.jfree.chart.renderer.category.AreaRenderer,4.428571429,16,3,31,23.57142857,17.71428571,74,2,7,7,230,7,0,7,15,170,124,124,78,3,232,4,223,3,0.31553589,9.571428571,20,67,1,1,138,50,335,63,418,334,21,49,36,43,0
org.jfree.chart.renderer.AreaRendererEndType,2.5,4,2,10,8,4.5,5,5,4,4,13,4,2,2,2,42,18,28,16,1,13,2,9,1,0.171717172,0,1,0,3,1,0,0,0,0,13,13,0,0,0,0,0
org.jfree.chart.util.ArrayUtilities,5.166666667,10,1,31,16,9.666666667,0,0,1,6,17,6,1,5,8,98,58,77,55,1,19,6,11,1,0.142857143,0,3,0,0,0,0,0,0,0,17,17,0,0,0,0,0
org.jfree.chart.needle.ArrowNeedle,2.4,5,3,12,12.6,8.4,11,2,5,5,34,5,1,4,6,68,42,47,31,2,34,1,29,2,0.151515152,2.4,3,12,0,0,19,12,75,3,45,38,6,0,0,0,0
org.jfree.chart.util.AttributedStringUtilities,4.5,8,1,9,18,12.5,0,0,1,2,13,2,1,1,2,38,25,30,17,1,15,2,11,1,0.111111111,0,0,0,0,0,0,0,0,0,13,13,6,0,0,0,0
org.jfree.chart.axis.Axis,2.043478261,27,48,141,8.376811594,5.275362319,42,42,69,69,78,69,9,60,68,635,364,436,274,1,92,67,9,1,0.224821747,1.405797101,25,97,22,6,168,72,659,168,117,103,106,29,5,0,0
org.jfree.chart.event.AxisChangeEvent,1,1,2,2,3.5,1.5,3,1,2,2,20,2,0,2,1,10,3,7,3,3,24,2,18,3,0.166666667,0.5,1,1,1,1,2,1,2,0,20,20,3,0,0,0,0
org.jfree.chart.axis.AxisCollection,2,7,5,12,6.333333333,3.333333333,4,4,6,6,17,6,0,6,2,44,20,31,20,1,19,6,11,1,0.142857143,0.666666667,4,4,4,1,0,0,0,0,17,17,10,0,0,0,0
org.jfree.chart.entity.AxisEntity,1.7,7,8,17,6.3,3.4,6,2,10,10,29,10,2,8,12,67,34,47,31,2,28,6,19,2,0.498447205,2,9,20,1,1,36,20,300,19,38,37,10,67,0,0,0
org.jfree.chart.entity.AxisLabelEntity,1.333333333,2,2,4,5.666666667,3,5,1,3,3,25,3,0,3,4,20,9,14,8,2,27,2,22,2,0.495974235,0.666666667,4,2,1,1,5,2,10,1,30,30,4,0,0,0,0
org.jfree.chart.axis.AxisLocation,3,6,3,18,9.833333333,5.666666667,6,6,5,6,15,6,2,4,3,71,34,46,31,1,15,4,9,1,0.193939394,0,3,0,4,1,0,0,0,0,15,15,0,0,0,0,0
org.jfree.chart.axis.AxisSpace,2.315789474,9,13,44,9.157894737,5.736842105,5,5,19,19,26,19,0,19,16,181,109,109,80,1,24,15,7,1,0.277462121,0.631578947,7,12,0,0,0,0,0,0,26,26,12,0,0,0,0
org.jfree.chart.axis.AxisState,1.307692308,5,12,17,3.923076923,1.615384615,3,3,13,13,24,13,0,13,10,56,21,38,21,1,26,13,11,1,0.154761905,0.307692308,2,4,1,1,0,0,0,0,24,24,4,0,0,0,0
org.jfree.chart.demo.BarChartDemo1,1,1,4,4,16.5,14.5,0,0,1,4,23,4,2,2,3,68,58,57,31,3,27,4,19,3,0.2,7.75,14,31,0,0,90,31,123,88,174,39,12,2,3,13,0
org.jfree.chart.renderer.category.BarRenderer,2.979166667,26,32,143,14,9.166666667,91,19,44,48,269,48,9,39,81,694,440,441,281,3,277,43,221,3,0.385026146,3.854166667,32,185,3,2,232,119,584,131,475,388,74,81,44,22,0
org.jfree.chart.renderer.category.BarRenderer3D,3.117647059,11,8,53,25.11764706,20,98,7,17,17,275,17,2,15,49,437,340,324,180,4,274,10,258,4,0.441705464,5.588235294,30,95,2,1,178,75,489,100,491,398,89,38,18,9,0
org.jfree.chart.ui.BasicProjectInfo,1.357142857,3,10,19,5.071428571,2.428571429,7,3,14,14,31,14,0,14,17,122,34,80,48,2,32,10,17,2,0.265512266,0.5,3,7,2,1,13,7,26,5,40,38,6,0,0,0,0
org.jfree.chart.block.BlockBorder,1.909090909,5,8,21,7.454545455,4.363636364,4,4,11,11,21,11,2,9,17,89,48,64,38,1,22,10,10,1,0.181818182,1,6,11,3,3,33,11,120,33,32,30,13,0,0,0,0
org.jfree.chart.block.BlockContainer,1.928571429,7,10,27,7.285714286,4.357142857,11,3,14,14,52,14,0,14,13,108,61,77,46,2,53,11,38,2,0.339205059,1.285714286,12,18,1,1,19,11,58,7,98,77,15,0,0,0,0
org.jfree.chart.block.BlockParams,1,1,7,7,3.285714286,1.285714286,3,3,7,7,18,7,0,7,3,28,9,20,9,1,20,7,11,1,0.145833333,0,0,0,0,0,0,0,0,0,18,18,0,0,0,0,0
org.jfree.chart.block.BlockResult,1,1,3,3,3,1,1,1,3,3,14,3,0,3,1,12,3,8,3,1,16,3,11,1,0.125,0,1,0,0,0,0,0,0,0,14,14,0,0,0,0,0
org.jfree.chart.util.BooleanList,1.2,2,4,6,3.4,1.2,6,1,5,5,22,5,0,5,4,20,6,13,6,2,23,3,17,2,0.201754386,0.8,1,4,0,0,8,4,52,0,27,24,0,0,0,0,0
org.jfree.chart.block.BorderArrangement,7,13,2,70,35.3,26.3,6,6,10,10,20,10,5,5,21,361,263,234,156,1,21,9,10,1,0.18030303,16.7,11,167,0,0,170,61,358,170,61,42,67,0,0,0,0
org.jfree.data.statistics.BoxAndWhiskerCalculator,5.5,11,1,22,28.5,19.75,0,0,0,4,15,4,0,4,5,116,79,74,43,1,17,4,11,1,0.133333333,2,6,8,0,0,37,8,54,37,19,18,10,0,0,0,0
org.jfree.data.statistics.BoxAndWhiskerItem,1.923076923,12,11,25,7.692307692,4,10,10,13,13,22,13,0,13,19,112,52,70,45,1,22,11,9,1,0.213383838,0.692307692,4,9,1,1,27,9,81,27,23,23,4,0,0,0,0
org.jfree.chart.renderer.category.BoxAndWhiskerRenderer,3.24,22,17,81,19.12,13.8,79,7,25,25,248,25,8,17,64,488,345,321,179,3,249,22,223,3,0.354666325,6.28,26,157,1,1,278,128,515,181,465,372,65,38,64,21,0
org.jfree.chart.labels.BoxAndWhiskerToolTipGenerator,1.75,3,2,7,8.75,5.25,10,2,4,4,27,4,1,3,6,43,21,28,17,3,29,2,23,3,0.36,2.75,6,11,0,0,6,3,12,0,34,31,2,0,0,0,0
org.jfree.chart.labels.BoxAndWhiskerXYToolTipGenerator,2,3,2,8,10.25,6.25,11,2,4,4,33,4,1,3,7,47,25,30,19,3,35,2,29,3,0.35483871,3.5,5,14,0,0,10,6,18,0,40,38,3,0,0,0,0
org.jfree.chart.labels.BubbleXYItemLabelGenerator,2.1,6,5,21,9.6,5.8,11,4,10,10,31,10,1,9,18,103,58,67,42,2,31,7,21,2,0.347222222,1.8,8,18,2,2,32,14,109,12,36,35,12,0,0,0,0
org.jfree.chart.BufferedImageRenderingSource,1.75,3,2,7,5.75,2.75,2,2,4,4,15,4,0,4,4,27,11,18,9,1,17,4,11,1,0.133333333,0.75,5,3,2,2,5,3,7,5,18,18,6,27,0,0,0
org.jfree.data.io.CSV,2.666666667,4,2,16,14.16666667,9.833333333,2,2,6,6,17,6,3,3,8,89,59,61,33,1,19,6,11,1,0.142857143,0.5,6,3,0,0,9,3,9,9,34,19,8,0,0,0,0
org.jfree.chart.renderer.xy.CandlestickRenderer,2.548387097,26,21,79,12.48387097,8,86,16,31,31,250,31,2,29,45,406,248,272,171,3,249,26,219,3,0.38151455,2.225806452,23,69,3,1,131,53,434,79,427,363,42,8,11,13,0
org.jfree.chart.axis.CategoryAnchor,2.5,4,2,10,7.75,4.25,5,5,4,4,13,4,2,2,2,41,17,27,16,1,13,2,9,1,0.171717172,0,1,0,3,1,0,0,0,0,13,13,0,0,0,0,0
org.jfree.chart.axis.CategoryAxis,2.78,14,24,139,14,9.26,55,13,50,50,119,50,11,39,102,715,463,469,295,2,118,43,69,2,0.247873472,3.66,37,183,4,2,267,141,985,196,220,175,121,82,3,4,0
org.jfree.chart.axis.CategoryAxis3D,3.4,7,3,17,17.8,11.4,56,1,5,5,116,5,0,5,12,93,57,56,32,3,117,2,111,3,0.397660819,7.8,10,39,0,0,57,20,303,7,218,171,14,6,0,0,0
org.jfree.chart.plot.CategoryCrosshairState,1.857142857,4,5,13,8,4.714285714,12,2,7,7,42,7,0,7,14,60,33,42,24,2,45,7,35,2,0.194444444,1.571428571,3,11,0,0,14,9,18,0,42,42,4,0,0,0,0
org.jfree.data.xml.CategoryDatasetHandler,1.8,4,3,9,7.4,3.4,2,1,5,5,22,5,0,5,10,40,17,23,13,3,26,5,17,3,0.208333333,1.8,6,9,1,1,15,7,48,12,47,26,3,0,0,0,0
org.jfree.chart.entity.CategoryItemEntity,1.777777778,6,6,16,6,3.111111111,8,4,9,9,30,9,0,9,10,61,28,41,26,2,31,7,21,2,0.390096618,0.333333333,5,3,0,0,9,3,35,3,35,35,1,0,0,0,0
org.jfree.chart.renderer.category.CategoryItemRendererState,1.384615385,4,10,18,4.615384615,2.230769231,6,5,13,13,27,13,0,13,7,67,29,49,27,2,31,13,14,2,0.206349206,0.076923077,4,1,1,1,2,1,2,0,29,29,4,39,0,0,0
org.jfree.chart.entity.CategoryLabelEntity,1.6,4,4,8,6.8,4,6,1,5,5,26,5,0,5,5,37,20,27,17,3,27,2,21,3,0.319444444,1.4,5,7,0,0,15,7,41,6,33,32,1,0,0,0,0
org.jfree.chart.axis.CategoryLabelPosition,2,9,10,24,8.083333333,4.333333333,7,7,12,12,21,12,0,12,13,106,52,66,44,1,21,10,9,1,0.212121212,1.083333333,5,13,4,4,9,6,42,9,27,27,17,0,0,0,0
org.jfree.chart.axis.CategoryLabelPositions,3,7,4,33,16.72727273,11.90909091,10,10,5,11,20,11,0,11,16,258,131,90,65,1,20,9,9,1,0.210606061,6.181818182,8,68,9,2,72,20,324,72,30,24,15,0,0,0,0
org.jfree.chart.axis.CategoryLabelWidthType,2.5,4,1,10,7.75,4.25,4,4,4,4,13,4,2,2,2,41,17,26,16,1,13,2,9,1,0.171717172,0,2,0,2,1,0,0,0,0,13,13,0,0,0,0,0
org.jfree.chart.annotations.CategoryLineAnnotation,1.947368421,9,12,37,9,5.789473684,9,7,19,19,35,19,2,17,22,182,110,127,86,2,35,16,16,2,0.261781906,2,20,38,2,2,76,29,342,68,70,52,19,8,2,0,0
org.jfree.chart.plot.CategoryMarker,1.75,6,6,14,6.125,3.125,16,2,8,8,49,8,0,8,13,53,25,36,24,2,51,7,41,2,0.202380952,1,4,8,0,0,18,7,101,4,58,52,6,0,0,0,0
org.jfree.chart.plot.CategoryPlot,2.650224215,51,113,591,10.86098655,6.829596413,90,60,223,223,287,223,21,202,290,2493,1523,1759,1142,2,282,213,64,2,0.332895512,2.358744395,64,526,40,15,762,396,2552,651,500,396,405,392,95,23,0
org.jfree.chart.annotations.CategoryPointerAnnotation,1.608695652,12,19,37,8.391304348,5.652173913,32,14,23,23,60,23,2,21,20,210,130,158,94,4,62,20,37,4,0.390079365,1.47826087,20,34,2,2,60,31,321,40,107,80,18,7,1,1,0
org.jfree.data.xml.CategorySeriesHandler,1.8,3,3,9,8.8,4.8,3,3,5,5,16,5,0,5,11,50,24,30,15,2,19,5,11,2,0.185185185,2.6,7,13,2,2,27,11,46,27,45,25,8,0,0,0,0
org.jfree.chart.renderer.category.CategoryStepRenderer,3.111111111,10,5,28,15.44444444,10.66666667,75,3,9,9,232,9,2,7,24,152,96,102,60,3,233,6,223,3,0.440932715,6.777777778,17,61,0,0,118,48,239,59,419,336,19,0,10,6,0
org.jfree.data.xy.CategoryTableXYDataset,1.230769231,4,22,32,4.269230769,2,7,2,26,26,56,26,0,26,33,117,52,79,48,5,58,22,30,5,0.304916169,1.346153846,10,35,2,2,70,35,297,57,105,85,3,0,5,0,0
org.jfree.chart.annotations.CategoryTextAnnotation,2,7,6,22,9.181818182,5.909090909,18,4,11,11,40,11,0,11,14,109,65,72,45,3,42,8,29,3,0.253472222,2.636363636,17,29,1,1,54,24,238,40,80,54,12,2,0,0,0
org.jfree.chart.axis.CategoryTick,1.833333333,6,5,11,7.5,4,8,3,6,6,20,6,0,6,6,50,24,34,22,2,21,4,14,2,0.219444444,1.333333333,5,8,2,2,18,7,65,11,24,24,7,0,0,0,0
org.jfree.data.category.CategoryToPieDataset,3.333333333,9,4,40,11.16666667,6.583333333,8,4,12,12,34,12,0,12,9,141,79,96,65,3,37,11,22,3,0.24365942,2.416666667,10,29,1,1,2,1,2,0,36,36,6,0,2,0,0
org.jfree.chart.block.CenterArrangement,2.384615385,13,7,31,9.846153846,5.538461538,1,1,13,13,23,13,8,5,29,131,72,78,45,1,24,12,10,1,0.184149184,4.615384615,9,60,0,0,43,29,80,43,38,37,50,0,0,0,0
org.jfree.chart.event.ChartChangeEvent,1,1,7,7,3.428571429,1.285714286,2,2,7,7,18,7,0,7,8,28,9,19,9,2,28,7,11,2,0.194444444,0.285714286,2,2,2,2,0,0,0,0,18,18,9,0,0,0,0
org.jfree.chart.event.ChartChangeEventType,2.2,4,3,11,6.8,3.6,5,5,5,5,13,5,2,3,2,44,18,29,17,1,12,2,8,1,0.202020202,0,1,0,3,1,0,0,0,0,13,13,0,0,0,0,0
org.jfree.chart.ChartColor,1,1,2,2,20.5,18.5,24,24,1,2,13,2,0,2,3,67,37,29,2,2,16,2,11,2,0.148148148,0,0,0,24,1,0,0,0,0,13,13,1,0,0,0,0
org.jfree.chart.servlet.ChartDeleter,1.4,3,4,7,5,2.6,1,1,5,5,16,5,0,5,4,28,13,18,8,1,18,5,11,1,0.138888889,0,3,0,1,1,0,0,0,0,16,16,5,0,0,0,0
org.jfree.chart.editor.ChartEditorManager,1.25,2,3,5,3.5,1.25,1,1,1,4,15,4,1,3,2,17,5,11,5,1,17,4,11,1,0.133333333,0.25,5,1,0,0,0,0,0,0,15,15,1,0,0,0,0
org.jfree.chart.entity.ChartEntity,2.05,7,12,41,8.2,4.9,4,4,20,20,27,20,4,16,16,170,98,114,75,1,37,16,7,1,0.278074866,0.4,10,8,1,1,17,6,183,17,31,31,11,0,0,0,0
org.jfree.chart.ChartFactory,1.825,14,34,73,17.5,12.95,1,1,0,40,51,40,0,40,185,703,518,467,239,1,53,40,11,1,0.162601626,10.875,95,435,0,0,840,336,4581,840,402,160,207,2,135,424,0
org.jfree.chart.ChartFrame,1.333333333,2,2,4,5.666666667,3,1,1,3,3,14,3,0,3,5,20,9,13,8,2,17,3,11,2,0.166666667,0.333333333,3,1,1,1,2,1,2,2,34,15,4,0,0,0,0
org.jfree.chart.ChartMouseEvent,1,1,4,4,4,1.75,4,4,4,4,15,4,0,4,3,22,7,16,7,2,18,4,11,2,0.177777778,0,2,0,3,3,0,0,0,0,15,15,9,0,0,0,0
org.jfree.chart.ChartPanel,2.138211382,16,75,263,10.10569106,6.723577236,80,80,123,123,134,123,8,115,133,1332,827,917,550,2,138,123,11,2,0.220430108,1.089430894,36,134,33,18,192,106,639,192,235,172,189,277,114,159,0
org.jfree.chart.event.ChartProgressEvent,1,1,7,7,3.571428571,1.428571429,7,5,7,7,20,7,0,7,7,32,10,23,10,2,23,7,13,2,0.194444444,0,1,0,1,1,0,0,0,0,20,20,4,1,0,0,0
org.jfree.chart.ChartRenderingInfo,1.571428571,6,11,22,5.357142857,2.714285714,5,5,14,14,23,14,2,12,7,82,38,58,35,1,23,12,9,1,0.214452214,0.714285714,10,10,2,2,19,8,196,19,28,28,7,7,0,0,0
org.jfree.chart.ChartTransferable,2,6,4,14,11.71428571,7.714285714,8,8,7,7,18,7,1,6,25,93,54,62,37,1,20,7,11,1,0.145833333,0.285714286,4,2,2,2,6,2,85,6,69,20,14,93,0,0,0
org.jfree.chart.ChartUtilities,1.62962963,5,17,44,9.037037037,4.444444444,0,0,0,27,38,27,0,27,115,246,120,121,74,1,40,27,11,1,0.160714286,1.222222222,14,33,0,0,92,24,259,92,105,52,68,0,0,0,0
org.jfree.chart.renderer.xy.ClusteredXYBarRenderer,3.875,15,4,31,21.125,14.25,88,2,8,8,263,8,1,7,16,174,114,121,64,4,263,3,255,4,0.33974359,6.125,19,49,0,0,70,30,191,28,454,374,12,1,14,6,0
org.jfree.chart.block.ColorBlock,1.5,4,6,12,6.125,3.5,10,2,8,8,47,8,2,6,13,53,28,38,26,2,48,6,39,2,0.37340302,1.875,6,15,1,1,32,15,130,11,91,71,12,0,0,0,0
org.jfree.chart.block.ColumnArrangement,3.818181818,13,5,42,17.27272727,11.45454545,5,5,11,11,21,11,5,6,24,197,126,125,83,1,22,10,10,1,0.181818182,5.636363636,11,62,2,2,30,21,54,30,37,36,38,0,0,0,0
org.jfree.chart.plot.CombinedDomainCategoryPlot,3.041666667,12,9,73,13.33333333,8.708333333,94,4,24,24,290,24,2,22,35,327,209,231,140,3,281,11,266,3,0.321621404,3.833333333,18,92,2,2,176,86,1010,81,564,394,62,0,0,0,0
org.jfree.chart.plot.CombinedDomainXYPlot,2.88,11,9,72,12.56,8.2,97,4,25,25,301,25,2,23,36,321,205,230,139,3,291,11,276,3,0.316687192,3.52,20,88,2,2,173,82,1092,75,537,410,59,0,0,0,0
org.jfree.chart.plot.CombinedRangeCategoryPlot,3.210526316,11,6,61,13.94736842,9.368421053,94,4,19,19,290,19,3,16,22,272,178,202,122,3,286,11,271,3,0.280391278,4.473684211,19,85,2,2,151,79,901,75,537,393,50,0,0,0,0
org.jfree.chart.plot.CombinedRangeXYPlot,2.833333333,11,8,68,12.5,8.166666667,97,4,24,24,301,24,2,22,35,307,196,219,130,3,292,11,277,3,0.321032272,3.5,20,84,2,2,166,77,1101,73,536,409,56,0,0,0,0
org.jfree.data.ComparableObjectItem,1.875,5,4,15,6.5,3.375,3,3,8,8,16,8,3,5,5,58,27,40,24,1,20,5,8,1,0.22979798,0.125,3,1,0,0,3,1,9,3,17,17,0,0,0,0,0
org.jfree.data.ComparableObjectSeries,2.5,11,12,50,9.25,5.5,10,4,20,20,45,20,8,12,23,192,110,129,86,2,50,17,25,2,0.245590829,1.15,7,23,1,1,36,23,102,24,56,55,13,0,0,0,0
org.jfree.chart.axis.CompassFormat,1.2,2,4,6,4.4,1.8,5,5,5,5,16,5,0,5,9,32,9,20,8,2,19,5,11,2,0.185185185,0,4,0,0,0,0,0,0,0,16,16,3,0,0,0,0
org.jfree.chart.plot.CompassPlot,2.617647059,13,17,89,11.26470588,7.794117647,50,20,34,34,102,34,3,31,32,408,265,313,227,2,99,28,68,2,0.29714197,1.235294118,29,42,13,7,73,37,365,55,179,131,43,0,1,0,0
org.jfree.chart.title.CompositeTitle,1.583333333,5,8,19,5.916666667,3.25,22,3,12,12,67,12,2,10,13,76,39,54,35,3,68,9,55,3,0.35335249,1.75,9,21,2,2,46,21,213,27,128,100,18,0,0,0,0
org.jfree.chart.ui.Contributor,1,1,3,3,3.333333333,1.333333333,2,2,3,3,14,3,0,3,2,14,4,10,4,1,16,3,11,1,0.125,0,1,0,0,0,0,0,0,0,14,14,0,0,0,0,0
org.jfree.chart.plot.Crosshair,1.6,18,33,64,6.75,4.125,16,16,40,40,48,40,2,38,24,288,165,220,146,1,47,37,8,1,0.253189793,0.85,10,34,9,5,90,33,406,90,63,60,39,288,0,0,0
org.jfree.chart.panel.CrosshairOverlay,4.15,10,5,83,18.15,12.7,3,2,20,20,34,20,7,13,24,368,254,262,185,2,35,18,14,2,0.252192982,7.85,18,157,2,1,159,79,511,151,77,59,62,368,0,0,0
org.jfree.chart.plot.CrosshairState,1.25,5,21,30,4.583333333,2.125,10,10,24,24,35,24,0,24,26,122,51,83,42,1,39,24,11,1,0.16,0.041666667,2,1,1,1,0,0,0,0,35,35,5,0,0,0,0
org.jfree.chart.urls.CustomCategoryURLGenerator,2.75,10,4,22,9.375,5.5,1,1,8,8,17,8,0,8,8,79,44,57,34,1,17,6,9,1,0.203463203,0,4,0,1,1,0,0,0,0,17,17,5,0,0,0,0
org.jfree.chart.urls.CustomPieURLGenerator,2.5,8,4,20,9.5,5.25,2,2,8,8,17,8,0,8,8,81,42,62,36,1,17,6,9,1,0.203463203,0,4,0,1,1,0,0,0,0,17,17,10,0,0,0,0
org.jfree.chart.labels.CustomXYToolTipGenerator,2.25,6,4,18,7.875,4.375,2,2,8,8,17,8,0,8,8,68,35,49,27,1,17,6,9,1,0.203463203,0,4,0,1,1,0,0,0,0,17,17,4,0,0,0,0
org.jfree.chart.urls.CustomXYURLGenerator,2.75,10,4,22,9.375,5.5,2,2,8,8,17,8,0,8,8,80,44,58,34,1,17,6,9,1,0.203463203,0,4,0,1,1,0,0,0,0,17,17,5,0,0,0,0
org.jfree.chart.axis.CyclicNumberAxis,3.588235294,24,21,122,18.44117647,12.91176471,92,11,34,34,193,34,8,26,65,649,439,388,268,4,186,22,159,4,0.389575388,5.558823529,24,189,5,3,269,135,774,147,289,254,77,0,0,0,0
org.jfree.chart.renderer.xy.CyclicXYItemRenderer,7.2,32,4,36,32.8,23.6,88,1,5,5,256,5,0,5,17,227,118,164,120,4,260,4,251,4,0.214656085,6.8,9,34,0,0,119,30,878,36,444,362,9,0,16,10,0
org.jfree.data.resources.DataPackageResources,1,1,1,1,3,1,1,1,1,1,12,1,0,1,0,9,1,4,1,2,15,1,11,2,0.111111111,0,0,0,0,0,0,0,0,0,12,12,0,0,0,0,0
org.jfree.data.resources.DataPackageResources_de,1,1,1,1,3,1,1,1,1,1,12,1,0,1,0,9,1,4,1,2,15,1,11,2,0.111111111,0,0,0,0,0,0,0,0,0,12,12,0,0,0,0,0
org.jfree.data.resources.DataPackageResources_es,1,1,1,1,3,1,1,1,1,1,12,1,0,1,0,9,1,4,1,2,15,1,11,2,0.111111111,0,0,0,0,0,0,0,0,0,12,12,0,0,0,0,0
org.jfree.data.resources.DataPackageResources_fr,1,1,1,1,3,1,1,1,1,1,12,1,0,1,0,9,1,4,1,2,15,1,11,2,0.111111111,0,0,0,0,0,0,0,0,0,12,12,0,0,0,0,0
org.jfree.data.resources.DataPackageResources_pl,1,1,1,1,3,1,1,1,1,1,12,1,0,1,0,9,1,4,1,2,15,1,11,2,0.111111111,0,0,0,0,0,0,0,0,0,12,12,0,0,0,0,0
org.jfree.data.resources.DataPackageResources_ru,1,1,1,1,3,1,1,1,1,1,12,1,0,1,0,9,1,4,1,2,15,1,11,2,0.111111111,0,0,0,0,0,0,0,0,0,12,12,0,0,0,0,0
org.jfree.data.DataUtilities,4.444444444,6,0,40,15.33333333,9.666666667,0,0,0,9,20,9,0,9,16,140,87,117,73,1,22,9,11,1,0.15,1.666666667,8,15,0,0,4,2,6,4,24,22,1,73,0,0,0
org.jfree.data.general.DatasetAndSelection,1,1,3,3,3.333333333,1.333333333,2,2,3,3,14,3,0,3,2,14,4,10,4,1,16,3,11,1,0.125,0,2,0,0,0,0,0,0,0,14,14,0,14,0,0,0
org.jfree.data.event.DatasetChangeEvent,1.333333333,2,2,4,5,2.333333333,4,2,3,3,16,3,0,3,3,19,7,13,7,2,19,3,13,2,0.166666667,0,3,0,1,1,0,0,0,0,16,16,3,19,0,0,0
org.jfree.chart.event.DatasetChangeInfo,0,0,0,0,0,0,0,0,0,0,11,0,0,0,0,2,0,1,0,1,14,0,11,1,0,0,0,0,0,0,0,0,0,0,11,11,0,2,0,0,0
org.jfree.data.general.DatasetGroup,1.8,4,3,9,5.8,3,2,2,5,5,14,5,0,5,2,33,15,23,14,1,14,3,9,1,0.185606061,0,3,0,0,0,0,0,0,0,14,14,0,0,0,0,0
org.jfree.data.xml.DatasetReader,2,3,2,8,11.5,7,0,0,0,4,15,4,0,4,8,48,28,29,14,1,17,4,11,1,0.133333333,1,5,4,0,0,4,4,8,4,19,19,16,0,0,0,0
org.jfree.chart.plot.DatasetRenderingOrder,2,4,3,10,6.2,3.2,4,4,5,5,13,5,2,3,2,39,16,26,15,1,12,2,8,1,0.202020202,0,1,0,2,1,0,0,0,0,13,13,0,0,0,0,0
org.jfree.data.general.DatasetUtilities,5.903846154,33,15,307,24.57692308,15.98076923,0,0,1,52,63,52,1,51,100,1280,831,964,579,1,65,52,11,1,0.163522013,3.634615385,35,189,0,0,92,38,232,92,127,78,72,380,16,12,1
org.jfree.chart.axis.DateAxis,3.098039216,25,19,158,19.47058824,14.05882353,82,12,48,51,180,51,12,39,80,1044,717,692,443,3,171,38,129,3,0.351029252,7.921568627,31,404,8,7,639,250,1855,543,293,261,171,37,239,23,0
org.jfree.data.time.DateRange,1,1,9,9,3.666666667,1.666666667,6,3,9,9,34,9,0,9,5,38,15,27,13,2,36,8,25,2,0.54368471,0.444444444,1,4,0,0,8,4,20,0,35,35,5,0,0,0,0
org.jfree.chart.axis.DateTick,1.6,4,4,8,6,2.6,8,1,5,5,23,5,0,5,12,33,13,20,12,3,25,3,18,3,0.220833333,0.8,4,4,1,1,12,3,28,3,27,25,9,0,0,0,0
org.jfree.chart.axis.DateTickMarkPosition,2.5,4,2,10,7.75,4.25,5,5,4,4,13,4,2,2,2,41,17,27,16,1,13,2,9,1,0.171717172,0,1,0,3,1,0,0,0,0,13,13,0,0,0,0,0
org.jfree.chart.axis.DateTickUnit,1.944444444,8,14,35,7.222222222,4,9,6,16,18,31,18,2,16,21,138,72,93,64,2,30,14,13,2,0.452505447,1.222222222,4,22,3,2,27,15,130,23,36,36,25,11,58,26,0
org.jfree.chart.axis.DateTickUnitType,3,8,3,15,9.4,5.4,9,9,5,5,14,5,2,3,3,67,27,42,26,1,14,3,9,1,0.185606061,0,1,0,7,1,0,0,0,0,14,14,0,67,0,0,0
org.jfree.chart.title.DateTitle,1,1,5,5,4.8,2,33,1,5,5,92,5,0,5,15,27,10,12,5,4,97,5,87,4,0.222222222,1.2,4,6,0,0,10,2,31,0,180,134,11,0,0,0,0
org.jfree.data.time.Day,1.545454545,4,15,34,6.590909091,3.681818182,8,8,21,22,36,22,0,22,15,159,81,110,60,2,28,11,14,2,0.380673401,0.909090909,3,20,5,2,27,18,23,27,57,48,18,0,0,0,0
org.jfree.chart.editor.DefaultAxisEditor,1.588235294,4,10,27,10.47058824,7.823529412,15,15,16,17,28,17,2,15,4,197,133,136,92,2,32,17,11,2,0.209876543,2,10,34,15,8,61,34,218,61,75,55,28,1,1,0,0
org.jfree.data.statistics.DefaultBoxAndWhiskerCategoryDataset,1.840909091,10,22,81,8.045454545,5.113636364,10,7,44,44,62,44,1,43,62,364,225,255,149,2,63,42,18,2,0.250387597,1.659090909,10,73,1,1,138,73,591,123,118,96,31,0,7,0,0
org.jfree.data.statistics.DefaultBoxAndWhiskerXYDataset,1.777777778,6,13,48,7,4.037037037,13,8,27,27,53,27,0,27,37,200,109,137,79,4,54,23,26,4,0.3,0.703703704,11,19,3,2,24,19,56,21,69,69,19,0,1,0,0
org.jfree.data.category.DefaultCategoryDataset,1.5,10,24,45,5.6,2.8,6,2,30,30,50,30,0,30,39,174,84,121,70,3,53,27,20,3,0.284549689,1.433333333,7,43,1,1,77,40,255,56,93,78,7,44,18,0,0
org.jfree.chart.renderer.category.DefaultCategoryItemRenderer,0,0,0,0,0,0,85,1,0,0,257,0,0,0,0,4,0,2,0,4,262,0,257,4,0,0,0,0,0,0,0,0,0,0,447,365,0,0,0,0,0
org.jfree.chart.editor.DefaultChartEditor,1.25,2,6,10,13.625,11.25,5,5,8,8,19,8,1,7,3,118,90,91,66,2,22,8,11,2,0.197530864,1.875,9,15,5,5,24,15,307,24,157,33,17,1,1,0,0
org.jfree.chart.editor.DefaultChartEditorFactory,1,1,2,2,2.5,0.5,0,0,2,2,13,2,0,2,1,7,1,4,1,1,15,2,11,1,0.111111111,0.5,3,1,0,0,2,1,63,2,81,14,1,0,0,0,0
org.jfree.chart.plot.DefaultDrawingSupplier,2.588235294,13,13,44,12.94117647,8.823529412,19,19,14,17,26,17,5,12,23,250,150,198,127,1,26,15,9,1,0.216856061,0.647058824,5,11,12,3,28,11,371,28,40,33,41,0,0,0,0
org.jfree.data.general.DefaultHeatMapDataset,2.133333333,10,12,32,7.333333333,4.133333333,10,7,15,15,33,15,0,15,20,120,62,85,57,2,34,13,18,2,0.23968254,0.266666667,6,4,0,0,8,4,40,5,38,38,0,120,0,0,0
org.jfree.data.xy.DefaultHighLowDataset,1.791666667,10,15,43,6.375,3.458333333,13,8,23,24,51,24,0,24,46,165,83,118,72,4,53,21,27,4,0.287878788,0.083333333,6,2,1,1,4,2,5,0,55,55,3,27,4,0,0
org.jfree.data.category.DefaultIntervalCategoryDataset,2.6875,9,9,86,10.875,6.78125,8,4,30,32,53,32,3,29,44,355,217,226,156,3,53,28,21,3,0.294712644,0.4375,11,14,0,0,27,14,56,18,62,61,3,1,5,0,0
org.jfree.data.xy.DefaultIntervalXYDataset,1.9,11,15,38,8.75,5.7,7,2,20,20,43,20,0,20,29,180,114,135,71,5,38,9,23,5,0.539661319,0.15,8,3,2,1,5,3,16,0,48,48,2,0,2,0,0
org.jfree.data.DefaultKeyedValue,2,6,5,16,5.75,3,3,3,8,8,15,8,0,8,4,52,24,36,21,1,13,4,7,1,0.254545455,0,5,0,0,0,0,0,0,0,15,15,0,0,0,0,0
org.jfree.data.general.DefaultKeyedValueDataset,2,7,5,20,6.3,3.3,5,2,10,10,27,10,0,10,7,68,33,46,29,2,27,7,17,2,0.244444444,1.5,7,15,0,0,15,6,38,12,32,32,0,0,1,0,0
org.jfree.data.DefaultKeyedValues,2.090909091,9,12,46,8.318181818,5.136363636,4,4,22,22,30,22,1,21,23,190,113,144,90,1,29,19,8,1,0.249242424,0.681818182,11,15,3,2,20,10,40,20,35,35,12,0,0,0,0
org.jfree.data.DefaultKeyedValues2D,2.695652174,13,14,62,10.60869565,6.47826087,5,5,23,23,31,23,0,23,22,252,149,180,119,1,30,20,8,1,0.24963925,1.043478261,8,24,3,1,37,19,114,37,42,40,11,0,0,0,0
org.jfree.data.general.DefaultKeyedValues2DDataset,0,0,0,0,0,0,7,1,0,0,50,0,0,0,0,4,0,2,0,4,55,0,50,4,0,0,0,0,0,0,0,0,0,0,93,78,0,0,0,0,0
org.jfree.data.general.DefaultKeyedValuesDataset,0,0,0,0,0,0,7,1,0,0,44,0,0,0,0,4,0,2,0,4,49,0,44,4,0,0,0,0,0,0,0,0,0,0,77,68,0,0,0,0,0
org.jfree.data.statistics.DefaultMultiValueCategoryDataset,2.315789474,13,12,44,8.684210526,5.210526316,7,4,19,19,37,19,0,19,19,172,99,126,77,2,38,17,18,2,0.243209877,1.052631579,9,20,2,2,41,20,183,38,68,55,13,0,1,0,0
org.jfree.chart.editor.DefaultNumberAxisEditor,2.153846154,6,5,28,11.76923077,8.076923077,25,10,13,13,37,13,2,11,7,168,105,116,83,3,39,11,24,3,0.254807692,1.461538462,11,19,7,5,35,19,133,28,98,65,16,1,19,8,0
org.jfree.data.xy.DefaultOHLCDataset,1.45,5,14,29,5.1,2.65,7,2,20,20,46,20,0,20,31,107,53,76,41,4,47,16,26,4,0.295424837,0.4,7,8,1,1,8,8,18,7,57,57,3,0,0,0,0
org.jfree.data.pie.DefaultPieDataset,1.666666667,9,16,40,6.375,3.666666667,6,2,24,24,44,24,0,24,25,159,88,118,64,3,47,21,20,3,0.282114625,2.333333333,11,56,1,1,91,43,201,74,77,68,17,159,0,0,0
org.jfree.chart.editor.DefaultPlotEditor,4.2,22,7,63,20.2,14.86666667,17,17,15,15,26,15,6,9,3,324,223,228,159,2,29,15,11,2,0.208333333,4,18,60,12,8,89,57,236,89,131,66,42,2,45,23,0
org.jfree.chart.renderer.DefaultPolarItemRenderer,2,4,5,24,12.16666667,8,59,2,12,12,173,12,0,12,21,151,96,104,49,2,173,9,161,2,0.206097561,3.75,20,45,2,2,80,40,441,65,260,226,37,0,0,0,0
org.jfree.chart.util.DefaultShadowGenerator,2.230769231,9,10,29,10.61538462,7.230769231,5,5,13,13,22,13,1,12,8,145,94,123,75,1,22,11,9,1,0.213383838,0.384615385,3,5,1,1,15,5,13,15,25,25,8,145,0,0,0
org.jfree.data.statistics.DefaultStatisticalCategoryDataset,2.275862069,14,18,66,11.10344828,7.413793103,16,13,29,29,47,29,1,28,34,338,215,226,158,2,48,27,18,2,0.247619048,1.517241379,8,44,1,1,83,44,330,68,91,76,11,0,7,0,0
org.jfree.data.xy.DefaultTableXYDataset,2.083333333,8,20,75,7.472222222,4.416666667,10,5,36,36,64,36,2,34,30,278,159,209,138,5,64,30,28,5,0.383196289,1.333333333,13,48,3,3,94,48,275,73,129,97,21,0,12,2,0
org.jfree.chart.editor.DefaultTitleEditor,1.9,4,5,19,12.3,9.4,9,9,10,10,21,10,2,8,3,136,94,94,60,2,24,10,11,2,0.202020202,1.9,9,19,8,6,30,19,107,30,55,38,22,1,1,0,0
org.jfree.data.general.DefaultValueDataset,1.428571429,3,5,10,4.285714286,2,5,2,7,7,25,7,0,7,4,35,14,24,13,2,26,5,18,2,0.218518519,0.571428571,4,4,0,0,6,3,14,3,28,28,0,0,1,0,0
org.jfree.data.xy.DefaultWindDataset,2.076923077,8,8,27,8.461538462,5.153846154,7,2,12,13,40,13,0,13,17,115,67,84,47,4,42,10,27,4,0.275757576,0.307692308,8,4,2,1,7,4,10,7,48,48,14,0,0,0,0
org.jfree.data.xy.DefaultXYDataset,2,7,9,30,8.266666667,5.133333333,7,2,15,15,36,15,0,15,15,129,77,96,57,4,32,6,21,4,0.476719577,0.266666667,9,4,2,1,5,3,8,0,39,39,3,0,2,0,0
org.jfree.chart.renderer.xy.DefaultXYItemRenderer,0,0,0,0,0,0,83,1,0,0,261,0,0,0,0,4,0,2,0,4,266,0,261,4,0,0,0,0,0,0,0,0,0,0,444,375,0,0,0,0,0
org.jfree.data.xy.DefaultXYZDataset,1.941176471,8,11,33,8.235294118,5.176470588,7,2,17,17,38,17,0,17,19,145,88,108,62,5,34,7,21,5,0.517249104,0.235294118,9,4,2,1,5,3,8,0,41,41,3,0,2,0,0
org.jfree.chart.renderer.xy.DeviationRenderer,2.333333333,13,9,28,10.75,7.083333333,83,1,12,12,265,12,2,10,24,141,85,103,64,4,262,4,253,4,0.515217114,3.5,15,42,0,0,69,22,221,23,448,376,20,1,11,13,0
org.jfree.chart.plot.dial.DialBackground,1.615384615,5,8,21,6,3.230769231,5,3,13,13,28,13,2,11,10,84,42,57,37,2,28,10,15,2,0.368686869,0.923076923,10,12,1,1,22,11,121,15,40,36,11,0,0,0,0
org.jfree.chart.plot.dial.DialCap,1.625,7,11,26,6.6875,3.9375,7,5,16,16,31,16,2,14,11,115,63,82,56,2,31,13,15,2,0.373015873,1.3125,9,21,3,2,48,21,280,37,44,41,17,0,0,0,0
org.jfree.chart.plot.dial.DialLayerChangeEvent,1,1,2,2,3.5,1.5,3,1,2,2,20,2,0,2,1,10,3,7,3,3,24,2,18,3,0.166666667,0.5,1,1,0,0,2,1,2,0,20,20,0,0,0,0,0
org.jfree.chart.plot.dial.DialPlot,2.12195122,12,21,87,8.658536585,5.365853659,42,12,40,41,111,41,3,38,41,369,220,269,180,2,110,37,70,2,0.234392287,1.731707317,24,71,5,2,64,39,157,49,176,137,34,1,1,0,0
org.jfree.chart.plot.dial.DialPointer,1.4,5,9,14,4.8,2.4,4,2,10,10,25,10,2,8,4,257,24,190,117,2,27,7,15,2,0.361111111,0.7,3,7,0,0,14,7,40,7,31,29,0,0,0,0,0
org.jfree.chart.plot.DialShape,2.2,4,3,11,6.8,3.6,5,5,5,5,13,5,2,3,2,41,18,29,17,1,12,2,8,1,0.202020202,0,1,0,3,1,0,0,0,0,13,13,0,0,0,0,0
org.jfree.chart.plot.dial.DialTextAnnotation,1.7,9,13,34,6.75,3.95,9,7,20,20,35,20,2,18,14,145,79,104,70,2,35,17,15,2,0.37654321,1.15,12,23,3,3,50,22,197,35,51,46,18,0,0,0,0
org.jfree.chart.plot.dial.DialValueIndicator,1.775,17,26,71,7.425,4.575,18,16,40,40,55,40,3,37,26,316,183,233,155,2,55,37,15,2,0.383040936,1.625,18,65,10,7,151,62,700,118,93,77,46,42,5,0,0
org.jfree.chart.servlet.DisplayChart,3.666666667,9,2,11,15.66666667,10,0,0,3,3,14,3,0,3,2,49,30,31,20,2,17,3,11,2,0.166666667,1.333333333,4,4,0,0,10,4,28,10,19,18,5,0,0,0,0
org.jfree.data.DomainOrder,2.2,4,3,11,6.8,3.6,5,5,5,5,13,5,2,3,2,43,18,29,17,1,12,2,8,1,0.202020202,0,1,0,3,1,0,0,0,0,13,13,0,0,0,0,0
org.jfree.chart.imagemap.DynamicDriveToolTipTagFragmentGenerator,1,1,3,3,4.333333333,2.333333333,2,2,3,3,14,3,0,3,3,18,7,10,4,1,16,3,11,1,0.125,0.666666667,2,2,0,0,4,2,52,4,15,15,0,0,2,0,0
org.jfree.data.time.DynamicTimeSeriesCollection,2.095238095,9,26,88,8.142857143,4.833333333,27,22,42,42,73,42,6,36,53,385,203,285,178,5,76,39,31,5,0.411356209,0.761904762,15,32,5,4,69,32,95,67,89,87,21,0,0,0,0
org.jfree.chart.block.EmptyBlock,1,1,5,5,4,2,9,1,5,5,44,5,0,5,9,24,10,16,8,2,45,3,39,2,0.349593496,2.2,3,11,0,0,21,11,83,5,84,67,8,0,0,0,0
org.jfree.chart.encoders.EncoderUtil,1,1,8,8,6,2,0,0,0,8,19,8,0,8,28,50,16,25,8,1,21,8,11,1,0.148148148,2,3,16,0,0,26,8,56,26,23,23,12,0,0,0,0
org.jfree.chart.axis.ExtendedCategoryAxis,2,6,7,22,7.545454545,4.363636364,59,4,11,11,122,11,3,8,12,89,48,61,39,3,123,8,111,3,0.230994152,1.818181818,12,20,3,3,39,16,179,25,227,181,15,0,0,0,0
org.jfree.chart.ui.ExtensionFileFilter,1.666666667,3,2,5,6.333333333,3.333333333,2,2,3,3,14,3,0,3,3,23,10,15,8,2,17,3,11,2,0.166666667,0,1,0,0,0,0,0,0,0,14,14,1,0,0,0,0
org.jfree.chart.plot.FastScatterPlot,2.163265306,16,25,106,8.93877551,5.428571429,48,18,49,49,119,49,6,43,64,463,266,319,210,2,118,45,70,2,0.235409322,2.12244898,24,104,12,5,207,93,720,185,258,166,82,46,8,0,0
org.jfree.data.time.FixedMillisecond,1.411764706,5,13,24,5.235294118,2.470588235,2,2,17,17,30,17,0,17,8,94,42,60,32,2,21,5,13,2,0.400740741,0,1,0,0,0,0,0,0,0,32,32,8,0,0,0,0
org.jfree.chart.block.FlowArrangement,3.285714286,13,6,46,15.42857143,10.07142857,5,5,14,14,24,14,8,6,33,223,141,138,89,1,25,13,10,1,0.185064935,5.428571429,10,76,2,2,45,31,84,45,39,38,54,0,0,0,0
org.jfree.chart.ui.FontChooserPanel,2.5,6,3,15,15,11.16666667,6,6,6,6,17,6,0,6,2,101,67,75,48,2,20,6,11,2,0.19047619,0,4,0,5,3,0,0,0,0,17,17,12,1,1,0,0
org.jfree.chart.ui.FontDisplayField,1.25,2,3,5,5,2.5,2,2,4,4,15,4,1,3,3,26,10,16,9,2,18,4,11,2,0.177777778,0,2,0,2,2,0,0,0,0,15,15,6,1,1,0,0
org.jfree.chart.text.G2TextMeasurer,1,1,2,2,5,3,1,1,2,2,13,2,0,2,4,13,6,9,2,1,15,2,11,1,0.111111111,0.5,2,1,1,1,4,1,12,4,14,14,4,0,0,0,0
org.jfree.chart.renderer.category.GanttRenderer,3.5625,18,10,57,19.6875,14.3125,97,5,16,16,280,16,4,12,44,323,229,204,128,5,283,13,264,5,0.372792937,6.25,22,100,2,1,191,67,447,77,494,402,43,1,31,16,0
org.jfree.chart.renderer.category.GradientBarPainter,3.444444444,9,5,31,21.88888889,16.44444444,3,3,9,9,18,9,3,6,32,202,148,139,98,1,18,7,9,1,0.206439394,2.111111111,6,19,0,0,29,11,46,29,52,26,30,2,7,0,0
org.jfree.chart.util.GradientPaintTransformType,2.4,5,3,12,7.6,4.2,6,6,5,5,13,5,2,3,2,53,21,33,19,1,12,2,8,1,0.202020202,0,1,0,4,1,0,0,0,0,13,13,0,0,0,0,0
org.jfree.chart.renderer.xy.GradientXYBarPainter,3.444444444,9,5,31,21.77777778,16.33333333,3,3,9,9,18,9,3,6,32,201,147,139,98,1,18,7,9,1,0.206439394,2,6,18,0,0,28,10,44,28,51,25,30,1,9,0,0
org.jfree.chart.renderer.GrayPaintScale,1.7,6,8,17,6.4,3.7,3,3,10,10,18,10,0,10,7,70,37,48,30,1,17,7,8,1,0.236742424,0.2,4,2,0,0,6,2,6,6,19,19,1,22,1,0,0
org.jfree.chart.block.GridArrangement,3.642857143,13,3,51,16.42857143,10.64285714,3,3,14,14,24,14,9,5,34,235,149,165,84,1,25,13,10,1,0.185064935,6.857142857,8,96,0,0,109,76,249,109,42,41,70,99,21,2,0
org.jfree.chart.renderer.category.GroupedStackedBarRenderer,4.571428571,13,1,32,28,19,95,2,7,7,272,7,2,5,25,201,133,115,64,5,273,2,265,5,0.458024691,9.571428571,21,67,1,1,110,51,293,68,487,395,24,4,10,6,0
org.jfree.chart.util.HashUtilities,1.9,3,3,19,5.9,3.3,0,0,0,10,21,10,0,10,18,61,33,46,25,1,23,10,11,1,0.151515152,0,3,0,0,0,0,0,0,0,21,21,4,0,0,0,0
org.jfree.data.general.HeatMapUtilities,3,5,0,9,14.33333333,9.333333333,0,0,0,3,14,3,0,3,8,45,28,39,19,1,16,3,11,1,0.125,5.333333333,7,16,0,0,14,6,26,14,50,17,8,45,0,0,0
org.jfree.chart.util.HexNumberFormat,1.285714286,3,6,9,4.571428571,2.142857143,5,5,7,7,18,7,0,7,10,39,15,30,13,2,21,7,11,2,0.194444444,0,4,0,0,0,0,0,0,0,18,18,3,0,0,0,0
org.jfree.chart.labels.HighLowItemLabelGenerator,3,7,3,21,12.14285714,7.857142857,3,3,7,7,15,7,0,7,9,91,55,60,38,1,14,4,8,1,0.224242424,1.142857143,8,8,2,2,6,2,6,6,16,16,5,0,0,0,0
org.jfree.chart.renderer.xy.HighLowRenderer,2.823529412,23,14,48,12.05882353,7.764705882,76,6,17,17,238,17,2,15,20,214,132,138,89,3,239,14,221,3,0.34890873,3.117647059,19,53,2,1,89,37,306,63,412,350,20,1,9,8,0
org.jfree.data.statistics.HistogramBin,1.5,4,6,12,5.375,2.875,4,4,8,8,17,8,0,8,3,49,23,35,18,1,17,6,9,1,0.203463203,0,2,0,0,0,0,0,0,0,17,17,0,0,0,0,0
org.jfree.data.statistics.HistogramDataset,2.142857143,10,14,45,8.80952381,5.285714286,8,3,21,21,51,21,4,17,29,192,111,143,82,5,53,17,30,5,0.301561365,0.857142857,12,18,2,2,23,14,56,20,62,62,21,0,1,0,0
org.jfree.data.statistics.HistogramType,2.4,5,3,12,7.4,4,5,5,5,5,13,5,2,3,2,47,20,31,19,1,12,2,8,1,0.202020202,0,1,0,3,1,0,0,0,0,13,13,0,0,0,0,0
org.jfree.chart.util.HorizontalAlignment,2.2,4,3,11,7,3.8,5,5,5,5,13,5,2,3,2,45,19,30,17,1,12,2,8,1,0.202020202,0,1,0,3,1,0,0,0,0,13,13,0,0,0,0,0
org.jfree.data.time.Hour,1.695652174,5,16,39,7.217391304,4.173913043,7,7,22,23,37,23,0,23,15,175,96,122,71,2,29,12,14,2,0.382097902,0.782608696,5,18,1,1,28,18,96,28,71,53,15,0,0,0,0
org.jfree.chart.encoders.ImageEncoderFactory,1.5,3,4,9,9,5.666666667,1,1,0,6,17,6,1,5,12,60,34,37,23,1,19,6,11,1,0.142857143,0.666666667,7,4,1,1,0,0,0,0,17,17,1,0,0,0,0
org.jfree.chart.imagemap.ImageMapUtilities,3.571428571,9,3,25,16.71428571,10.42857143,0,0,0,7,18,7,0,7,20,119,73,71,48,1,20,7,11,1,0.145833333,2.142857143,12,15,0,0,17,13,52,17,30,26,9,23,3,3,0
org.jfree.chart.title.ImageTitle,2.454545455,6,5,27,13.18181818,8.909090909,20,1,11,11,66,11,2,9,25,148,98,95,59,3,67,8,55,3,0.350574713,4.636363636,10,51,1,1,63,34,173,35,114,96,32,0,0,0,0
org.jfree.chart.renderer.category.IntervalBarRenderer,4,13,2,20,23,16.2,92,1,5,5,267,5,1,4,23,118,81,72,42,4,270,2,262,4,0.292662474,8.6,16,43,0,0,84,34,286,32,474,384,18,2,30,6,0
org.jfree.chart.labels.IntervalCategoryItemLabelGenerator,2.25,6,3,9,9.5,5.5,10,2,4,4,29,4,1,3,7,46,22,29,17,3,32,3,25,3,0.533653846,4.25,6,17,0,0,16,12,24,0,35,33,2,0,0,0,0
org.jfree.chart.labels.IntervalCategoryToolTipGenerator,2.4,6,3,12,9.4,5.4,10,2,5,5,28,5,1,4,8,53,27,35,22,3,30,3,23,3,0.380833333,3.6,6,18,0,0,18,13,32,0,35,32,2,0,0,0,0
org.jfree.chart.plot.IntervalMarker,1.545454545,7,10,17,5.909090909,3,18,4,11,11,51,11,0,11,16,71,33,47,30,2,52,9,40,2,0.215873016,1.090909091,5,12,0,0,26,11,124,9,61,56,5,0,0,0,0
org.jfree.data.xy.IntervalXYDelegate,1.863636364,6,8,41,7.136363636,4.227272727,6,6,22,22,30,22,2,20,20,166,93,119,69,1,29,19,8,1,0.249242424,0.772727273,11,17,0,0,19,9,37,19,37,36,5,7,0,0,0
org.jfree.chart.labels.IntervalXYItemLabelGenerator,2.222222222,10,7,20,11.77777778,7.222222222,8,1,9,9,30,9,1,8,19,111,65,66,43,2,30,6,21,2,0.343253968,2.666666667,6,24,0,0,30,14,87,0,36,35,12,0,0,0,0
org.jfree.data.xml.ItemHandler,1.571428571,3,5,11,7.142857143,3.714285714,4,4,7,7,18,7,0,7,11,56,26,35,19,2,21,7,11,2,0.194444444,1.428571429,8,10,2,2,18,8,20,18,39,24,7,0,0,0,0
org.jfree.chart.labels.ItemLabelAnchor,8,26,2,32,24.5,15.5,27,27,4,4,13,4,2,2,2,152,62,94,60,1,13,2,9,1,0.171717172,0,1,0,25,1,0,0,0,0,13,13,0,0,0,0,0
org.jfree.chart.labels.ItemLabelPosition,2.125,7,6,17,7.75,4.125,5,5,8,8,18,8,0,8,7,69,33,44,29,1,19,7,10,1,0.176136364,0.875,3,7,3,2,6,3,36,6,21,20,11,0,0,0,0
org.jfree.data.jdbc.JDBCCategoryDataset,5,28,5,35,17.71428571,11.28571429,9,3,7,7,57,7,0,7,14,129,79,67,42,4,62,7,50,4,0.233333333,1.285714286,11,9,1,1,29,9,25,0,100,85,8,0,1,0,0
org.jfree.data.jdbc.JDBCPieDataset,4,17,3,24,15.33333333,10.33333333,8,2,6,6,50,6,0,6,13,96,62,52,35,4,55,6,44,4,0.228571429,0.5,10,3,1,1,8,3,6,0,83,74,8,0,1,0,0
org.jfree.data.jdbc.JDBCXYDataset,3.888888889,51,15,70,12.77777778,8.5,11,6,18,18,46,18,1,17,24,239,153,149,100,4,49,16,28,4,0.273202614,0.111111111,13,2,2,2,5,2,10,3,51,51,16,0,1,0,0
org.jfree.chart.JFreeChart,2.271428571,16,41,159,9.614285714,6.014285714,22,22,69,70,79,70,6,64,76,702,421,475,326,1,79,68,9,1,0.224857268,1.714285714,47,120,15,11,180,78,527,180,165,125,109,14,3,4,0
org.jfree.chart.entity.JFreeChartEntity,1.7,7,8,17,6.3,3.4,6,2,10,10,29,10,2,8,12,67,34,47,31,2,28,6,19,2,0.498447205,2,9,20,1,1,36,20,267,19,39,37,10,67,0,0,0
org.jfree.chart.JFreeChart,2,3,1,4,64,60,10,0,2,2,40,2,0,2,0,129,120,21,13,4,44,1,38,4,0.141880342,52.5,6,105,0,0,302,105,312,289,56,54,5,14,3,4,0
org.jfree.chart.resources.JFreeChartResources,1,1,1,1,3,1,1,1,1,1,12,1,0,1,0,12,1,4,1,2,15,1,11,2,0.111111111,0,0,0,0,0,0,0,0,0,12,12,0,0,0,0,0
org.jfree.data.xml.KeyHandler,1.5,2,3,9,6.833333333,3.166666667,3,3,6,6,17,6,2,4,12,46,19,25,15,2,20,6,11,2,0.19047619,1,5,6,2,2,8,4,10,8,21,21,5,0,0,0,0
org.jfree.data.KeyToGroupMap,3.333333333,8,3,40,12.66666667,7.833333333,4,4,10,12,21,12,2,10,12,158,94,105,69,1,21,10,9,1,0.212121212,0.083333333,8,1,2,2,3,1,9,3,22,22,12,0,0,0,0
org.jfree.data.KeyedObject,1.833333333,5,4,11,6.166666667,3.333333333,3,3,6,6,15,6,0,6,4,42,20,30,17,1,15,4,9,1,0.193939394,0.5,3,3,0,0,6,2,18,6,16,16,0,0,0,0,0
org.jfree.data.KeyedObjectComparator,4.25,13,2,17,16.25,10,2,2,4,4,15,4,0,4,4,69,40,44,31,1,17,4,11,1,0.133333333,4,5,16,2,2,14,10,60,14,19,18,8,69,0,0,0
org.jfree.data.KeyedObjectComparatorType,1.75,4,3,7,5.5,2.75,3,3,4,4,12,4,1,3,2,29,11,19,10,1,11,1,8,1,0.174242424,0,1,0,2,1,0,0,0,0,12,12,0,29,0,0,0
org.jfree.data.KeyedObjects,2.277777778,9,7,41,8.722222222,5.333333333,2,2,18,18,26,18,0,18,16,161,96,112,62,1,25,15,8,1,0.247159091,0.777777778,9,14,1,1,23,12,41,23,33,33,18,10,0,0,0
org.jfree.data.KeyedObjects2D,2.818181818,12,12,62,11.18181818,7.045454545,4,4,22,22,30,22,0,22,21,252,155,182,118,1,29,19,8,1,0.249242424,0.954545455,6,21,3,1,40,21,141,40,44,39,13,0,0,0,0
org.jfree.data.KeyedValueComparator,4.75,15,2,19,19.25,11.75,2,2,4,4,15,4,0,4,4,81,47,50,36,1,17,4,11,1,0.133333333,4,7,16,2,2,8,4,48,8,17,16,6,0,0,0,0
org.jfree.data.KeyedValueComparatorType,1.75,4,3,7,5.5,2.75,3,3,4,4,12,4,1,3,2,29,11,19,10,1,11,1,8,1,0.174242424,0,1,0,2,1,0,0,0,0,12,12,0,0,0,0,0
org.jfree.chart.ui.LCBLayout,3.5,11,5,28,15.25,10.375,7,7,8,8,19,8,0,8,10,131,83,112,56,1,21,8,11,1,0.148148148,0,1,0,0,0,0,0,0,0,19,19,20,0,0,0,0
org.jfree.chart.block.LabelBlock,1.681818182,9,17,37,6.590909091,3.863636364,18,10,22,22,60,22,2,20,22,158,85,114,73,2,60,19,38,2,0.346612466,1.454545455,17,32,6,5,71,29,346,55,136,98,32,26,2,0,0
org.jfree.chart.util.Layer,2,4,3,10,6.4,3.4,4,4,5,5,13,5,2,3,2,38,17,27,15,1,12,2,8,1,0.202020202,0,1,0,2,1,0,0,0,0,13,13,0,0,0,0,0
org.jfree.chart.renderer.category.LayeredBarRenderer,6.714285714,17,2,47,35.14285714,25,93,2,7,7,270,7,3,4,38,250,175,164,95,4,273,5,263,4,0.558071279,10.85714286,16,76,1,1,156,63,265,69,475,389,35,0,40,18,0
org.jfree.chart.title.LegendGraphic,2.026315789,16,30,77,7.526315789,4.473684211,23,15,38,38,75,38,3,35,27,304,170,213,145,2,74,34,37,2,0.331726674,1.684210526,15,64,9,4,122,49,904,99,137,112,51,0,0,0,0
org.jfree.chart.LegendItem,1.767857143,22,45,99,7.571428571,4.285714286,26,26,56,56,65,56,3,53,97,452,240,290,197,1,65,54,9,1,0.224242424,0.607142857,14,34,12,5,83,32,850,83,87,79,70,30,0,0,0
org.jfree.chart.title.LegendItemBlockContainer,1.25,3,7,10,5.5,3.125,15,4,8,8,59,8,0,8,8,50,25,37,20,3,62,7,51,3,0.225160256,1.5,10,12,0,0,20,10,57,14,114,89,4,0,0,0,0
org.jfree.chart.LegendItemCollection,1.375,4,7,11,4.5,2.125,2,2,8,8,17,8,0,8,4,40,17,28,15,1,17,6,9,1,0.203463203,0.125,4,1,1,1,2,1,17,2,19,18,4,0,0,0,0
org.jfree.chart.entity.LegendItemEntity,1.5,5,7,12,4.75,2.25,7,3,8,8,28,8,0,8,4,44,18,29,16,2,28,5,20,2,0.339774557,0.625,5,5,0,0,11,5,40,6,34,34,1,0,0,0,0
org.jfree.chart.LegendRenderingOrder,2.25,4,2,9,7,3.75,4,4,4,4,13,4,2,2,2,36,15,24,14,1,13,2,9,1,0.171717172,0,1,0,2,1,0,0,0,0,13,13,0,0,0,0,0
org.jfree.chart.title.LegendTitle,2,12,19,62,8.612903226,5.516129032,35,16,31,31,86,31,4,27,25,287,171,217,145,3,87,28,55,3,0.369731801,3.387096774,28,105,12,6,176,94,514,144,207,169,58,15,1,0,0
org.jfree.chart.util.LengthAdjustmentType,2.2,4,3,11,6.8,3.6,5,5,5,5,13,5,2,3,2,44,18,29,17,1,12,2,8,1,0.202020202,0,1,0,3,1,0,0,0,0,13,13,0,0,0,0,0
org.jfree.chart.block.LengthConstraintType,2.2,4,3,11,6.8,3.6,5,5,5,5,13,5,2,3,2,44,18,29,17,1,12,2,8,1,0.202020202,0,1,0,3,1,0,0,0,0,13,13,0,0,0,0,0
org.jfree.chart.renderer.category.LevelRenderer,2.538461538,8,8,33,14.76923077,9.769230769,76,4,13,13,235,13,3,10,40,199,127,121,69,3,235,9,222,3,0.314233038,4.615384615,19,60,0,0,120,51,280,57,427,346,31,17,16,1,0
org.jfree.chart.ui.Library,1.416666667,5,10,17,4.083333333,1.833333333,4,4,12,12,21,12,5,7,9,55,22,38,20,1,24,10,9,1,0.212121212,0,1,0,0,0,0,0,0,0,21,21,0,0,0,0,0
org.jfree.chart.ui.Licences,1.333333333,2,2,4,4,1.666666667,3,3,2,3,14,3,0,3,0,747,5,12,5,1,16,3,11,1,0.125,0,1,0,1,1,0,0,0,0,14,14,0,0,0,0,0
org.jfree.chart.renderer.category.LineAndShapeRenderer,2.285714286,24,28,80,10.05714286,6.485714286,84,12,35,35,257,35,0,35,45,367,227,237,153,3,260,31,222,3,0.414753872,3,22,105,3,1,228,89,527,100,447,365,21,7,23,0,0
org.jfree.chart.block.LineBorder,2.444444444,6,6,22,10.33333333,6.777777778,4,4,9,9,19,9,2,7,8,99,61,74,46,1,20,8,10,1,0.178451178,1.333333333,7,12,3,3,31,12,170,31,33,31,14,0,0,0,0
org.jfree.data.function.LineFunction2D,1.5,4,5,9,5.333333333,2.833333333,2,2,6,6,15,6,0,6,4,36,17,26,15,1,15,4,9,1,0.193939394,0.333333333,1,2,0,0,6,2,6,6,16,16,0,25,1,0,0
org.jfree.chart.needle.LineNeedle,1.75,3,2,7,6.75,3.75,10,1,4,4,33,4,1,3,5,31,15,21,12,2,32,0,29,2,0.04040404,1.25,2,5,0,0,8,5,53,0,43,36,5,0,0,0,0
org.jfree.chart.renderer.category.LineRenderer3D,2.8125,12,8,45,21.375,16.4375,91,7,16,16,268,16,2,14,37,352,263,260,153,4,268,11,252,4,0.450929529,4.5,21,72,2,1,143,60,414,84,465,378,58,0,12,6,0
org.jfree.chart.util.LineUtilities,13,13,0,13,67,53,0,0,0,1,12,1,0,1,2,69,53,47,33,1,14,1,11,1,0.083333333,0,0,0,0,0,0,0,0,0,12,12,2,69,0,0,0
org.jfree.chart.axis.LogAxis,2.363636364,7,14,78,13.27272727,9.151515152,75,5,32,33,165,33,9,24,53,445,302,319,174,3,159,23,132,3,0.329724178,4.818181818,21,159,2,2,279,138,745,196,247,223,78,25,9,28,0
org.jfree.chart.util.LogFormat,2.090909091,8,6,23,7.727272727,4.363636364,6,6,11,11,20,11,1,10,18,93,48,66,44,2,21,9,9,2,0.260606061,0,5,0,1,1,0,0,0,0,20,20,4,15,1,0,0
org.jfree.chart.axis.LogarithmicAxis,4.071428571,27,14,114,19.10714286,12.57142857,91,10,28,28,192,28,9,19,30,548,352,332,227,4,190,21,164,4,0.553904964,2.428571429,14,68,1,1,75,49,134,46,276,251,29,0,0,0,0
org.jfree.chart.needle.LongNeedle,2.4,6,3,12,14.6,11,10,1,5,5,34,5,1,4,5,77,55,62,42,2,33,1,29,2,0.151515152,3,1,15,0,0,14,12,59,0,44,37,9,0,0,0,0
org.jfree.chart.renderer.LookupPaintScale,2.636363636,10,7,29,9.727272727,5.818181818,5,5,11,11,20,11,2,9,9,161,64,111,72,1,20,9,9,1,0.210606061,0.727272727,7,8,2,2,11,4,69,11,25,24,10,0,1,0,0
org.jfree.chart.plot.Marker,1.8,15,23,63,6.485714286,3.657142857,14,14,35,35,44,35,5,30,25,243,128,177,124,1,47,33,9,1,0.222370766,1.028571429,14,36,11,8,80,32,383,80,57,53,40,0,0,0,0
org.jfree.chart.axis.MarkerAxisBand,2.571428571,9,3,18,16,11.71428571,8,8,7,7,16,7,1,6,18,122,82,77,44,1,16,5,9,1,0.199494949,2.428571429,12,17,3,3,28,15,90,28,31,28,21,0,0,0,0
org.jfree.chart.event.MarkerChangeEvent,1,1,2,2,3.5,1.5,3,1,2,2,20,2,0,2,1,10,3,7,3,3,24,2,18,3,0.166666667,0.5,1,1,1,1,2,1,2,0,20,20,3,0,0,0,0
org.jfree.data.xy.MatrixSeries,1.818181818,8,9,20,6,3.181818182,8,2,11,11,37,11,0,11,12,70,35,57,33,2,39,9,26,2,0.223809524,0.363636364,3,4,0,0,6,4,25,0,42,40,0,0,0,0,0
org.jfree.data.xy.MatrixSeriesCollection,1.6875,4,8,27,6.0625,3.4375,7,2,16,16,42,16,0,16,14,102,55,76,45,5,43,11,26,5,0.30839307,1.0625,10,17,1,1,32,17,61,23,60,56,11,0,4,0,0
org.jfree.data.statistics.MeanAndStandardDeviation,1.75,5,5,14,6,3.25,3,3,8,8,17,8,0,8,5,53,26,36,21,1,17,6,9,1,0.203463203,0.25,4,2,0,0,6,2,18,6,18,18,0,0,0,0,0
org.jfree.chart.plot.MeterInterval,1.9,8,8,19,7,3.9,6,6,10,10,20,10,2,8,10,78,39,56,38,1,21,9,10,1,0.18030303,1,7,10,4,3,26,10,198,26,28,27,15,0,0,0,0
org.jfree.chart.needle.MeterNeedle,1.576923077,10,20,41,5.692307692,3.076923077,9,9,26,26,35,26,4,22,28,161,80,113,72,1,44,24,9,1,0.220606061,0.730769231,6,19,5,3,53,19,269,53,47,45,34,0,0,0,0
org.jfree.chart.plot.MeterPlot,2.254545455,21,30,124,10.61818182,7.109090909,58,28,55,55,123,55,9,46,57,617,391,434,269,2,120,49,68,2,0.30036036,1.654545455,28,91,18,7,150,78,684,116,200,159,90,2,2,0,0
org.jfree.chart.needle.MiddlePinNeedle,2.25,4,2,9,11.25,7.5,10,1,4,4,33,4,1,3,5,49,30,36,22,2,32,0,29,2,0.04040404,1.25,2,5,0,0,8,5,53,0,43,36,6,0,0,0,0
org.jfree.data.time.Millisecond,1.944444444,8,14,35,8.333333333,5.055555556,9,9,18,18,33,18,0,18,17,161,91,113,66,2,26,8,15,2,0.330864198,1.222222222,3,22,1,1,37,22,90,36,84,52,14,0,0,0,0
org.jfree.chart.renderer.category.MinMaxCategoryRenderer,2.210526316,13,11,42,12.10526316,7.789473684,82,10,19,19,244,19,4,15,26,245,148,164,106,3,247,18,225,3,0.238317032,2.105263158,14,40,5,3,81,34,243,47,432,352,34,0,6,0,0
org.jfree.data.time.Minute,1.80952381,5,14,38,8.476190476,5.095238095,8,8,20,21,36,21,0,21,16,188,107,130,75,2,29,11,15,2,0.337037037,0.904761905,6,19,1,1,34,19,115,34,75,54,16,0,0,0,0
org.jfree.chart.axis.ModuloAxis,2.352941176,6,6,40,11.88235294,7.470588235,84,3,17,17,181,17,7,10,31,207,127,117,78,4,179,10,164,4,0.494164705,2.117647059,4,36,1,1,59,36,146,34,265,241,14,0,0,0,0
org.jfree.data.time.Month,2,8,15,48,8.708333333,5,5,5,21,24,38,24,2,22,19,216,120,147,99,2,30,13,14,2,0.383318903,0.541666667,5,13,0,0,22,9,92,22,52,49,20,8,6,4,0
org.jfree.chart.axis.MonthDateFormat,1.909090909,7,8,21,11.63636364,8.363636364,3,3,10,11,21,11,0,11,23,133,92,105,83,2,23,10,10,2,0.232323232,6.545454545,8,72,1,1,144,72,360,144,24,23,14,0,0,0,0
org.jfree.chart.MouseWheelHandler,2.4,5,3,12,9.8,6.4,2,2,5,5,16,5,1,4,5,53,32,40,21,1,18,5,11,1,0.138888889,2.8,7,14,1,1,16,12,33,16,33,27,11,53,0,0,0
org.jfree.data.time.MovingAverage,6.166666667,12,1,37,28,18.83333333,0,0,0,6,17,6,0,6,24,170,113,116,71,1,19,6,11,1,0.142857143,6.833333333,13,41,0,0,56,33,78,56,88,36,21,0,11,2,0
org.jfree.chart.plot.MultiplePiePlot,2.75,13,14,66,13.08333333,8.833333333,39,9,24,24,93,24,3,21,16,325,212,237,159,2,91,19,69,2,0.3003003,3.75,35,90,5,5,139,63,633,113,285,144,37,29,36,0,0
org.jfree.chart.labels.MultipleXYSeriesLabelGenerator,2.333333333,6,4,21,10.55555556,7,5,5,9,9,17,9,1,8,9,103,63,77,43,1,16,6,8,1,0.233766234,0.555555556,9,5,1,1,9,3,9,9,19,19,5,0,0,0,0
org.jfree.data.function.NormalDistributionFunction2D,1.666666667,4,4,10,6.333333333,3.666666667,4,4,6,6,15,6,0,6,4,44,22,33,19,1,15,4,9,1,0.193939394,0.333333333,3,2,0,0,6,2,6,6,16,16,0,25,4,0,0
org.jfree.data.xy.NormalizedMatrixSeries,1,1,6,6,4.333333333,2.333333333,11,3,6,6,40,6,0,6,8,31,14,24,10,3,41,3,34,3,0.325638138,1.166666667,3,7,0,0,19,7,28,0,47,45,0,0,0,0,0
org.jfree.chart.renderer.NotOutlierException,1,1,1,1,3,1,6,0,1,1,30,1,0,1,1,5,1,3,1,3,34,1,29,3,0.125,0,1,0,0,0,0,0,0,0,30,30,0,0,0,0,0
org.jfree.chart.axis.NumberAxis,2.921052632,17,19,111,19.76315789,14.86842105,81,11,34,38,171,38,11,27,47,765,565,583,410,3,171,29,133,3,0.262793427,14,25,532,5,4,1313,488,3116,1206,251,229,107,17,199,6,0
org.jfree.chart.axis.NumberAxis3D,2.666666667,6,2,8,15,10.66666667,82,1,3,3,173,3,0,3,7,48,32,34,15,4,177,2,170,4,0.513060429,5.333333333,9,16,0,0,30,10,171,5,258,232,12,0,0,1,0
org.jfree.chart.util.NumberCellRenderer,2,3,1,4,11.5,6.5,0,0,2,2,13,2,0,2,6,25,13,14,10,2,16,2,11,2,0.148148148,0,0,0,0,0,0,0,0,0,13,13,3,0,0,0,0
org.jfree.chart.axis.NumberTick,1,1,3,3,5,1.666666667,8,1,3,3,23,3,0,3,11,18,5,10,5,3,28,3,20,3,0.1875,0.666666667,5,2,0,0,13,2,7,0,26,25,5,0,0,0,0
org.jfree.chart.axis.NumberTickUnit,2,5,3,14,6.571428571,3.571428571,5,2,7,7,20,7,0,7,8,50,25,34,22,2,19,3,13,2,0.328431373,0.714285714,2,5,1,1,9,5,25,0,22,22,3,0,0,0,0
org.jfree.data.time.ohlc.OHLC,1.857142857,7,6,13,6.857142857,4,4,4,7,7,16,7,0,7,5,54,28,40,26,1,16,5,9,1,0.199494949,0.571428571,1,4,0,0,12,4,12,12,17,17,0,8,0,0,0
org.jfree.data.xy.OHLCDataItem,2,8,6,18,7.555555556,3.888888889,7,7,9,9,19,9,0,9,8,77,35,51,32,1,20,8,10,1,0.178451178,0,4,0,1,1,0,0,0,0,19,19,3,0,0,0,0
org.jfree.data.time.ohlc.OHLCItem,1.571428571,2,3,11,6.571428571,3.285714286,3,0,7,7,23,7,0,7,5,48,23,27,15,2,26,7,16,2,0.194444444,1.571428571,3,11,0,0,17,11,30,9,29,29,6,0,0,0,0
org.jfree.data.time.ohlc.OHLCSeries,1.4,3,4,7,4.8,2.2,10,0,5,5,48,5,0,5,9,26,11,16,8,3,50,3,43,3,0.202314815,1.6,5,8,0,0,20,8,60,8,64,62,6,3,1,0,0
org.jfree.data.time.ohlc.OHLCSeriesCollection,1.535714286,4,19,43,5.571428571,3,7,2,28,28,52,28,1,27,35,161,84,119,66,4,51,22,24,4,0.377294686,1.142857143,15,32,2,2,48,29,113,39,83,75,23,36,2,0,0
org.jfree.chart.util.ObjectList,1,1,5,5,2.8,0.8,5,0,5,5,21,5,0,5,5,16,4,10,4,2,21,2,16,2,0.200779727,0.8,0,4,0,0,9,4,29,0,27,27,0,0,0,0,0
org.jfree.chart.util.ObjectUtilities,2.842105263,7,5,54,11.57894737,6.684210526,4,4,1,19,30,19,3,16,34,227,127,135,85,1,32,19,11,1,0.158333333,0.105263158,14,2,0,0,3,1,23,3,31,31,16,0,0,0,0
org.jfree.chart.renderer.Outlier,1.545454545,5,9,17,5.545454545,2.909090909,2,2,11,11,20,11,0,11,8,65,32,42,24,1,20,9,9,1,0.210606061,0,2,0,1,1,0,0,0,0,20,20,5,0,0,0,0
org.jfree.chart.renderer.OutlierList,1.222222222,2,7,11,4.777777778,2.555555556,3,3,9,9,20,9,0,9,5,48,23,34,15,1,22,9,11,1,0.15,0.444444444,1,4,2,2,5,4,8,5,24,24,9,0,0,0,0
org.jfree.chart.renderer.OutlierListCollection,1.5,5,7,12,5.5,2.875,3,3,8,8,19,8,1,7,5,49,23,34,18,1,21,8,11,1,0.148148148,0.75,2,6,1,1,11,6,27,11,31,24,7,0,0,0,0
org.jfree.chart.imagemap.OverLIBToolTipTagFragmentGenerator,1,1,2,2,4,2,0,0,2,2,13,2,0,2,1,11,4,5,2,1,15,2,11,1,0.111111111,0.5,2,1,0,0,2,1,26,2,14,14,0,0,1,0,0
org.jfree.chart.event.OverlayChangeEvent,1,1,1,1,3,1,0,0,1,1,12,1,0,1,1,5,1,3,1,2,15,1,11,2,0.111111111,0,0,0,0,0,0,0,0,0,12,12,0,5,0,0,0
org.jfree.chart.util.PaintList,2.714285714,6,3,19,9.714285714,5.714285714,5,0,7,7,24,7,2,5,6,70,40,53,34,2,25,5,17,2,0.553606238,2,4,14,0,0,30,14,102,20,31,29,5,0,0,0,0
org.jfree.chart.util.PaintMap,2,6,4,18,7.777777778,4.666666667,2,2,9,9,18,9,2,7,7,74,42,56,30,1,18,7,9,1,0.206439394,0.333333333,6,3,1,1,8,3,66,8,22,21,13,74,0,0,0
org.jfree.chart.ui.PaintSample,1,1,5,5,5.6,3.6,2,2,5,5,16,5,0,5,3,32,18,26,10,2,19,5,11,2,0.185185185,0,1,0,2,2,0,0,0,0,16,16,11,0,0,0,0
org.jfree.chart.title.PaintScaleLegend,2.620689655,15,17,76,12.24137931,8.482758621,30,11,29,29,84,29,3,26,26,369,246,253,172,3,85,26,55,3,0.369093231,4.448275862,23,129,5,4,194,84,647,154,162,132,45,19,24,0,0
org.jfree.chart.util.PaintUtilities,4,7,1,16,18.5,12,0,0,1,4,15,4,1,3,7,76,48,46,28,1,17,4,11,1,0.133333333,0,6,0,0,0,0,0,0,0,15,15,9,0,0,0,0
org.jfree.chart.panel.PanHandler,2.75,4,1,11,15,11,4,3,4,4,22,4,0,4,3,64,44,48,27,2,22,1,18,2,0.158730159,5.75,7,23,1,1,19,15,48,18,43,30,11,64,0,0,0
org.jfree.chart.axis.PeriodAxis,2.723404255,19,25,128,13.27659574,8.936170213,85,15,47,47,171,47,8,39,71,642,420,426,279,3,157,29,124,3,0.432068336,3.723404255,27,175,8,7,292,159,974,219,286,250,98,53,79,29,0
org.jfree.chart.axis.PeriodAxisLabelInfo,2.125,11,13,34,8.5,4.9375,14,14,16,16,24,16,2,14,17,153,79,102,67,1,23,13,8,1,0.245670996,0.4375,8,7,11,5,17,7,169,17,30,29,32,1,3,0,0
org.jfree.chart.demo.PieChartDemo1,1,1,5,5,6.8,4.8,0,0,1,5,24,5,2,3,3,36,24,29,17,3,28,5,19,3,0.208333333,3,10,15,0,0,36,15,83,34,122,33,7,2,3,5,0
org.jfree.data.pie.PieDatasetChangeInfo,1,1,4,4,3.75,1.5,3,3,4,4,15,4,0,4,3,20,6,14,6,2,18,4,11,2,0.177777778,0,1,0,1,1,0,0,0,0,15,15,3,20,0,0,0
org.jfree.data.pie.PieDatasetChangeType,1.8,4,3,9,5.8,3,8,8,5,5,13,5,2,3,2,46,15,29,13,1,12,2,8,1,0.202020202,0,1,0,7,1,0,0,0,0,13,13,0,46,0,0,0
org.jfree.data.xml.PieDatasetHandler,1.8,4,3,9,6.8,3,2,1,5,5,22,5,0,5,9,37,15,22,12,3,26,5,17,3,0.208333333,1.8,6,9,1,1,15,7,54,12,41,26,3,0,0,0,0
org.jfree.chart.plot.PieLabelDistributor,2.888888889,5,2,26,11,7.111111111,2,1,9,9,24,9,5,4,9,102,64,81,45,2,25,7,15,2,0.233660131,6,4,54,0,0,61,44,88,36,30,30,10,0,0,0,0
org.jfree.chart.plot.PieLabelLinkStyle,2.2,4,3,11,7,3.8,4,4,5,5,13,5,2,3,2,44,19,29,17,1,12,2,8,1,0.202020202,0,1,0,3,1,0,0,0,0,13,13,0,0,0,0,0
org.jfree.chart.plot.PieLabelRecord,1.8125,11,14,29,6.125,3.1875,8,8,16,16,25,16,0,16,11,108,51,76,48,1,25,14,9,1,0.216161616,0.0625,2,1,1,1,2,1,33,2,27,26,3,0,0,0,0
org.jfree.chart.plot.PiePlot,2.402877698,50,88,334,11.58273381,7.841726619,94,64,139,139,208,139,22,117,154,1683,1090,1163,730,2,208,134,69,2,0.309765321,2.496402878,60,347,30,13,540,270,2064,464,375,313,212,246,36,3,0
org.jfree.chart.plot.PiePlot3D,7.083333333,43,9,85,53.5,42.83333333,97,3,12,12,212,12,3,9,21,647,514,426,298,3,213,9,200,3,0.452148331,6.5,18,78,0,0,144,68,623,37,376,311,70,0,11,0,0
org.jfree.chart.plot.PiePlotState,1,1,21,21,3.095238095,1.095238095,11,10,21,21,35,21,0,21,11,77,23,55,23,2,38,21,14,2,0.212121212,0.047619048,1,1,3,1,2,1,2,0,37,37,10,0,0,0,0
org.jfree.chart.entity.PieSectionEntity,1.5,7,11,18,5.583333333,2.75,9,5,12,12,32,12,0,12,12,75,33,50,30,2,32,9,20,2,0.354589372,0.583333333,5,7,0,0,19,7,53,12,39,38,1,0,0,0,0
org.jfree.chart.plot.PieSelectionAttributes,1.404761905,4,27,59,4.285714286,1.952380952,15,15,42,42,53,42,7,35,44,197,82,140,75,1,55,42,11,1,0.162790698,0.571428571,8,24,12,8,52,24,84,52,67,65,44,197,0,0,0
org.jfree.chart.needle.PinNeedle,2.25,4,2,9,11,7.25,10,1,4,4,33,4,1,3,5,48,29,35,22,2,32,0,29,2,0.04040404,1.25,2,5,0,0,8,5,53,0,43,36,6,0,0,0,0
org.jfree.chart.plot.Plot,2.373134328,18,41,159,8.402985075,4.895522388,30,30,65,67,76,67,11,56,69,605,328,400,280,1,94,65,9,1,0.224747475,1.23880597,38,83,16,9,90,32,416,90,130,94,80,44,5,10,0
org.jfree.chart.event.PlotChangeEvent,1,1,2,2,3.5,1.5,3,1,2,2,20,2,0,2,1,10,3,7,3,3,24,2,18,3,0.166666667,0.5,1,1,1,1,2,1,2,0,20,20,3,0,0,0,0
org.jfree.chart.entity.PlotEntity,1.7,7,8,17,6.2,3.4,6,2,10,10,29,10,2,8,12,66,34,47,31,2,28,6,19,2,0.498447205,2,9,20,1,1,36,20,273,19,38,37,10,66,0,0,0
org.jfree.chart.plot.PlotOrientation,2,4,3,10,6.4,3.4,4,4,5,5,13,5,2,3,2,40,17,27,15,1,12,2,8,1,0.202020202,0,1,0,2,1,0,0,0,0,13,13,0,0,0,0,0
org.jfree.chart.plot.PlotRenderingInfo,1.785714286,6,11,25,6.357142857,3.428571429,5,5,14,14,23,14,2,12,9,96,48,72,44,1,23,12,9,1,0.214452214,0.5,8,7,4,3,19,7,345,19,26,26,14,0,0,0,0
org.jfree.chart.plot.PlotState,1,1,2,2,3,1,1,1,2,2,13,2,0,2,0,9,2,6,2,1,15,2,11,1,0.111111111,0,0,0,1,1,0,0,0,0,13,13,2,0,0,0,0
org.jfree.chart.plot.PlotUtilities,4,4,0,4,11,6,0,0,0,1,12,1,0,1,1,13,6,10,6,1,14,1,11,1,0.083333333,3,3,3,0,0,5,3,19,5,18,15,1,0,0,0,0
org.jfree.chart.needle.PlumNeedle,2,4,2,8,9.25,6,10,1,4,4,33,4,1,3,5,41,24,28,17,2,32,0,29,2,0.04040404,1.25,3,5,0,0,8,5,53,0,43,36,5,0,0,0,0
org.jfree.chart.needle.PointerNeedle,2.75,5,2,11,14,10,10,1,4,4,33,4,1,3,5,60,40,46,32,2,32,0,29,2,0.04040404,3,1,12,0,0,13,12,59,0,43,36,5,0,0,0,0
org.jfree.chart.PolarChartPanel,2.571428571,5,3,18,13.42857143,8.857142857,83,3,7,7,135,7,3,4,12,101,62,71,44,3,137,5,128,3,0.213461538,2.714285714,6,19,0,0,35,19,137,11,252,174,17,0,0,0,0
org.jfree.chart.plot.PolarPlot,2.06779661,16,32,122,8.830508475,5.372881356,52,22,59,59,126,59,7,52,67,550,317,381,233,2,122,52,67,2,0.297179929,1.86440678,34,110,13,7,182,86,674,143,234,175,93,2,2,0,0
org.jfree.data.function.PolynomialFunction2D,1.5,2,3,9,4.833333333,2.333333333,1,1,6,6,15,6,0,6,3,32,14,24,13,1,15,4,9,1,0.193939394,0.166666667,3,1,0,0,2,1,13,2,16,16,0,32,0,0,0
org.jfree.data.function.PowerFunction2D,1.5,4,5,9,5.333333333,2.833333333,2,2,6,6,15,6,0,6,4,36,17,26,15,1,15,4,9,1,0.193939394,0.333333333,2,2,0,0,6,2,6,6,16,16,0,25,1,0,0
org.jfree.chart.ui.ProjectInfo,1.444444444,5,8,13,9.444444444,6.111111111,10,3,9,9,39,9,0,9,10,90,55,68,49,3,43,8,30,3,0.23297491,1.444444444,3,13,2,2,18,13,27,2,50,48,9,0,0,0,0
org.jfree.data.time.Quarter,1.590909091,4,15,35,7.136363636,4.090909091,9,9,21,22,36,22,0,22,16,174,90,117,68,2,28,11,14,2,0.380673401,0.318181818,6,7,0,0,16,7,60,16,47,46,15,3,1,0,0
org.jfree.chart.axis.QuarterDateFormat,1.857142857,5,4,13,8,4.714285714,6,6,7,7,17,7,0,7,12,68,33,46,28,2,19,6,10,2,0.220779221,0,3,0,0,0,0,0,0,0,17,17,7,0,0,0,0
org.jfree.data.Range,2.105263158,4,9,40,8.210526316,4.578947368,3,3,12,19,27,19,1,18,24,161,87,99,66,1,27,16,8,1,0.247771836,0,4,0,0,0,0,0,0,0,27,27,0,0,0,0,0
org.jfree.data.RangeType,2.2,4,3,11,6.8,3.6,5,5,5,5,13,5,2,3,2,43,18,29,17,1,12,2,8,1,0.202020202,0,1,0,3,1,0,0,0,0,13,13,0,0,0,0,0
org.jfree.chart.util.RectangleAnchor,5.285714286,10,3,37,19.85714286,13,11,11,5,7,15,7,2,5,8,161,91,92,67,1,14,4,8,1,0.224242424,0.285714286,3,2,9,1,2,2,4,2,17,17,6,0,0,0,0
org.jfree.chart.block.RectangleConstraint,1.947368421,13,13,37,7.473684211,4.263157895,7,7,19,19,29,19,0,19,19,153,81,88,60,1,30,18,10,1,0.188197767,2.947368421,5,56,5,3,12,8,56,12,35,33,21,0,0,0,0
org.jfree.chart.util.RectangleEdge,2.666666667,5,5,24,8.555555556,4.777777778,6,6,5,9,17,9,2,7,7,89,43,59,39,1,16,6,8,1,0.233766234,0,1,0,4,1,0,0,0,0,17,17,1,0,0,0,0
org.jfree.chart.util.RectangleInsets,2.103448276,8,15,61,8.310344828,5.103448276,7,7,29,29,37,29,0,29,34,251,148,174,104,1,36,26,8,1,0.251402918,0.482758621,5,14,2,2,1,1,2,1,38,38,16,0,0,0,0
org.jfree.chart.util.RefineryUtilities,1.333333333,3,9,16,8.333333333,5.25,0,0,1,12,23,12,1,11,19,102,63,71,28,1,25,12,11,1,0.153846154,0.083333333,6,1,0,0,1,1,3,1,24,24,34,0,0,0,0
org.jfree.chart.panel.RegionSelectionHandler,2.083333333,6,8,25,8.833333333,5.666666667,6,5,12,12,29,12,0,12,10,113,68,85,50,2,28,8,17,2,0.261022928,2.083333333,7,25,5,4,27,19,67,26,42,37,32,113,0,0,0
org.jfree.data.statistics.Regression,6.5,15,0,39,37.16666667,29.66666667,0,0,0,6,17,6,1,5,10,225,178,225,116,1,19,6,11,1,0.142857143,1.5,6,9,0,0,0,0,0,0,17,17,0,111,0,0,0
org.jfree.data.time.RegularTimePeriod,1.533333333,8,13,23,4.4,2.2,0,0,13,15,25,15,0,15,9,69,33,45,23,1,36,14,10,1,0.185858586,0,11,0,0,0,0,0,0,0,25,25,9,0,0,0,0
org.jfree.chart.util.RelativeDateFormat,1.931034483,16,18,56,8.275862069,5.24137931,14,14,28,29,37,29,0,29,21,256,152,192,135,2,37,26,8,2,0.30490086,0,5,0,4,1,0,0,0,0,37,37,15,0,0,0,0
org.jfree.chart.renderer.RenderAttributes,1.380952381,5,42,87,4.238095238,1.920634921,25,25,63,63,74,63,10,53,71,294,121,210,111,1,76,63,11,1,0.1640625,0.555555556,8,35,22,10,75,35,70,75,92,87,78,294,0,0,0
org.jfree.chart.event.RendererChangeEvent,1,1,4,4,3.75,1.5,4,2,4,4,22,4,0,4,3,19,6,13,6,3,26,4,18,3,0.2,0.25,0,1,0,0,2,1,2,0,22,22,0,9,0,0,0
org.jfree.chart.renderer.RendererState,1.666666667,3,2,5,5.333333333,2.666666667,1,1,3,3,14,3,0,3,1,19,8,13,6,1,27,3,11,1,0.125,0.666666667,3,2,1,1,2,2,4,2,16,16,4,0,0,0,0
org.jfree.chart.renderer.RendererUtilities,11.33333333,16,0,34,50.66666667,35.33333333,0,0,0,3,14,3,0,3,12,154,106,104,68,1,16,3,11,1,0.125,8.666666667,4,26,0,0,0,0,0,0,14,14,0,24,9,4,0
org.jfree.chart.util.ResourceBundleWrapper,1.8,3,2,9,7.4,3.6,1,1,1,5,16,5,1,4,8,40,18,23,12,1,18,5,11,1,0.138888889,0,2,0,1,1,0,0,0,0,16,16,11,40,0,0,0
org.jfree.chart.plot.RingPlot,2.238095238,16,16,47,11.28571429,7.619047619,101,7,21,21,221,21,5,16,23,246,160,174,105,3,222,18,200,3,0.241768214,2.571428571,24,54,2,2,95,47,488,48,392,326,33,0,3,0,0
org.jfree.data.xml.RootHandler,1.666666667,4,4,10,5.166666667,2.333333333,1,1,6,6,17,6,0,6,4,34,14,22,11,2,22,6,11,2,0.19047619,0,0,0,1,1,0,0,0,0,17,17,4,0,0,0,0
org.jfree.chart.util.Rotation,1.833333333,4,4,11,6,3.166666667,5,5,6,6,14,6,2,4,3,45,19,31,17,1,13,3,8,1,0.215909091,0,2,0,2,1,0,0,0,0,14,14,0,0,0,0,0
org.jfree.chart.renderer.xy.SamplingXYLineRenderer,2.625,9,5,21,14.625,9.875,71,1,8,8,228,8,2,6,19,143,79,103,65,3,228,4,220,3,0.372619048,7.125,13,57,1,1,43,18,298,25,397,337,20,143,0,0,0
org.jfree.chart.renderer.category.ScatterRenderer,2.208333333,12,19,53,9.625,6.125,79,7,24,24,246,24,2,22,30,241,147,162,101,3,246,20,222,3,0.41066161,2.833333333,22,68,1,1,137,60,378,59,433,352,22,9,12,0,0
org.jfree.data.time.Second,2,7,13,38,8.789473684,5.473684211,8,8,18,19,34,19,0,19,17,177,104,127,73,2,27,9,15,2,0.333333333,0.947368421,7,18,1,1,37,18,116,37,79,54,16,0,0,0,0
org.jfree.chart.axis.SegmentedTimeline,1.866666667,6,31,84,8.844444444,5.511111111,23,23,42,45,53,45,3,42,37,640,248,401,223,1,52,42,8,1,0.253699789,1.155555556,6,52,7,4,62,47,149,62,73,69,39,0,0,0,0
org.jfree.data.SelectableValue,1,1,5,5,3.2,1.2,2,2,5,5,16,5,0,5,4,20,6,14,6,1,18,5,11,1,0.138888889,0,1,0,0,0,0,0,0,0,16,16,0,20,0,0,0
org.jfree.data.time.SerialDate,2.425531915,13,32,114,6.765957447,4.085106383,31,31,22,47,57,47,1,46,51,361,192,218,108,1,59,46,10,1,0.193423598,0.595744681,7,28,1,1,10,3,75,10,60,59,2,0,0,0,0
org.jfree.chart.util.SerialUtilities,4.642857143,15,2,65,26,19,0,0,1,14,25,14,1,13,19,366,266,265,173,1,27,14,11,1,0.155555556,0.142857143,9,2,0,0,4,1,3,4,27,26,45,0,0,0,0
org.jfree.data.general.Series,1.55,5,13,31,5.3,2.75,6,6,20,20,28,20,4,16,15,114,55,81,47,1,39,17,8,1,0.248316498,0.15,8,3,2,2,5,2,11,5,31,30,5,0,0,0,0
org.jfree.data.event.SeriesChangeEvent,1,1,4,4,3.25,1.25,2,2,4,4,15,4,0,4,4,17,5,12,5,2,18,4,11,2,0.177777778,0,1,0,1,1,0,0,0,0,15,15,4,17,0,0,0
org.jfree.data.general.SeriesChangeInfo,1,1,4,4,3.5,1.5,3,3,4,4,15,4,0,4,3,19,6,14,6,1,17,4,11,1,0.133333333,0,1,0,1,1,0,0,0,0,15,15,3,19,0,0,0
org.jfree.data.general.SeriesChangeType,1.8,4,3,9,5.8,3,6,6,5,5,13,5,2,3,2,42,15,27,13,1,12,2,8,1,0.202020202,0,1,0,5,1,0,0,0,0,13,13,0,42,0,0,0
org.jfree.data.general.SeriesException,1,1,1,1,3,1,8,1,1,1,34,1,0,1,1,6,1,4,1,4,39,1,33,4,0.133333333,0,1,0,0,0,0,0,0,0,34,34,0,0,0,0,0
org.jfree.chart.plot.SeriesRenderingOrder,2,4,3,10,6.2,3.2,4,4,5,5,13,5,2,3,2,39,16,26,15,1,12,2,8,1,0.202020202,0,1,0,2,1,0,0,0,0,13,13,0,0,0,0,0
org.jfree.chart.servlet.ServletUtilities,2.5,5,5,35,11.71428571,7.071428571,2,2,0,14,25,14,2,12,32,168,99,101,66,1,27,14,11,1,0.155555556,0.285714286,9,4,0,0,15,4,28,15,77,29,25,0,0,0,0
org.jfree.chart.util.ShapeList,2,5,5,16,7.125,3.875,5,0,8,8,24,8,2,6,6,59,31,45,27,2,24,5,16,2,0.348927875,1.5,4,12,0,0,22,12,238,8,37,29,5,0,0,0,0
org.jfree.chart.util.ShapeUtilities,3.130434783,13,11,72,15.52173913,10.91304348,1,1,1,23,34,23,1,22,51,360,251,258,181,1,36,23,11,1,0.159722222,0.130434783,7,3,0,0,11,3,71,11,37,37,55,4,0,0,0
org.jfree.chart.needle.ShipNeedle,2,4,2,8,8.75,5.5,10,1,4,4,33,4,1,3,5,39,22,26,19,2,32,0,29,2,0.04040404,2,1,8,0,0,11,8,59,0,43,36,4,0,0,0,0
org.jfree.chart.title.ShortTextTitle,3.428571429,14,2,24,14.28571429,9.285714286,32,0,7,7,88,7,4,3,14,102,65,66,47,4,87,1,81,4,0.489655172,8,9,56,0,0,77,41,161,51,162,124,26,0,0,0,0
org.jfree.data.statistics.SimpleHistogramBin,2.692307692,8,8,35,8.846153846,5,7,7,13,13,22,13,0,13,12,125,65,85,62,1,22,11,9,1,0.213383838,0,3,0,0,0,0,0,0,0,22,22,0,12,1,0,0
org.jfree.data.statistics.SimpleHistogramDataset,1.59375,6,23,51,5.625,2.9375,9,4,32,32,55,32,0,32,43,189,94,131,75,5,50,21,23,5,0.585115865,0.84375,10,27,1,1,40,26,97,25,70,69,17,34,6,0,0
org.jfree.data.time.SimpleTimePeriod,2.222222222,7,6,20,8.666666667,5.111111111,3,3,9,9,18,9,0,9,6,83,46,56,34,1,18,7,9,1,0.206439394,0.444444444,1,4,0,0,0,0,0,0,18,18,4,0,0,0,0
org.jfree.chart.util.Size2D,1.444444444,5,8,13,4.555555556,2.111111111,3,3,9,9,17,9,0,9,5,46,19,32,18,1,16,6,8,1,0.233766234,0,2,0,0,0,0,0,0,0,17,17,0,0,0,0,0
org.jfree.data.category.SlidingCategoryDataset,1.684210526,6,10,32,6.052631579,3.210526316,6,3,19,19,37,19,1,18,14,121,61,83,50,2,38,17,18,2,0.243209877,0.842105263,9,16,0,0,7,4,10,2,41,41,3,0,3,0,0
org.jfree.data.gantt.SlidingGanttCategoryDataset,1.606060606,6,17,53,6.727272727,3.696969697,6,3,33,33,51,33,1,32,48,228,122,139,78,2,52,31,18,2,0.248611111,1.121212121,9,37,0,0,21,11,24,16,55,55,3,0,2,0,0
org.jfree.chart.util.SortOrder,2,4,3,10,6.2,3.2,4,4,5,5,13,5,2,3,2,39,16,26,15,1,12,2,8,1,0.202020202,0,1,0,2,1,0,0,0,0,13,13,0,0,0,0,0
org.jfree.chart.plot.SpiderWebPlot,2.220588235,29,42,151,10.14705882,6.676470588,69,39,68,68,137,68,8,60,68,734,454,533,347,2,135,63,69,2,0.307939189,2,37,136,22,8,207,103,1108,159,239,186,109,5,17,0,0
org.jfree.data.time.SpreadsheetDate,1.7,6,15,34,7.7,4.55,36,5,20,20,62,20,1,19,20,161,91,102,56,2,50,5,42,2,0.272904483,1.35,2,27,0,0,20,14,58,0,67,67,2,0,0,0,0
org.jfree.chart.renderer.category.StackedAreaRenderer,3.083333333,11,6,37,20.25,14.66666667,76,2,12,12,238,12,4,8,25,248,176,174,108,4,239,8,226,4,0.492834138,3.333333333,15,40,0,0,104,34,133,76,429,343,13,0,8,6,0
org.jfree.chart.renderer.category.StackedBarRenderer,4.111111111,19,5,37,21.11111111,14.11111111,93,2,9,9,270,9,1,8,19,195,127,117,73,4,272,5,261,4,0.477253669,7.111111111,21,64,0,0,106,49,296,55,478,390,17,6,17,3,0
org.jfree.chart.renderer.category.StackedBarRenderer3D,3.611111111,13,9,65,25.11111111,19.11111111,101,3,18,18,286,18,6,12,58,458,344,333,202,5,287,13,268,5,0.464041514,5.277777778,22,95,0,0,182,81,355,67,506,411,75,13,35,7,0
org.jfree.chart.renderer.xy.StackedXYAreaRenderer,3.125,28,12,50,14.8125,9.6875,86,3,16,16,249,16,3,13,29,277,155,174,109,4,248,10,233,4,0.473014665,5.3125,22,85,2,2,139,66,407,92,440,365,30,3,10,8,0
org.jfree.chart.renderer.xy.StackedXYAreaRenderer2,3.583333333,21,7,43,25.33333333,18.75,75,2,12,12,238,12,3,9,23,309,225,211,140,4,238,7,226,4,0.440548341,3.916666667,18,47,0,0,90,29,106,70,412,339,15,0,8,8,0
org.jfree.chart.renderer.xy.StackedXYBarRenderer,4.2,27,6,42,20.3,13.5,88,2,10,10,264,10,0,10,20,207,135,125,82,4,263,4,254,4,0.443247863,5.1,25,51,0,0,91,36,221,45,449,371,18,1,14,8,0
org.jfree.chart.renderer.category.StandardBarPainter,3.5,9,2,21,15.16666667,9.833333333,0,0,6,6,15,6,1,5,21,93,59,64,45,1,15,4,9,1,0.193939394,2.333333333,5,14,0,0,21,9,39,21,49,23,17,2,7,0,0
org.jfree.chart.labels.StandardCategoryItemLabelGenerator,1.333333333,3,5,8,4.5,1.666666667,8,2,6,6,26,6,0,6,11,34,10,19,10,2,29,5,20,2,0.201058201,0.833333333,2,5,0,0,16,5,61,0,31,30,4,0,0,0,0
org.jfree.chart.labels.StandardCategorySeriesLabelGenerator,1.714285714,4,4,12,6.285714286,3.428571429,3,3,7,7,15,7,1,6,6,50,24,34,19,1,14,4,8,1,0.224242424,0.285714286,6,2,0,0,3,1,3,3,16,16,0,0,0,0,0
org.jfree.chart.labels.StandardCategoryToolTipGenerator,1.4,3,4,7,4.8,1.8,8,2,5,5,25,5,0,5,8,31,9,17,9,2,29,4,20,2,0.193650794,0.8,2,4,0,0,12,4,43,0,30,29,2,0,0,0,0
org.jfree.chart.urls.StandardCategoryURLGenerator,3.5,6,1,21,14.16666667,9.333333333,4,4,6,6,15,6,0,6,10,92,56,57,38,1,15,4,9,1,0.193939394,0.833333333,6,5,0,0,9,3,27,9,16,16,2,0,0,0,0
org.jfree.chart.StandardChartTheme,2.548387097,34,42,237,9.806451613,6.215053763,32,32,90,93,102,93,23,70,58,948,578,696,500,1,102,91,9,1,0.225461133,2.150537634,56,200,27,4,396,192,2143,396,266,227,145,32,6,0,0
org.jfree.chart.labels.StandardCrosshairLabelGenerator,1.857142857,5,5,13,7,3.857142857,2,2,7,7,16,7,0,7,4,54,27,34,21,1,16,5,9,1,0.199494949,0.142857143,3,1,1,1,1,1,2,1,17,17,4,54,0,0,0
org.jfree.chart.plot.dial.StandardDialFrame,1.588235294,7,12,27,7.176470588,4.470588235,7,5,17,17,32,17,2,15,12,130,76,92,60,2,32,14,15,2,0.374074074,1.294117647,9,22,3,2,52,22,290,41,45,42,23,0,0,0,0
org.jfree.chart.plot.dial.StandardDialRange,1.636363636,9,15,36,7,4.272727273,9,7,22,22,37,22,2,20,18,164,94,116,76,2,37,19,15,2,0.377777778,1.136363636,11,25,1,1,51,23,205,34,52,46,14,0,0,0,0
org.jfree.chart.plot.dial.StandardDialScale,1.775510204,20,35,87,7.591836735,4.734693878,22,20,49,49,64,49,2,47,34,395,232,286,195,2,64,46,15,2,0.384160757,1.204081633,10,59,7,4,135,58,575,94,79,74,37,1,0,0,0
org.jfree.chart.entity.StandardEntityCollection,1.545454545,3,7,17,5.181818182,2.545454545,2,2,11,11,20,11,0,11,6,62,28,46,25,1,20,9,9,1,0.210606061,0.363636364,5,4,1,1,5,3,13,5,23,23,8,0,0,0,0
org.jfree.chart.util.StandardGradientPaintTransformer,2.285714286,5,3,16,8.857142857,5.571428571,2,2,7,7,15,7,0,7,4,68,39,36,23,1,14,4,8,1,0.224242424,1.428571429,3,10,1,1,9,5,50,9,17,17,8,0,0,0,0
org.jfree.chart.labels.StandardPieSectionLabelGenerator,1.363636364,5,10,15,4.818181818,2.181818182,7,3,11,11,25,11,0,11,15,61,24,36,20,2,25,8,14,2,0.256354394,0.818181818,7,9,1,1,18,8,75,8,39,35,8,0,0,0,0
org.jfree.chart.labels.StandardPieToolTipGenerator,1,1,7,7,3.285714286,1.142857143,6,2,7,7,23,7,0,7,9,29,8,17,7,2,25,6,16,2,0.210084034,0.428571429,4,3,0,0,8,3,32,0,27,27,4,0,0,0,0
org.jfree.chart.urls.StandardPieURLGenerator,2.666666667,6,3,16,11,6.333333333,4,4,6,6,16,6,0,6,11,72,38,44,30,1,17,5,10,1,0.169191919,0.166666667,5,1,0,0,3,1,9,3,17,17,1,0,0,0,0
org.jfree.chart.axis.StandardTickUnitSource,1.166666667,2,5,7,4.666666667,2.5,1,1,6,6,15,6,0,6,4,31,15,21,8,1,15,4,9,1,0.193939394,0.5,3,3,0,0,7,3,16,7,18,17,5,0,0,0,0
org.jfree.chart.imagemap.StandardToolTipTagFragmentGenerator,1,1,2,2,3.5,1.5,0,0,2,2,13,2,0,2,1,10,3,5,2,1,15,2,11,1,0.111111111,0.5,2,1,0,0,2,1,38,2,14,14,0,0,0,0,0
org.jfree.chart.imagemap.StandardURLTagFragmentGenerator,1,1,2,2,3,1,0,0,2,2,13,2,0,2,1,9,2,5,2,1,15,2,11,1,0.111111111,0,1,0,0,0,0,0,0,0,13,13,0,0,0,0,0
org.jfree.chart.renderer.xy.StandardXYBarPainter,3.5,9,2,21,15.16666667,9.833333333,0,0,6,6,15,6,1,5,21,93,59,64,45,1,15,4,9,1,0.193939394,2.166666667,5,13,0,0,20,8,37,20,48,22,17,2,7,0,0
org.jfree.chart.labels.StandardXYItemLabelGenerator,1.222222222,3,8,11,4.333333333,1.666666667,9,2,9,9,31,9,0,9,17,45,15,25,13,2,32,7,22,2,0.222222222,0.777777778,3,7,0,0,23,7,73,0,36,35,8,4,0,0,0
org.jfree.chart.renderer.xy.StandardXYItemRenderer,2.735294118,31,23,93,11.79411765,7.529411765,87,17,34,34,254,34,4,30,52,441,256,292,181,3,255,30,220,3,0.414554531,3.147058824,29,107,3,3,188,76,610,102,438,369,45,3,14,8,0
org.jfree.chart.labels.StandardXYSeriesLabelGenerator,1.714285714,4,4,12,6.428571429,3.571428571,3,3,7,7,15,7,1,6,6,51,25,34,19,1,14,4,8,1,0.224242424,0.285714286,6,2,0,0,3,1,3,3,16,16,0,0,0,0,0
org.jfree.chart.labels.StandardXYToolTipGenerator,1.222222222,3,8,11,4.333333333,1.666666667,9,2,8,9,31,9,0,9,16,45,15,25,13,2,34,7,22,2,0.222222222,0.777777778,3,7,0,0,23,7,73,0,36,35,8,0,0,0,0
org.jfree.chart.urls.StandardXYURLGenerator,2.8,6,2,14,10.6,6.6,7,7,5,5,15,5,0,5,8,62,33,41,25,1,17,4,10,1,0.163636364,0.6,4,3,0,0,9,3,27,9,16,16,0,0,0,0,0
org.jfree.chart.labels.StandardXYZToolTipGenerator,2.111111111,6,5,19,10.11111111,5.888888889,13,4,9,9,38,9,1,8,18,98,53,59,36,3,40,7,29,3,0.406922043,1.555555556,7,14,2,2,21,10,40,6,45,44,12,0,0,0,0
org.jfree.chart.urls.StandardXYZURLGenerator,1,1,1,1,3,1,7,0,1,1,16,1,0,1,3,6,1,3,1,2,19,1,15,2,0.111111111,1,2,1,0,0,4,1,6,0,17,17,0,0,0,0,0
org.jfree.chart.renderer.category.StatisticalBarRenderer,4.833333333,20,8,58,26.58333333,19,94,3,12,12,274,12,4,8,39,326,228,203,127,4,276,9,262,4,0.465995807,7.25,21,87,2,2,195,77,507,85,484,396,42,4,56,8,0
org.jfree.chart.renderer.category.StatisticalLineAndShapeRenderer,3.75,30,10,45,19.5,13.16666667,87,3,12,12,265,12,2,10,19,240,158,142,104,4,266,8,253,4,0.325558438,7,20,84,2,2,214,72,578,97,465,381,21,98,39,58,0
org.jfree.data.statistics.Statistics,4.230769231,8,4,55,19.07692308,12.61538462,0,0,0,13,24,13,0,13,26,250,164,179,117,1,26,13,11,1,0.154761905,0,4,0,0,0,0,0,0,0,24,24,9,0,0,0,0
org.jfree.chart.util.StringUtilities,1.75,2,1,7,5.75,2.75,0,0,1,4,15,4,1,3,5,25,11,14,9,1,17,4,11,1,0.133333333,0,3,0,0,0,0,0,0,0,15,15,0,0,0,0,0
org.jfree.chart.ui.StrokeChooserPanel,1,1,3,3,6.666666667,4,1,1,3,3,14,3,1,2,2,23,12,16,9,2,17,3,11,2,0.166666667,0.666666667,1,2,1,1,3,2,5,3,16,16,6,0,0,0,0
org.jfree.chart.util.StrokeList,1.875,4,5,15,6.625,3.5,5,0,8,8,24,8,2,6,6,55,28,40,25,2,24,5,16,2,0.237816764,1.125,3,9,0,0,16,9,108,5,32,29,5,0,0,0,0
org.jfree.chart.util.StrokeMap,2,6,4,18,7.777777778,4.666666667,2,2,9,9,18,9,2,7,7,74,42,56,30,1,18,7,9,1,0.206439394,0.333333333,6,3,1,1,8,3,54,8,21,21,13,74,0,0,0
org.jfree.chart.ui.StrokeSample,1.333333333,2,4,8,8.166666667,5.5,2,2,6,6,17,6,0,6,8,53,33,40,18,2,20,6,11,2,0.19047619,0,1,0,2,2,0,0,0,0,17,17,17,0,0,0,0
org.jfree.chart.axis.SubCategoryAxis,3.230769231,14,5,42,16.46153846,11.07692308,59,4,13,13,124,13,4,9,26,221,144,150,101,3,125,10,111,3,0.347155768,4.615384615,19,60,3,3,140,49,552,59,230,179,36,0,0,0,0
org.jfree.chart.encoders.SunJPEGEncoderAdapter,1.428571429,3,5,10,6,3.428571429,1,1,7,7,18,7,0,7,5,45,24,32,18,1,20,7,11,1,0.145833333,0,1,0,0,0,0,0,0,0,18,18,8,0,0,0,0
org.jfree.chart.encoders.SunPNGEncoderAdapter,1.333333333,3,5,8,4.166666667,1.666666667,0,0,6,6,17,6,0,6,5,27,10,17,9,1,19,6,11,1,0.142857143,0.166666667,2,1,0,0,0,0,0,0,17,17,4,0,0,0,0
org.jfree.chart.axis.SymbolAxis,3.476190476,11,8,73,19.76190476,12.57142857,88,7,21,21,185,21,9,12,44,426,264,268,171,4,183,14,164,4,0.500629351,4.238095238,23,89,5,2,138,67,482,65,277,244,71,0,0,0,0
org.jfree.chart.labels.SymbolicXYItemLabelGenerator,2,4,3,12,8.5,4.833333333,1,1,5,6,14,6,1,5,9,55,29,35,20,1,13,3,8,1,0.215909091,1.166666667,10,7,0,0,5,3,10,5,22,17,1,0,0,0,0
org.jfree.chart.util.TableOrder,2,4,3,10,6.2,3.2,4,4,5,5,13,5,2,3,2,38,16,26,15,1,12,2,8,1,0.202020202,0,1,0,2,1,0,0,0,0,13,13,0,0,0,0,0
org.jfree.data.gantt.Task,1.6,7,11,24,5.2,2.6,5,5,15,15,24,15,0,15,13,85,39,59,36,1,24,13,9,1,0.215367965,0.333333333,8,5,1,1,15,5,38,15,26,26,3,0,0,0,0
org.jfree.data.gantt.TaskSeries,1.7,5,7,17,6.1,3.4,7,1,10,10,35,10,0,10,6,64,34,48,30,2,35,7,25,2,0.23015873,0.8,6,8,1,1,11,8,53,3,44,41,8,0,0,0,0
org.jfree.data.gantt.TaskSeriesCollection,1.837837838,4,20,68,7.567567568,4.648648649,7,3,37,37,57,37,1,36,50,287,172,216,103,3,56,32,20,3,0.375757576,1.081081081,15,40,2,1,58,36,180,47,75,74,38,0,5,0,0
org.jfree.chart.text.TextAnchor,4.6,16,3,23,14.2,8.6,17,17,5,5,13,5,2,3,2,104,43,66,41,1,12,2,8,1,0.202020202,0,1,0,15,1,0,0,0,0,13,13,0,0,0,0,0
org.jfree.chart.annotations.TextAnnotation,1.764705882,9,11,30,6.705882353,3.882352941,14,12,17,17,34,17,3,14,10,128,66,95,62,2,37,15,17,2,0.243421053,0.941176471,9,16,8,3,30,16,144,24,44,41,18,6,1,0,0
org.jfree.chart.text.TextBlock,2,6,7,28,9.071428571,5.785714286,3,3,14,14,23,14,1,13,28,132,81,84,44,1,23,12,9,1,0.214452214,2.714285714,11,38,2,2,37,19,84,37,40,30,30,0,0,0,0
org.jfree.chart.text.TextBlockAnchor,3.4,10,3,17,10.4,6,11,11,5,5,13,5,2,3,2,74,30,47,29,1,12,2,8,1,0.202020202,0,1,0,9,1,0,0,0,0,13,13,0,0,0,0,0
org.jfree.chart.text.TextBox,1.88,11,21,47,7,4.28,9,9,25,25,34,25,2,23,18,186,107,130,83,1,34,23,9,1,0.220328283,1.32,10,33,6,4,80,32,362,80,77,54,29,0,0,0,0
org.jfree.chart.text.TextFragment,1.933333333,7,11,29,7,3.866666667,7,7,15,15,24,15,2,13,23,114,58,78,47,1,24,13,9,1,0.215367965,0.733333333,7,11,4,2,21,5,71,21,32,29,24,0,0,0,0
org.jfree.chart.text.TextLine,1.923076923,4,5,25,7.615384615,4.538461538,2,2,13,13,22,13,1,12,19,103,59,72,38,1,22,11,9,1,0.213383838,0.923076923,7,12,1,1,28,10,39,28,35,30,26,0,0,0,0
org.jfree.chart.title.TextTitle,2.944444444,13,22,106,11.80555556,7.638888889,32,13,36,36,89,36,8,28,41,442,275,300,214,3,90,31,53,3,0.337589799,4.444444444,30,160,7,4,215,95,729,166,180,133,70,1,1,0,0
org.jfree.chart.text.TextUtilities,3.4,9,8,68,20.9,15,3,3,1,20,31,20,5,15,80,427,300,243,140,1,33,20,11,1,0.158730159,4.8,10,96,0,0,31,14,39,31,44,41,70,7,1,3,0
org.jfree.chart.plot.ThermometerPlot,2.152777778,26,45,155,9.083333333,5.722222222,85,55,70,72,139,72,7,65,77,720,412,501,318,2,135,65,67,2,0.298005798,1.472222222,28,106,12,7,203,88,781,168,246,183,75,2,2,0,0
org.jfree.chart.axis.Tick,2,7,6,16,7,3.875,5,5,8,8,16,8,0,8,5,63,31,43,27,1,20,5,8,1,0.22979798,0.375,5,3,2,1,9,3,27,9,17,17,6,0,0,0,0
org.jfree.chart.entity.TickLabelEntity,1,1,1,1,3,1,5,1,1,1,24,1,0,1,3,7,1,4,1,2,28,1,23,2,0.111111111,1,1,1,0,0,4,1,8,0,28,28,1,0,0,0,0
org.jfree.chart.axis.TickType,2.25,4,2,9,7.25,4,3,3,4,4,13,4,2,2,2,34,16,24,14,1,13,2,9,1,0.171717172,0,1,0,2,1,0,0,0,0,13,13,0,0,0,0,0
org.jfree.chart.axis.TickUnit,2,5,5,16,6.75,3.625,3,3,8,8,17,8,0,8,6,59,29,38,23,1,19,6,9,1,0.203463203,0,2,0,0,0,0,0,0,0,17,17,0,0,0,0,0
org.jfree.chart.axis.TickUnits,1.555555556,3,5,14,6.333333333,3.555555556,2,2,9,9,18,9,0,9,6,61,32,39,23,1,18,7,9,1,0.206439394,0.111111111,6,1,1,1,3,1,7,3,20,19,8,0,0,0,0
org.jfree.data.time.TimePeriodAnchor,2.2,4,3,11,6.8,3.6,5,5,5,5,13,5,2,3,2,44,18,29,17,1,12,2,8,1,0.202020202,0,1,0,3,1,0,0,0,0,13,13,0,0,0,0,0
org.jfree.data.time.TimePeriodFormatException,1,1,1,1,3,1,8,0,1,1,38,1,0,1,1,5,1,3,1,5,44,1,37,5,0.138888889,0,1,0,0,0,0,0,0,0,38,38,0,0,0,0,0
org.jfree.data.time.TimePeriodValue,2.111111111,7,5,19,6.222222222,3.333333333,3,3,9,9,17,9,0,9,7,61,30,41,25,1,16,6,8,1,0.233766234,0,7,0,0,0,0,0,0,0,17,17,0,0,0,0,0
org.jfree.data.time.TimePeriodValues,2.037037037,13,20,55,8.555555556,5.259259259,18,12,27,27,51,27,2,25,24,245,142,174,104,2,50,23,24,2,0.427248677,1.37037037,11,37,1,1,46,27,114,30,64,63,10,0,0,0,0
org.jfree.data.time.TimePeriodValuesCollection,1.954545455,7,11,43,8.045454545,5,8,3,22,22,53,22,1,21,25,183,110,124,68,5,56,19,31,5,0.293300654,2.681818182,15,59,2,2,63,36,113,59,76,76,24,0,2,0,0
org.jfree.data.time.TimeSeries,2.666666667,10,27,144,10.94444444,6.981481481,17,11,54,54,78,54,5,49,64,604,377,417,274,2,77,50,24,2,0.265483971,1.185185185,19,64,1,1,102,64,267,77,101,96,61,161,46,17,1
org.jfree.chart.demo.TimeSeriesChartDemo1,1.2,2,4,6,17.4,15.2,0,0,1,5,24,5,2,3,3,89,76,79,61,3,28,5,19,3,0.208333333,19.6,16,98,0,0,271,98,495,269,217,49,12,4,5,7,0
org.jfree.data.time.TimeSeriesCollection,1.875,5,20,75,7.475,4.45,9,4,40,40,67,40,1,39,48,308,178,223,123,5,66,33,27,5,0.433473389,1.475,15,59,3,3,104,54,187,91,96,93,58,77,10,5,0
org.jfree.data.time.TimeSeriesDataItem,1.909090909,6,6,21,6.636363636,3.545454545,4,4,11,11,20,11,0,11,9,79,39,55,34,1,20,9,9,1,0.210606061,0.181818182,8,2,1,1,6,2,11,6,22,22,4,9,10,7,0
org.jfree.data.time.TimeSeriesTableModel,2.454545455,6,6,27,9.818181818,5.181818182,4,4,11,11,22,11,0,11,14,115,57,60,43,2,25,11,11,2,0.203703704,0.727272727,11,8,2,2,14,8,35,14,43,28,5,0,0,0,0
org.jfree.chart.urls.TimeSeriesURLGenerator,2.875,7,5,23,10.875,6.875,5,5,8,8,18,8,0,8,10,94,55,65,43,1,19,7,10,1,0.176136364,0.25,5,2,1,1,0,0,0,0,18,18,5,0,0,0,0
org.jfree.data.time.TimeTableXYDataset,1.625,7,22,52,5.78125,3.0625,9,4,32,32,59,32,1,31,43,193,98,131,78,5,58,25,27,5,0.478578611,1.21875,11,39,3,3,51,27,168,40,92,80,13,5,9,0,0
org.jfree.chart.title.Title,1.954545455,8,15,43,6.954545455,3.772727273,19,11,22,22,60,22,6,16,20,170,83,112,73,2,67,19,38,2,0.235501355,0.545454545,11,12,8,5,21,11,77,16,104,83,26,0,0,0,0
org.jfree.chart.event.TitleChangeEvent,1,1,2,2,3.5,1.5,3,1,2,2,20,2,0,2,1,10,3,7,3,3,24,2,18,3,0.166666667,0.5,1,1,1,1,2,1,2,0,20,20,3,0,0,0,0
org.jfree.chart.entity.TitleEntity,1.7,7,8,17,6.3,3.4,6,2,10,10,29,10,2,8,12,67,34,47,31,2,28,6,19,2,0.498447205,2,9,20,1,1,36,20,243,19,39,37,10,67,0,0,0
org.jfree.chart.util.UnitType,2,4,3,10,6.2,3.2,4,4,5,5,13,5,2,3,2,37,16,26,15,1,12,2,8,1,0.202020202,0,1,0,2,1,0,0,0,0,13,13,0,0,0,0,0
org.jfree.data.UnknownKeyException,1,1,1,1,3,1,8,0,1,1,38,1,0,1,1,5,1,3,1,5,44,1,37,5,0.138888889,0,1,0,0,0,0,0,0,0,38,38,0,0,0,0,0
org.jfree.chart.axis.ValueAxis,2.263888889,17,45,163,9.652777778,6.083333333,70,28,72,72,144,72,12,60,90,729,438,492,320,2,152,68,72,2,0.319878803,2.583333333,21,186,7,2,281,158,1438,203,204,190,92,20,2,3,0
org.jfree.data.xml.ValueHandler,1.833333333,4,3,11,8,3.666666667,3,3,6,6,17,6,2,4,13,53,22,30,19,2,20,6,11,2,0.19047619,0.666666667,7,4,2,2,3,2,4,3,19,19,5,0,0,0,0
org.jfree.chart.plot.ValueMarker,1.666666667,5,5,10,5.833333333,3,15,1,6,6,47,6,0,6,12,38,18,26,17,2,49,5,41,2,0.193121693,0.833333333,1,5,0,0,13,5,84,2,56,50,6,0,0,0,0
org.jfree.chart.axis.ValueTick,1.8,5,4,9,7,3.4,7,2,5,5,20,5,0,5,12,39,17,25,16,2,25,4,15,2,0.198611111,0.8,3,4,1,1,9,3,46,2,23,22,7,0,0,0,0
org.jfree.data.xy.Vector,1.571428571,5,6,11,5.714285714,3.142857143,2,2,7,7,16,7,0,7,3,44,22,32,19,1,16,5,9,1,0.199494949,0,2,0,0,0,0,0,0,0,16,16,0,0,0,0,0
org.jfree.data.xy.VectorDataItem,1.333333333,2,4,8,5.333333333,2.666666667,3,0,6,6,22,6,0,6,4,34,16,21,10,2,25,6,16,2,0.19047619,2,3,12,0,0,18,12,31,10,29,29,5,0,0,0,0
org.jfree.chart.renderer.xy.VectorRenderer,5.333333333,9,2,32,30.66666667,21.66666667,72,2,6,6,226,6,0,6,14,189,130,147,86,3,226,2,220,3,0.339285714,6.833333333,16,41,0,0,53,21,162,33,398,335,11,0,8,0,0
org.jfree.data.xy.VectorSeries,1,1,9,9,3.777777778,1.666666667,10,0,9,9,52,9,0,9,14,36,15,25,10,3,54,7,43,3,0.400231481,1.111111111,3,10,0,0,19,9,74,9,77,69,7,0,0,0,0
org.jfree.data.xy.VectorSeriesCollection,1.444444444,3,12,26,5.444444444,2.944444444,6,1,18,18,42,18,0,18,21,102,53,75,40,4,41,12,24,4,0.423931624,1.166666667,13,21,1,1,35,21,78,28,67,59,17,0,3,0,0
org.jfree.chart.util.VerticalAlignment,2.2,4,3,11,7.2,3.8,5,5,5,5,13,5,2,3,2,46,19,29,17,1,12,2,8,1,0.202020202,0,1,0,3,1,0,0,0,0,13,13,0,0,0,0,0
org.jfree.data.general.WaferMapDataset,1.526315789,4,13,29,5.052631579,2.473684211,10,7,19,19,39,19,0,19,23,105,47,77,44,2,42,19,20,2,0.211111111,0.421052632,5,8,1,1,17,8,65,17,53,48,3,0,0,0,0
org.jfree.chart.plot.WaferMapPlot,2.461538462,8,6,32,14.76923077,10.61538462,40,10,13,13,84,13,3,10,16,213,138,140,86,2,84,10,71,2,0.326644827,2.153846154,15,28,8,6,43,24,117,35,184,113,36,2,2,0,0
org.jfree.chart.renderer.WaferMapRenderer,2.866666667,6,6,43,11.86666667,7.933333333,64,7,15,15,178,15,7,8,14,187,119,130,65,2,180,14,163,2,0.209439928,1.066666667,10,16,2,2,35,14,103,28,252,224,32,0,0,0,0
org.jfree.chart.renderer.category.WaterfallBarRenderer,3.333333333,15,7,50,16.6,11.53333333,96,5,15,15,277,15,2,13,23,256,173,171,117,4,279,12,262,4,0.472149653,4.133333333,24,62,4,1,120,48,491,68,488,401,32,0,13,6,0
org.jfree.data.time.Week,2.24,7,14,56,10.56,6.64,7,7,21,25,39,25,3,22,21,273,166,182,125,2,31,14,14,2,0.384377104,0.32,7,8,0,0,16,8,33,16,47,47,22,0,0,0,0
org.jfree.data.xy.DefaultWindDataset,2.333333333,6,4,14,8.333333333,4.666666667,3,3,6,6,16,6,0,6,5,54,28,36,24,1,17,5,10,1,0.169191919,0,2,0,0,0,0,0,0,0,16,16,0,0,0,0,0
org.jfree.chart.renderer.xy.WindItemRenderer,1,1,3,3,20.33333333,16.33333333,71,1,3,3,226,3,0,3,11,65,49,52,28,3,229,2,223,3,0.168154762,5.666666667,11,17,0,0,44,14,65,34,393,334,11,0,6,8,0
org.jfree.chart.needle.WindNeedle,2,4,2,8,8.5,5.25,12,1,4,4,35,4,1,3,5,38,21,24,15,3,36,1,31,3,0.154411765,1.75,1,7,0,0,21,7,116,0,49,39,5,0,0,0,0
org.jfree.data.xy.XIntervalDataItem,1.6,2,2,8,6.6,3.4,3,0,5,5,21,5,0,5,4,35,17,20,11,2,24,5,16,2,0.185185185,1.8,3,9,0,0,14,9,25,7,26,26,3,0,0,0,0
org.jfree.data.xy.XIntervalSeries,1,1,8,8,3.625,1.5,10,0,8,8,52,8,0,8,13,31,12,21,8,3,55,7,44,3,0.226157407,1,4,8,0,0,18,8,73,9,74,68,5,0,0,0,0
org.jfree.data.xy.XIntervalSeriesCollection,1.4,3,14,28,5.35,2.9,6,1,20,20,47,20,0,20,25,111,58,82,44,5,46,13,27,5,0.469421102,1.2,12,24,1,1,42,24,90,33,73,66,17,0,4,0,0
org.jfree.chart.entity.XYAnnotationEntity,2,5,3,8,6.75,3.5,6,2,4,4,26,4,0,4,6,32,14,21,13,2,28,3,22,2,0.18115942,0.5,1,2,0,0,6,2,26,0,31,30,1,0,0,0,0
org.jfree.chart.renderer.xy.XYAreaRenderer,3.136363636,27,16,69,15.27272727,10.81818182,83,13,22,22,241,22,2,20,29,361,238,251,164,3,241,17,219,3,0.443551587,5.090909091,26,112,1,1,173,76,526,111,417,346,37,60,11,3,0
org.jfree.chart.renderer.xy.XYAreaRenderer2,2.416666667,8,8,29,15.5,11.58333333,73,3,12,12,233,12,2,10,20,192,139,132,81,3,235,9,221,3,0.340575397,5.583333333,21,67,1,1,130,55,478,75,410,340,22,2,8,11,0
org.jfree.data.xy.XYBarDataset,1.318181818,5,18,29,4.409090909,2.090909091,7,2,22,22,46,22,0,22,31,102,46,71,39,5,42,12,24,5,0.554449472,0.727272727,6,16,0,0,5,3,15,0,51,51,1,0,1,0,0
org.jfree.chart.renderer.xy.XYBarRenderer,2.829787234,26,34,133,12.82978723,8.319148936,86,16,43,47,264,47,7,40,72,634,391,403,263,3,263,40,217,3,0.444795296,3.553191489,34,167,3,2,244,105,716,159,455,379,69,58,40,10,0
org.jfree.chart.renderer.xy.XYBlockRenderer,2.866666667,10,5,43,12.73333333,8.266666667,76,6,15,15,235,15,1,14,18,200,124,129,91,3,235,11,220,3,0.401785714,3.533333333,17,53,1,1,79,38,328,63,412,347,16,1,4,0,0
org.jfree.chart.renderer.xy.XYBoxAndWhiskerRenderer,2.826086957,21,16,65,16.7826087,11.95652174,75,5,23,23,244,23,9,14,59,394,275,258,152,3,245,20,221,3,0.353670635,4.130434783,22,95,2,1,192,72,455,125,444,369,56,5,31,22,0
org.jfree.chart.annotations.XYBoxAnnotation,2.555555556,11,7,23,12.77777778,8.444444444,12,8,9,9,31,9,2,7,27,126,76,90,61,3,31,5,22,3,0.342948718,2.888888889,12,26,3,2,61,24,341,49,55,49,20,1,0,0,0
org.jfree.chart.renderer.xy.XYBubbleRenderer,4.142857143,13,3,29,23.28571429,17.71428571,75,5,7,7,228,7,0,7,15,171,124,114,69,3,229,4,221,3,0.315575397,9.285714286,20,65,0,0,159,54,329,75,403,332,19,2,13,3,0
org.jfree.data.xy.XYCoordinate,2.125,6,6,17,7.625,4.375,2,2,8,8,16,8,0,8,4,65,35,45,30,1,15,5,8,1,0.22979798,0,3,0,0,0,0,0,0,0,16,16,0,0,0,0,0
org.jfree.chart.util.XYCoordinateType,2.5,4,2,10,7.75,4.25,4,4,4,4,13,4,2,2,2,40,17,26,16,1,13,2,9,1,0.171717172,0,1,0,3,1,0,0,0,0,13,13,0,40,0,0,0
org.jfree.chart.plot.XYCrosshairState,1,1,1,1,2,0,10,0,1,1,36,1,0,1,0,4,0,2,0,2,39,1,35,2,0.111111111,0,0,0,0,0,0,0,0,0,36,36,0,0,0,0,0
org.jfree.chart.annotations.XYDataImageAnnotation,1.8125,10,13,29,7.9375,4.75,10,6,16,16,38,16,2,14,21,136,76,93,54,3,38,12,22,3,0.365384615,1.25,15,20,1,1,46,18,180,34,57,52,19,136,0,0,0
org.jfree.data.xy.XYDataItem,1.8,6,9,27,6.733333333,3.6,4,4,15,15,23,15,0,15,10,107,54,71,44,1,22,12,8,1,0.244755245,0.133333333,8,2,0,0,6,2,11,6,25,25,0,19,2,0,0
org.jfree.data.xy.XYDatasetTableModel,1.7,3,5,17,5.7,2.8,1,1,10,10,21,10,0,10,11,61,28,38,26,2,24,10,11,2,0.202020202,0.7,6,7,0,0,0,0,0,0,21,21,1,0,0,0,0
org.jfree.chart.renderer.xy.XYDifferenceRenderer,3.84,28,14,96,26.4,20.36,76,6,25,25,244,25,7,18,60,669,509,468,325,3,243,20,219,3,0.378869048,4.92,27,123,3,2,218,78,668,131,427,356,71,2,30,23,0
org.jfree.chart.renderer.xy.XYDotRenderer,2.384615385,7,7,31,10.84615385,7.153846154,74,4,13,13,234,13,2,11,19,148,93,102,62,3,235,10,221,3,0.342848124,3.538461538,17,46,1,1,83,38,389,45,409,339,20,1,6,8,0
org.jfree.chart.annotations.XYDrawableAnnotation,2.833333333,10,3,17,16,11,11,7,6,6,28,6,0,6,19,106,66,72,45,3,28,2,22,3,0.301282051,2.5,12,15,0,0,32,14,162,20,46,41,12,1,1,0,0
org.jfree.chart.renderer.xy.XYErrorRenderer,2.176470588,10,11,37,11.11764706,7.117647059,88,6,17,17,274,17,2,15,21,197,121,135,86,4,275,13,257,4,0.419394271,2.352941176,14,40,2,2,92,32,274,51,464,391,25,26,7,2,0
org.jfree.chart.annotations.XYImageAnnotation,2,8,9,24,8.916666667,5.166666667,9,5,12,12,34,12,2,10,17,115,62,78,44,3,34,8,22,3,0.356837607,1.583333333,15,19,2,2,37,16,212,25,54,49,22,1,0,0,0
org.jfree.data.xy.XYInterval,2,8,6,14,6.857142857,3.714285714,5,5,7,7,17,7,0,7,6,55,26,39,25,1,18,6,10,1,0.173160173,0,0,0,0,0,0,0,0,0,17,17,0,0,0,0,0
org.jfree.data.xy.XYIntervalDataItem,1.714285714,2,2,12,7.428571429,3.857142857,3,0,7,7,23,7,0,7,6,54,27,30,17,2,26,7,16,2,0.194444444,1.857142857,2,13,0,0,20,13,35,11,30,30,5,0,0,0,0
org.jfree.data.xy.XYIntervalSeries,1,1,10,10,3.8,1.6,10,0,10,10,54,10,0,10,17,40,16,27,10,3,57,9,44,3,0.232407407,1,4,10,0,0,22,10,87,13,80,72,7,0,0,0,0
org.jfree.data.xy.XYIntervalSeriesCollection,1.409090909,3,15,31,5.090909091,2.636363636,6,1,22,22,47,22,0,22,29,116,58,86,49,5,44,13,25,5,0.531356987,0.863636364,11,19,1,1,35,19,56,26,79,64,12,0,4,0,0
org.jfree.chart.entity.XYItemEntity,1.444444444,5,8,13,5.111111111,2.444444444,8,4,9,9,30,9,0,9,10,52,22,35,20,2,31,7,21,2,0.390096618,0.222222222,2,2,0,0,6,2,26,0,35,34,1,0,0,0,0
org.jfree.chart.renderer.xy.XYItemRendererState,1,1,11,11,3.454545455,1.272727273,7,6,11,11,25,11,0,11,16,46,14,32,14,2,35,11,14,2,0.203703704,0.090909091,5,1,2,2,2,1,2,0,27,27,5,15,0,0,0
org.jfree.chart.renderer.xy.XYLine3DRenderer,1.466666667,6,13,22,5.4,2.733333333,89,7,15,15,271,15,6,9,15,91,41,63,39,4,271,10,256,4,0.448809938,0.6,3,9,2,1,24,9,123,8,461,389,8,0,4,3,0
org.jfree.chart.renderer.xy.XYLineAndShapeRenderer,2.386363636,15,31,105,10.63636364,6.772727273,82,12,44,44,263,44,8,36,94,503,298,330,202,3,268,39,219,3,0.451190476,3.022727273,29,133,4,2,257,105,807,147,448,379,63,22,41,26,0
org.jfree.chart.annotations.XYLineAnnotation,2.875,10,5,23,15.5,10.75,11,7,8,8,30,8,2,6,20,134,86,93,63,3,30,4,22,3,0.334615385,3.625,16,29,2,2,75,27,367,63,56,50,16,1,0,0,0
org.jfree.chart.plot.XYPlot,2.948497854,57,110,687,12.24892704,7.927038627,93,63,233,233,298,233,23,210,305,2929,1847,2064,1357,2,294,224,65,2,0.335849183,2.78111588,59,648,45,13,1060,504,3396,943,474,408,469,342,63,0,1
org.jfree.chart.annotations.XYPointerAnnotation,1.695652174,11,19,39,8.956521739,6.086956522,36,14,23,23,70,23,2,21,22,223,140,166,102,4,71,19,47,4,0.362810458,2.086956522,16,48,2,2,89,47,410,48,107,91,20,21,13,3,0
org.jfree.chart.annotations.XYPolygonAnnotation,2.307692308,8,9,30,10.53846154,6.769230769,9,5,13,13,35,13,2,11,18,145,88,100,71,3,35,9,22,3,0.359615385,2.384615385,13,31,3,2,75,29,388,63,61,55,23,1,0,0,0
org.jfree.data.xy.XYSeries,2.288888889,11,29,103,9.133333333,5.511111111,15,9,45,45,69,45,5,40,53,422,248,293,193,2,68,41,24,2,0.264550265,1.022222222,13,46,1,1,67,46,226,53,88,85,31,144,30,10,0
org.jfree.data.xy.XYSeriesCollection,2.075,6,21,83,8.025,4.7,8,3,40,40,68,40,0,40,40,329,188,242,143,5,68,34,28,5,0.384220355,1.425,17,57,2,2,100,55,215,79,115,106,29,160,17,2,0
org.jfree.chart.annotations.XYShapeAnnotation,2.444444444,8,5,22,13,9,9,5,9,9,31,9,2,7,18,125,81,91,54,3,31,5,22,3,0.342948718,3.333333333,13,30,4,3,70,28,532,58,58,52,28,1,0,0,0
org.jfree.chart.renderer.xy.XYShapeRenderer,2.166666667,12,15,52,9.5,5.875,78,8,24,24,243,24,3,21,27,239,141,156,106,3,242,19,219,3,0.444940476,2.083333333,21,50,2,2,98,42,350,52,423,359,23,3,19,2,0
org.jfree.chart.renderer.xy.XYSplineRenderer,3.375,13,3,27,17,11.5,84,2,8,8,266,8,2,6,24,162,92,129,79,4,268,5,258,4,0.337164751,4,12,32,1,1,42,16,98,23,455,377,20,0,3,0,0
org.jfree.chart.renderer.xy.XYStepAreaRenderer,3.222222222,27,14,58,13.61111111,8.722222222,80,10,17,18,239,18,1,17,29,258,157,171,117,3,240,15,221,3,0.238839286,3.277777778,15,59,1,1,100,40,253,51,417,351,20,2,8,8,0
org.jfree.chart.renderer.xy.XYStepRenderer,2.888888889,13,5,26,14.55555556,10.11111111,84,2,9,9,266,9,1,8,21,136,91,83,49,4,267,5,257,4,0.310664112,4.666666667,15,42,0,0,83,27,204,28,454,374,14,1,11,8,0
org.jfree.data.gantt.XYTaskDataset,1.433333333,6,21,43,5.366666667,2.733333333,8,3,30,30,54,30,6,24,40,167,82,110,61,4,53,24,24,4,0.433777778,0.8,11,24,1,1,33,20,72,24,72,67,14,0,3,0,0
org.jfree.chart.annotations.XYTextAnnotation,1.838709677,15,21,57,7.774193548,4.806451613,22,18,31,31,53,31,2,29,25,262,149,192,130,3,54,27,22,3,0.375686813,1.387096774,16,43,11,4,93,42,499,70,87,75,37,80,1,6,0
org.jfree.chart.annotations.XYTitleAnnotation,2.533333333,13,12,38,11.8,7.933333333,12,8,15,15,37,15,0,15,17,188,119,132,82,3,37,11,22,3,0.363782051,3.8,26,57,3,3,93,43,290,79,75,62,27,188,0,0,0
org.jfree.data.xy.YInterval,2,6,4,10,6.6,3.6,3,3,5,5,15,5,0,5,4,38,18,27,17,1,16,4,10,1,0.163636364,0,0,0,0,0,0,0,0,0,15,15,0,0,0,0,0
org.jfree.data.xy.YIntervalDataItem,1.6,2,2,8,6.6,3.4,3,0,5,5,21,5,0,5,4,35,17,20,11,2,24,5,16,2,0.185185185,1.8,2,9,0,0,14,9,25,7,26,26,3,0,0,0,0
org.jfree.chart.renderer.xy.YIntervalRenderer,2.125,6,5,17,12.875,9,72,2,8,8,229,8,1,7,21,108,72,73,39,3,230,5,221,3,0.32390873,5.125,20,41,0,0,110,35,369,50,400,339,22,1,18,44,0
org.jfree.data.xy.YIntervalSeries,1,1,8,8,3.625,1.5,10,0,8,8,52,8,0,8,13,31,12,21,8,3,55,7,44,3,0.226157407,1,4,8,0,0,18,8,73,9,74,68,5,0,0,0,0
org.jfree.data.xy.YIntervalSeriesCollection,1.4,3,14,28,5.15,2.7,6,1,20,20,47,20,0,20,25,107,54,78,44,5,46,13,27,5,0.469421102,1,11,20,1,1,38,20,71,29,74,62,13,0,4,0,0
org.jfree.data.xy.YWithXInterval,2,6,4,10,6.6,3.6,3,3,5,5,15,5,0,5,4,38,18,27,17,1,16,4,10,1,0.163636364,0,0,0,0,0,0,0,0,0,15,15,0,0,0,0,0
org.jfree.data.time.Year,1.473684211,3,13,28,5.947368421,3.105263158,6,6,18,19,33,19,0,19,15,121,59,81,48,2,25,8,14,2,0.374500561,0.105263158,5,2,0,0,4,2,4,4,38,38,12,3,1,0,0
org.jfree.chart.panel.ZoomHandler,4.8,8,1,24,31.8,23.8,3,2,5,5,23,5,1,4,6,163,119,101,71,2,23,2,18,2,0.195767196,6.4,5,32,2,2,43,30,128,42,56,37,16,163,0,0,0
