relName,AvgWMC,CCMax,NTM,WMC,AvgSLOC,AvgSLOCExe,NA,NAIMP,NIM,NLM,NM,NMIMP,NMNpub,Nmpub,NumPara,SLOC,SLOCExe,stms,stmsExe,AID,CHM,DIT,NMA,NMI,NOA,PII,AMC,CBO,CC,DAC,DACquote,ICP,MPC,MPCNew,NIHICP,RFC,RFC1,UCL,bug
org.jfree.chart.block.AbstractBlock,1.611111111,10,27,58,6.222222222,3.527777778,8,8,36,36,45,36,14,22,33,234,127,167,102,1,59,1,34,9,1,0.222510823,1.722222222,17,62,3,2,93,48,398,93,83,70,35,0
org.jfree.chart.labels.AbstractCategoryItemLabelGenerator,2.307692308,6,7,30,9.615384615,5.692307692,6,6,13,13,21,13,5,8,18,134,74,92,63,1,25,1,10,8,1,0.242424242,1,10,13,3,2,24,8,45,24,25,25,9,0
org.jfree.chart.renderer.category.AbstractCategoryItemRenderer,2.655737705,19,31,162,13.42622951,8.475409836,69,15,61,61,214,61,9,52,127,838,517,504,319,2,234,2,57,153,2,0.226883374,4.016393443,47,245,6,3,403,191,1336,341,375,306,133,0
org.jfree.data.general.AbstractDataset,1.25,3,10,15,4.333333333,2,3,3,12,12,22,12,5,7,7,58,24,41,21,1,71,1,11,10,1,0.183080808,0.25,7,3,2,2,4,2,6,4,24,24,9,0
org.jfree.chart.plot.dial.AbstractDialLayer,1.363636364,3,9,15,5,2.545454545,2,2,11,11,19,11,3,8,7,59,28,43,23,1,29,1,8,8,1,0.239057239,0.272727273,6,3,1,1,5,2,5,5,23,21,5,0
org.jfree.data.xy.AbstractIntervalXYDataset,2,2,0,8,8,5,4,0,4,4,32,4,0,4,8,35,20,25,12,4,53,4,4,28,4,0.213333333,1,2,4,0,0,0,0,0,0,34,34,0,0
org.jfree.chart.util.AbstractObjectList,2.384615385,6,5,31,8.923076923,5.307692308,5,5,13,13,21,13,8,5,10,123,69,93,59,1,25,1,10,8,1,0.242424242,0.384615385,7,5,0,0,15,5,20,15,24,24,2,0
org.jfree.chart.labels.AbstractPieItemLabelGenerator,2.555555556,6,4,23,10.44444444,6.333333333,4,4,9,9,17,9,3,6,8,100,57,69,45,1,18,1,6,8,1,0.233766234,0.555555556,9,5,2,1,11,4,31,11,20,20,6,0
org.jfree.chart.plot.AbstractPieLabelDistributor,1.166666667,2,5,7,3.166666667,1.166666667,1,1,6,6,17,6,0,6,4,22,7,15,7,1,20,1,6,11,1,0.142857143,0,3,0,1,1,0,0,0,0,17,17,3,0
org.jfree.chart.renderer.AbstractRenderer,2.013245033,38,97,304,7.291390728,4.178807947,54,54,151,151,159,151,5,146,198,1159,631,777,539,1,211,1,148,8,1,0.256457189,1.17218543,25,177,39,12,319,141,1231,319,213,195,152,0
org.jfree.data.general.AbstractSeriesDataset,1.4,3,4,7,3.4,1.4,4,1,5,5,25,5,1,4,3,21,7,16,7,2,60,2,5,20,2,0.185185185,0.4,2,2,0,0,2,2,5,0,27,27,1,0
org.jfree.chart.annotations.AbstractXYAnnotation,1.888888889,5,6,17,6.333333333,3.333333333,2,2,9,9,18,9,2,7,15,64,30,41,25,1,26,1,7,9,1,0.206439394,0.666666667,8,6,0,0,13,5,25,13,23,22,9,0
org.jfree.data.xy.AbstractXYDataset,1.666666667,2,1,5,6.333333333,3.666666667,4,0,3,3,28,3,0,3,4,22,11,15,7,3,61,3,3,25,3,0.1875,1,3,3,0,0,0,0,0,0,30,30,1,0
org.jfree.chart.labels.AbstractXYItemLabelGenerator,2.125,9,12,34,8.875,5,7,7,16,16,24,16,6,10,19,151,80,99,67,1,29,1,13,8,1,0.245670996,0.8125,8,13,4,2,27,9,51,27,27,27,16,0
org.jfree.chart.renderer.xy.AbstractXYItemRenderer,3,19,28,177,15.52542373,10.28813559,68,14,58,59,213,59,7,52,139,933,607,575,363,2,241,2,56,154,2,0.224693013,4.644067797,43,274,6,3,445,224,1413,393,347,301,155,0
org.jfree.data.xy.AbstractXYZDataset,2,2,0,2,8,5,4,0,1,1,29,1,0,1,2,11,5,7,3,4,36,4,1,28,4,0.133333333,1,2,1,0,0,0,0,0,0,31,31,0,0
org.jfree.chart.util.Align,4,7,1,8,14,9,20,20,1,2,13,2,1,1,3,50,18,41,14,1,15,1,2,11,1,0.111111111,0,0,0,0,0,0,0,0,0,13,13,2,0
org.jfree.chart.util.ApplicationFrame,1.125,2,7,9,2.75,0.625,0,0,8,8,19,8,0,8,8,24,5,14,5,2,25,2,8,11,2,0.197530864,0,2,0,0,0,0,0,0,0,19,19,7,0
org.jfree.chart.plot.dial.ArcDialFrame,1.56,10,19,39,7.84,5.2,10,8,25,25,40,25,3,22,18,207,130,151,96,2,40,2,22,15,2,0.379227053,1.2,9,30,3,2,72,30,346,55,53,50,35,0
org.jfree.chart.renderer.category.AreaRenderer,4.142857143,14,3,29,22.71428571,16.28571429,71,2,7,7,218,7,0,7,14,164,114,114,71,3,220,3,4,211,3,0.315784008,9.285714286,20,65,1,1,132,50,328,63,389,312,21,0
org.jfree.chart.renderer.AreaRendererEndType,2.5,4,2,10,8,4.5,5,5,4,4,13,4,2,2,2,42,18,28,16,1,13,1,2,9,1,0.171717172,0,1,0,3,1,0,0,0,0,13,13,0,0
org.jfree.chart.util.ArrayUtilities,5.166666667,10,1,31,16,9.666666667,0,0,1,6,17,6,1,5,8,98,58,77,55,1,19,1,6,11,1,0.142857143,0,3,0,0,0,0,0,0,0,17,17,0,0
org.jfree.chart.needle.ArrowNeedle,2.4,5,3,12,12.6,8.4,11,2,5,5,34,5,1,4,6,68,42,47,31,2,34,2,1,29,2,0.151515152,2.4,3,12,0,0,19,12,75,3,45,38,6,0
org.jfree.chart.util.AttributedStringUtilities,4.5,8,1,9,18,12.5,0,0,1,2,13,2,1,1,2,38,25,30,17,1,15,1,2,11,1,0.111111111,0,0,0,0,0,0,0,0,0,13,13,6,0
org.jfree.chart.axis.Axis,1.970588235,27,48,134,8.044117647,5.044117647,42,42,68,68,77,68,8,60,63,606,343,421,262,1,91,1,66,9,1,0.224785165,1.147058824,24,78,22,6,148,58,591,148,112,100,101,1
org.jfree.chart.event.AxisChangeEvent,1,1,2,2,3.5,1.5,3,1,2,2,20,2,0,2,1,10,3,7,3,3,24,3,2,18,3,0.166666667,0.5,1,1,1,1,2,1,2,0,20,20,3,0
org.jfree.chart.axis.AxisCollection,2,7,5,12,6.333333333,3.333333333,4,4,6,6,17,6,0,6,2,44,20,31,20,1,19,1,6,11,1,0.142857143,0.666666667,4,4,4,1,0,0,0,0,17,17,10,0
org.jfree.chart.entity.AxisLabelEntity,1.333333333,2,2,4,5.666666667,3,5,1,3,3,25,3,0,3,4,20,9,14,8,2,27,2,2,22,2,0.495974235,0.666666667,4,2,1,1,5,2,10,1,30,30,4,0
org.jfree.chart.axis.AxisLocation,3,6,3,18,9.833333333,5.666666667,6,6,5,6,15,6,2,4,3,71,34,46,31,1,15,1,4,9,1,0.193939394,0,3,0,4,1,0,0,0,0,15,15,0,0
org.jfree.chart.axis.AxisSpace,2.315789474,9,13,44,9.157894737,5.736842105,5,5,19,19,26,19,0,19,16,181,109,109,80,1,24,1,15,7,1,0.277462121,0.631578947,7,12,0,0,0,0,0,0,26,26,12,0
org.jfree.chart.axis.AxisState,1.307692308,5,12,17,3.923076923,1.615384615,3,3,13,13,24,13,0,13,10,56,21,38,21,1,26,1,13,11,1,0.154761905,0.307692308,2,4,1,1,0,0,0,0,24,24,4,0
org.jfree.chart.demo.BarChartDemo1,1,1,4,4,19.25,17.25,0,0,1,4,23,4,2,2,3,79,69,60,34,3,27,3,4,19,3,0.2,8.75,16,35,0,0,100,34,176,98,173,42,12,0
org.jfree.chart.renderer.category.BarRenderer,2.744680851,26,32,129,13.0212766,8.29787234,89,20,45,47,257,47,9,38,64,635,390,402,256,3,266,3,43,210,3,0.417215378,3.531914894,33,166,3,2,204,107,514,116,441,369,63,0
org.jfree.chart.renderer.category.BarRenderer3D,3.0625,11,8,49,24.875,19.1875,96,7,16,16,261,16,2,14,41,408,307,296,168,4,259,4,8,245,4,0.455910555,5.25,30,84,2,1,153,66,467,84,449,368,78,0
org.jfree.chart.ui.BasicProjectInfo,1.357142857,3,10,19,5.071428571,2.428571429,7,3,14,14,31,14,0,14,17,122,34,80,48,2,32,2,10,17,2,0.265512266,0.5,3,7,2,1,13,7,26,5,40,38,6,0
org.jfree.chart.block.BlockBorder,1.909090909,5,8,21,7.454545455,4.363636364,4,4,11,11,21,11,2,9,17,89,48,64,38,1,22,1,10,10,1,0.181818182,1,6,11,3,3,33,11,120,33,32,30,13,0
org.jfree.chart.block.BlockContainer,1.928571429,7,10,27,7.285714286,4.357142857,11,3,14,14,52,14,0,14,13,108,61,77,46,2,53,2,11,38,2,0.339205059,1.285714286,12,18,1,1,19,11,58,7,98,77,15,0
org.jfree.chart.block.BlockParams,1,1,7,7,3.285714286,1.285714286,3,3,7,7,18,7,0,7,3,28,9,20,9,1,20,1,7,11,1,0.145833333,0,0,0,0,0,0,0,0,0,18,18,0,0
org.jfree.chart.block.BlockResult,1,1,3,3,3,1,1,1,3,3,14,3,0,3,1,12,3,8,3,1,16,1,3,11,1,0.125,0,1,0,0,0,0,0,0,0,14,14,0,0
org.jfree.chart.util.BooleanList,1.2,2,4,6,3.4,1.2,6,1,5,5,22,5,0,5,4,20,6,13,6,2,23,2,3,17,2,0.201754386,0.8,1,4,0,0,8,4,52,0,27,24,0,0
org.jfree.chart.block.BorderArrangement,7,13,2,70,35.3,26.3,6,6,10,10,20,10,5,5,21,361,263,234,156,1,21,1,9,10,1,0.18030303,16.7,11,167,0,0,170,61,358,170,61,42,67,1
org.jfree.data.statistics.BoxAndWhiskerCalculator,5.5,11,1,22,28.5,19.75,0,0,0,4,15,4,0,4,5,116,79,74,43,1,17,1,4,11,1,0.133333333,2,6,8,0,0,37,8,54,37,19,18,10,0
org.jfree.data.statistics.BoxAndWhiskerItem,1.923076923,12,11,25,7.692307692,4,10,10,13,13,22,13,0,13,19,112,52,70,45,1,22,1,11,9,1,0.213383838,0.692307692,4,9,1,1,27,9,81,27,23,23,4,0
org.jfree.chart.renderer.category.BoxAndWhiskerRenderer,3.380952381,20,14,71,22.04761905,15.71428571,74,5,21,21,232,21,6,15,57,471,330,301,164,3,233,3,18,211,3,0.352626114,7.476190476,26,157,1,1,269,128,495,183,431,348,65,0
org.jfree.chart.labels.BoxAndWhiskerToolTipGenerator,1.75,3,2,7,8.75,5.25,10,2,4,4,27,4,1,3,6,43,21,28,17,3,29,3,2,23,3,0.36,2.75,6,11,0,0,6,3,12,0,34,31,2,0
org.jfree.chart.labels.BoxAndWhiskerXYToolTipGenerator,2,3,2,8,10.25,6.25,11,2,4,4,33,4,1,3,7,47,25,30,19,3,35,3,2,29,3,0.35483871,3.5,5,14,0,0,10,6,18,0,40,38,3,0
org.jfree.chart.labels.BubbleXYItemLabelGenerator,2.1,6,5,21,9.6,5.8,11,4,10,10,31,10,1,9,18,103,58,67,42,2,31,2,7,21,2,0.347222222,1.8,8,18,2,2,32,14,109,12,36,35,12,0
org.jfree.data.io.CSV,2.666666667,4,2,16,14.16666667,9.833333333,2,2,6,6,17,6,3,3,8,89,59,61,33,1,19,1,6,11,1,0.142857143,0.5,6,3,0,0,9,3,8,9,30,19,8,0
org.jfree.chart.renderer.xy.CandlestickRenderer,2.633333333,26,19,79,13.06666667,8.266666667,84,16,30,30,238,30,2,28,35,411,248,272,172,3,238,3,26,208,3,0.413696716,2.2,24,66,3,1,113,50,388,80,386,330,36,0
org.jfree.chart.axis.CategoryAnchor,2.5,4,2,10,7.75,4.25,5,5,4,4,13,4,2,2,2,41,17,27,16,1,13,1,2,9,1,0.171717172,0,1,0,3,1,0,0,0,0,13,13,0,0
org.jfree.chart.axis.CategoryAxis,2.625,14,24,126,12.95833333,8.354166667,55,13,48,48,116,48,11,37,90,637,401,407,258,2,115,2,41,68,2,0.248042328,3.416666667,37,164,4,2,239,126,881,178,214,171,107,0
org.jfree.chart.axis.CategoryAxis3D,3,7,3,15,16.6,10.6,56,1,5,5,113,5,0,5,12,87,53,52,28,3,114,3,2,108,3,0.397897898,7,10,35,0,0,44,16,217,7,212,167,14,0
org.jfree.chart.plot.CategoryCrosshairState,1.857142857,4,5,13,8,4.714285714,12,2,7,7,42,7,0,7,14,60,33,42,24,2,45,2,7,35,2,0.194444444,1.571428571,3,11,0,0,14,9,18,0,42,42,4,0
org.jfree.data.xml.CategoryDatasetHandler,1.8,4,3,9,7.4,3.4,2,1,5,5,22,5,0,5,10,40,17,23,13,3,26,3,5,17,3,0.208333333,1.8,6,9,1,1,15,7,47,12,42,26,3,0
org.jfree.chart.entity.CategoryItemEntity,1.777777778,6,6,16,6,3.111111111,8,4,9,9,30,9,0,9,10,61,28,41,26,2,31,2,7,21,2,0.390096618,0.333333333,5,3,0,0,9,3,35,3,35,35,1,0
org.jfree.chart.renderer.category.CategoryItemRendererState,1,1,7,7,3.285714286,1.285714286,4,3,7,7,21,7,0,7,4,28,9,20,9,2,25,2,7,14,2,0.194444444,0.142857143,2,1,1,1,2,1,2,0,23,23,4,0
org.jfree.chart.entity.CategoryLabelEntity,1.6,4,4,8,6.8,4,6,1,5,5,26,5,0,5,5,37,20,27,17,3,27,3,2,21,3,0.319444444,1.4,5,7,0,0,15,7,41,6,33,32,1,0
org.jfree.chart.axis.CategoryLabelPosition,2,9,10,24,8.083333333,4.333333333,7,7,12,12,21,12,0,12,13,106,52,66,44,1,21,1,10,9,1,0.212121212,1.083333333,5,13,4,4,9,6,42,9,27,27,17,0
org.jfree.chart.axis.CategoryLabelPositions,3,7,4,33,16.72727273,11.90909091,10,10,5,11,20,11,0,11,16,258,131,90,65,1,20,1,9,9,1,0.210606061,6.181818182,8,68,9,2,72,20,324,72,30,24,15,0
org.jfree.chart.axis.CategoryLabelWidthType,2.5,4,1,10,7.75,4.25,4,4,4,4,13,4,2,2,2,41,17,26,16,1,13,1,2,9,1,0.171717172,0,2,0,2,1,0,0,0,0,13,13,0,0
org.jfree.chart.annotations.CategoryLineAnnotation,1.947368421,9,12,37,8.631578947,5.421052632,7,7,19,19,27,19,2,17,22,174,103,120,79,1,26,1,16,8,1,0.247771836,1.578947368,20,30,2,2,68,21,312,68,58,42,19,0
org.jfree.chart.plot.CategoryMarker,1.75,6,6,14,6.125,3.125,16,2,8,8,49,8,0,8,13,53,25,36,24,2,51,2,7,41,2,0.202380952,1,4,8,0,0,18,7,101,4,58,52,6,0
org.jfree.chart.plot.CategoryPlot,2.677083333,44,97,514,10.734375,6.65625,81,52,192,192,253,192,17,175,258,2124,1278,1495,967,2,249,2,183,61,2,0.33794571,2.421875,53,465,36,14,702,362,2224,609,456,353,367,2
org.jfree.chart.annotations.CategoryPointerAnnotation,1.608695652,12,19,37,8.086956522,5.347826087,30,14,23,23,52,23,2,21,20,204,123,151,87,3,53,3,20,29,3,0.380456349,1.173913043,20,27,2,2,53,24,293,40,95,71,18,0
org.jfree.data.xml.CategorySeriesHandler,1.8,3,3,9,8.8,4.8,3,3,5,5,16,5,0,5,11,50,24,30,15,2,19,2,5,11,2,0.185185185,2.6,7,13,2,2,27,11,46,27,38,25,8,0
org.jfree.chart.renderer.category.CategoryStepRenderer,3.111111111,10,5,28,16.11111111,10.66666667,72,3,9,9,220,9,2,7,23,158,96,102,60,3,221,3,6,211,3,0.441180834,6.777777778,17,61,0,0,113,48,239,59,389,314,19,0
org.jfree.data.xy.CategoryTableXYDataset,1.230769231,4,22,32,4.269230769,2,6,2,26,26,54,26,0,26,33,117,52,79,48,5,56,5,22,28,5,0.30736715,1.346153846,9,35,2,2,65,35,290,57,103,83,3,0
org.jfree.chart.annotations.CategoryTextAnnotation,2,7,6,22,9,5.727272727,16,4,11,11,32,11,0,11,14,107,63,70,43,2,33,2,8,21,2,0.239197531,2.363636364,17,26,1,1,51,21,225,40,68,44,12,0
org.jfree.chart.axis.CategoryTick,1.833333333,6,5,11,7.5,4,8,3,6,6,20,6,0,6,6,50,24,34,22,2,21,2,4,14,2,0.219444444,1.333333333,5,8,2,2,18,7,65,11,24,24,7,0
org.jfree.data.category.CategoryToPieDataset,3.333333333,9,4,40,11.16666667,6.583333333,7,4,12,12,31,12,0,12,9,141,79,96,65,2,33,2,11,19,2,0.22037037,2.416666667,9,29,1,1,1,1,2,0,33,33,6,0
org.jfree.chart.block.CenterArrangement,2.384615385,13,7,31,9.846153846,5.538461538,1,1,13,13,23,13,8,5,29,131,72,78,45,1,24,1,12,10,1,0.184149184,4.615384615,9,60,0,0,43,29,80,43,38,37,50,0
org.jfree.chart.event.ChartChangeEvent,1,1,7,7,3.428571429,1.285714286,2,2,7,7,18,7,0,7,8,28,9,19,9,2,27,2,7,11,2,0.194444444,0.285714286,2,2,2,2,0,0,0,0,18,18,9,0
org.jfree.chart.event.ChartChangeEventType,2.2,4,3,11,6.8,3.6,5,5,5,5,13,5,2,3,2,44,18,29,17,1,12,1,2,8,1,0.202020202,0,1,0,3,1,0,0,0,0,13,13,0,0
org.jfree.chart.ChartColor,1,1,2,2,20.5,18.5,24,24,1,2,13,2,0,2,3,67,37,29,2,2,16,2,2,11,2,0.148148148,0,0,0,24,1,0,0,0,0,13,13,1,0
org.jfree.chart.servlet.ChartDeleter,1.4,3,4,7,5,2.6,1,1,5,5,16,5,0,5,4,28,13,18,8,1,18,1,5,11,1,0.138888889,0,3,0,1,1,0,0,0,0,16,16,5,0
org.jfree.chart.editor.ChartEditorManager,1.25,2,3,5,3.5,1.25,1,1,1,4,15,4,1,3,2,17,5,11,5,1,17,1,4,11,1,0.133333333,0.25,5,1,0,0,0,0,0,0,15,15,1,0
org.jfree.chart.entity.ChartEntity,2.05,7,12,41,8.2,4.9,4,4,20,20,27,20,4,16,16,170,98,114,75,1,33,1,16,7,1,0.278074866,0.4,10,8,1,1,17,6,183,17,31,31,11,0
org.jfree.chart.ChartFactory,3.9,16,7,156,28.05,17.825,1,1,0,40,51,40,0,40,266,1125,713,652,403,1,53,1,40,11,1,0.162601626,13.675,102,547,0,0,1007,424,4958,1007,383,169,234,0
org.jfree.chart.ChartFrame,1.333333333,2,2,4,5.666666667,3,1,1,3,3,14,3,0,3,5,20,9,13,8,2,17,2,3,11,2,0.166666667,0.333333333,3,1,1,1,2,1,2,2,28,15,4,0
org.jfree.chart.ChartMouseEvent,1,1,4,4,4,1.75,4,4,4,4,15,4,0,4,3,22,7,16,7,2,18,2,4,11,2,0.177777778,0,2,0,3,3,0,0,0,0,15,15,9,0
org.jfree.chart.ChartPanel,2.215686275,15,63,226,11.16666667,7.558823529,70,70,102,102,113,102,13,89,106,1214,771,804,482,2,117,2,102,11,2,0.220064725,0.745098039,23,76,22,12,84,47,370,84,176,132,146,0
org.jfree.chart.event.ChartProgressEvent,1,1,7,7,3.428571429,1.285714286,7,5,7,7,20,7,0,7,7,31,9,22,9,2,23,2,7,13,2,0.194444444,0,1,0,1,1,0,0,0,0,20,20,4,0
org.jfree.chart.ChartRenderingInfo,1.666666667,6,9,20,5.75,3,4,4,12,12,21,12,2,10,6,75,36,53,33,1,21,1,10,9,1,0.212121212,0.833333333,9,10,2,2,19,8,196,19,26,26,7,0
org.jfree.chart.ChartUtilities,1.62962963,5,17,44,9.037037037,4.444444444,0,0,0,27,38,27,0,27,115,246,120,121,74,1,40,1,27,11,1,0.160714286,1.222222222,14,33,0,0,92,24,248,92,99,52,68,0
org.jfree.chart.renderer.xy.ClusteredXYBarRenderer,3.875,15,4,31,21.75,14.125,84,2,8,8,245,8,1,7,17,179,113,121,64,4,245,4,3,237,4,0.340220386,5.875,19,47,0,0,64,28,182,26,403,343,14,0
org.jfree.chart.block.ColorBlock,1.5,4,6,12,6.125,3.5,10,2,8,8,47,8,2,6,13,53,28,38,26,2,48,2,6,39,2,0.37340302,1.875,6,15,1,1,32,15,130,11,91,71,12,0
org.jfree.chart.block.ColumnArrangement,3.818181818,13,5,42,17.27272727,11.45454545,5,5,11,11,21,11,5,6,24,197,126,125,83,1,22,1,10,10,1,0.181818182,5.636363636,11,62,2,2,30,21,54,30,37,36,38,0
org.jfree.data.general.CombinedDataset,1.8,5,15,54,7.133333333,4.066666667,5,1,30,30,60,30,3,27,44,227,122,162,86,5,64,5,28,30,5,0.289032567,1.833333333,8,55,1,1,16,6,29,12,66,66,17,0
org.jfree.chart.plot.CombinedDomainCategoryPlot,3.041666667,12,9,73,13.33333333,8.708333333,85,4,24,24,259,24,2,22,35,327,209,231,140,3,250,3,11,235,3,0.323562862,3.833333333,18,92,2,2,176,86,948,81,515,353,62,0
org.jfree.chart.plot.CombinedDomainXYPlot,2.88,11,9,72,12.56,8.2,93,4,25,25,282,25,2,23,36,321,205,230,139,3,272,3,11,257,3,0.31781541,3.52,20,88,2,2,173,82,1015,75,503,380,59,0
org.jfree.chart.plot.CombinedRangeCategoryPlot,3.210526316,11,6,61,13.94736842,9.368421053,85,4,19,19,259,19,3,16,22,272,178,202,122,3,255,3,11,240,3,0.281586022,4.473684211,19,85,2,2,151,79,843,75,495,352,50,0
org.jfree.chart.plot.CombinedRangeXYPlot,2.833333333,11,8,68,12.5,8.166666667,93,4,24,24,282,24,2,22,35,307,196,219,130,3,273,3,11,258,3,0.322079903,3.5,20,84,2,2,166,77,1024,73,502,379,56,0
org.jfree.data.ComparableObjectItem,1.875,5,4,15,6.5,3.375,3,3,8,8,16,8,3,5,5,58,27,40,24,1,20,1,5,8,1,0.22979798,0.125,3,1,0,0,3,1,9,3,17,17,0,0
org.jfree.data.ComparableObjectSeries,2.5,11,12,50,9.25,5.5,10,4,20,20,45,20,8,12,23,192,110,129,86,2,50,2,17,25,2,0.245590829,1.15,7,23,1,1,36,23,102,24,55,55,13,0
org.jfree.chart.axis.CompassFormat,1.2,2,4,6,4.4,1.8,5,5,5,5,16,5,0,5,9,32,9,20,8,2,19,2,5,11,2,0.185185185,0,4,0,0,0,0,0,0,0,16,16,3,0
org.jfree.chart.plot.CompassPlot,2.617647059,13,17,89,11.26470588,7.794117647,49,20,34,34,98,34,3,31,32,408,265,313,227,2,95,2,28,64,2,0.298686371,1.235294118,28,42,13,7,73,37,361,55,171,124,43,0
org.jfree.chart.title.CompositeTitle,1.583333333,5,8,19,5.916666667,3.25,22,3,12,12,67,12,2,10,13,76,39,54,35,3,68,3,9,55,3,0.35335249,1.75,9,21,2,2,46,21,213,27,128,100,18,0
org.jfree.chart.ui.Contributor,1,1,3,3,3.333333333,1.333333333,2,2,3,3,14,3,0,3,2,14,4,10,4,1,16,1,3,11,1,0.125,0,1,0,0,0,0,0,0,0,14,14,0,0
org.jfree.chart.plot.CrosshairState,1.25,5,21,30,4.583333333,2.125,10,10,24,24,35,24,0,24,26,122,51,83,42,1,39,1,24,11,1,0.16,0.041666667,2,1,1,1,0,0,0,0,35,35,5,0
org.jfree.chart.urls.CustomCategoryURLGenerator,2.75,10,4,22,9.375,5.5,1,1,8,8,17,8,0,8,8,79,44,57,34,1,17,1,6,9,1,0.203463203,0,4,0,1,1,0,0,0,0,17,17,5,0
org.jfree.chart.urls.CustomPieURLGenerator,2.5,8,4,20,9.5,5.25,2,2,8,8,17,8,0,8,8,81,42,62,36,1,17,1,6,9,1,0.203463203,0,4,0,1,1,0,0,0,0,17,17,10,0
org.jfree.chart.labels.CustomXYToolTipGenerator,2.25,6,4,18,7.875,4.375,2,2,8,8,17,8,0,8,8,68,35,49,27,1,17,1,6,9,1,0.203463203,0,4,0,1,1,0,0,0,0,17,17,4,0
org.jfree.chart.urls.CustomXYURLGenerator,2.75,10,4,22,9.375,5.5,2,2,8,8,17,8,0,8,8,80,44,58,34,1,17,1,6,9,1,0.203463203,0,4,0,1,1,0,0,0,0,17,17,5,0
org.jfree.chart.axis.CyclicNumberAxis,3.588235294,24,21,122,18.44117647,12.91176471,92,11,34,34,190,34,8,26,65,649,439,388,268,4,183,4,22,156,4,0.389993099,5.558823529,24,189,5,3,269,135,773,147,281,248,77,0
org.jfree.chart.renderer.xy.CyclicXYItemRenderer,7.2,32,4,36,34.8,24,86,1,5,5,244,5,0,5,18,237,120,164,120,4,248,4,4,239,4,0.214722222,6.8,11,34,0,0,125,30,872,36,401,338,11,0
org.jfree.data.resources.DataPackageResources,1,1,1,1,3,1,1,1,1,1,12,1,0,1,0,9,1,4,1,2,15,2,1,11,2,0.111111111,0,0,0,0,0,0,0,0,0,12,12,0,0
org.jfree.data.resources.DataPackageResources_de,1,1,1,1,3,1,1,1,1,1,12,1,0,1,0,9,1,4,1,2,15,2,1,11,2,0.111111111,0,0,0,0,0,0,0,0,0,12,12,0,0
org.jfree.data.resources.DataPackageResources_es,1,1,1,1,3,1,1,1,1,1,12,1,0,1,0,9,1,4,1,2,15,2,1,11,2,0.111111111,0,0,0,0,0,0,0,0,0,12,12,0,0
org.jfree.data.resources.DataPackageResources_fr,1,1,1,1,3,1,1,1,1,1,12,1,0,1,0,9,1,4,1,2,15,2,1,11,2,0.111111111,0,0,0,0,0,0,0,0,0,12,12,0,0
org.jfree.data.resources.DataPackageResources_pl,1,1,1,1,3,1,1,1,1,1,12,1,0,1,0,9,1,4,1,2,15,2,1,11,2,0.111111111,0,0,0,0,0,0,0,0,0,12,12,0,0
org.jfree.data.resources.DataPackageResources_ru,1,1,1,1,3,1,1,1,1,1,12,1,0,1,0,9,1,4,1,2,15,2,1,11,2,0.111111111,0,0,0,0,0,0,0,0,0,12,12,0,0
org.jfree.data.DataUtilities,3.6,6,0,18,13,8.4,0,0,0,5,16,5,0,5,7,67,42,60,34,1,18,1,5,11,1,0.138888889,2.2,7,11,0,0,4,2,6,4,20,18,1,0
org.jfree.data.general.DatasetChangeEvent,1,1,2,2,3.5,1.5,3,1,2,2,15,2,0,2,2,10,3,7,3,2,18,2,2,13,2,0.148148148,0,1,0,0,0,0,0,0,0,15,15,0,0
org.jfree.data.general.DatasetGroup,1.8,4,3,9,5.8,3,2,2,5,5,14,5,0,5,2,33,15,23,14,1,14,1,3,9,1,0.185606061,0,3,0,0,0,0,0,0,0,14,14,0,0
org.jfree.data.xml.DatasetReader,2,3,2,8,11.5,7,0,0,0,4,15,4,0,4,8,48,28,29,14,1,17,1,4,11,1,0.133333333,1,5,4,0,0,4,4,8,4,19,19,16,0
org.jfree.chart.plot.DatasetRenderingOrder,2,4,3,10,6.2,3.2,4,4,5,5,13,5,2,3,2,39,16,26,15,1,12,1,2,8,1,0.202020202,0,1,0,2,1,0,0,0,0,13,13,0,0
org.jfree.data.general.DatasetUtilities,5.11627907,15,12,220,21.1627907,13.34883721,0,0,1,43,54,43,1,42,72,912,574,694,421,1,56,1,43,11,1,0.162878788,3.093023256,28,133,0,0,75,31,174,75,97,68,38,0
org.jfree.chart.axis.DateAxis,3.2,25,19,160,19.58,14.26,82,12,47,50,176,50,11,39,77,1030,713,675,432,3,167,3,37,126,3,0.35151919,8.04,30,402,8,7,613,243,1374,517,282,253,164,0
org.jfree.data.time.DateRange,1,1,9,9,3.666666667,1.666666667,6,3,9,9,34,9,0,9,5,38,15,27,13,2,36,2,8,25,2,0.54368471,0.444444444,1,4,0,0,8,4,20,0,35,35,5,0
org.jfree.chart.axis.DateTick,1.6,4,4,8,6,2.6,8,1,5,5,23,5,0,5,12,33,13,20,12,3,25,3,3,18,3,0.220833333,0.8,4,4,1,1,12,3,28,3,27,25,9,0
org.jfree.chart.axis.DateTickMarkPosition,2.5,4,2,10,7.75,4.25,5,5,4,4,13,4,2,2,2,41,17,27,16,1,13,1,2,9,1,0.171717172,0,1,0,3,1,0,0,0,0,13,13,0,0
org.jfree.chart.axis.DateTickUnit,2.105263158,8,15,40,7.157894737,4.631578947,17,14,18,19,32,19,2,17,22,153,88,99,61,2,31,2,15,13,2,0.453431373,0.157894737,3,3,1,1,7,3,26,3,34,34,16,0
org.jfree.chart.title.DateTitle,1,1,5,5,4.8,2,33,1,5,5,92,5,0,5,15,27,10,12,5,4,97,4,5,87,4,0.222222222,1.2,4,6,0,0,10,2,31,0,179,134,11,0
org.jfree.data.time.Day,1.545454545,4,15,34,6.590909091,3.681818182,8,8,21,22,36,22,0,22,15,159,81,110,60,2,28,2,11,14,2,0.380673401,0.909090909,3,20,5,2,27,18,23,27,57,48,18,0
org.jfree.chart.editor.DefaultAxisEditor,1.588235294,4,10,27,10.47058824,7.823529412,15,15,16,17,28,17,2,15,4,196,133,136,92,2,32,2,17,11,2,0.209876543,2,9,34,15,8,61,34,218,61,75,55,28,0
org.jfree.data.statistics.DefaultBoxAndWhiskerCategoryDataset,1.840909091,10,22,81,8.045454545,5.113636364,10,7,44,44,62,44,1,43,62,364,225,255,149,2,63,2,42,18,2,0.250387597,1.659090909,9,73,1,1,131,73,591,123,118,96,31,1
org.jfree.data.statistics.DefaultBoxAndWhiskerXYDataset,1.777777778,6,13,48,7,4.037037037,12,8,27,27,51,27,0,27,37,200,109,137,79,4,52,4,23,24,4,0.303174603,0.703703704,10,19,3,2,23,19,56,21,67,67,19,0
org.jfree.data.category.DefaultCategoryDataset,1.4,10,23,35,5,2.36,5,2,25,25,42,25,0,25,30,130,59,91,53,2,44,2,22,17,2,0.262560386,1.32,5,33,1,1,50,30,200,41,78,66,3,0
org.jfree.chart.renderer.category.DefaultCategoryItemRenderer,0,0,0,0,0,0,82,1,0,0,245,0,0,0,0,4,0,2,0,4,250,4,0,245,4,0,0,0,0,0,0,0,0,0,0,416,341,0,0
org.jfree.chart.editor.DefaultChartEditor,1.25,2,6,10,13.625,11.25,5,5,8,8,19,8,1,7,3,117,90,91,66,2,22,2,8,11,2,0.197530864,1.875,8,15,5,5,24,15,306,24,156,33,17,0
org.jfree.chart.editor.DefaultChartEditorFactory,1,1,2,2,2.5,0.5,0,0,2,2,13,2,0,2,1,7,1,4,1,1,15,1,2,11,1,0.111111111,0.5,3,1,0,0,2,1,63,2,81,14,1,0
org.jfree.chart.plot.DefaultDrawingSupplier,2.588235294,13,13,44,12.94117647,8.823529412,19,19,14,17,26,17,5,12,23,250,150,198,127,1,26,1,15,9,1,0.216856061,0.647058824,5,11,12,3,28,11,371,28,40,33,41,0
org.jfree.data.xy.DefaultHighLowDataset,1.894736842,10,11,36,6.736842105,3.736842105,11,7,18,19,44,19,0,19,37,138,71,100,60,4,46,4,16,25,4,0.286694678,0,5,0,1,1,0,0,0,0,48,48,3,0
org.jfree.data.category.DefaultIntervalCategoryDataset,2.6875,9,9,86,10.84375,6.75,8,4,30,32,53,32,3,29,44,354,216,226,156,3,53,3,28,21,3,0.294712644,0.40625,9,13,0,0,21,13,50,16,61,60,3,1
org.jfree.data.xy.DefaultIntervalXYDataset,1.9,11,15,38,8.75,5.7,6,2,20,20,41,20,0,20,29,180,114,135,71,5,36,5,9,21,5,0.546401515,0.2,8,4,2,1,8,4,26,3,46,46,2,0
org.jfree.data.DefaultKeyedValue,2,6,5,16,5.75,3,3,3,8,8,15,8,0,8,4,52,24,36,21,1,13,1,4,7,1,0.254545455,0,5,0,0,0,0,0,0,0,15,15,0,0
org.jfree.data.general.DefaultKeyedValueDataset,2,7,5,20,6.3,3.3,5,2,10,10,27,10,0,10,7,68,33,46,29,2,27,2,7,17,2,0.244444444,1.6,7,16,0,0,18,7,48,15,32,32,0,0
org.jfree.data.DefaultKeyedValues,2.090909091,9,12,46,8.318181818,5.136363636,4,4,22,22,30,22,1,21,23,190,113,144,90,1,29,1,19,8,1,0.249242424,0.681818182,11,15,3,2,20,10,40,20,35,35,12,1
org.jfree.data.DefaultKeyedValues2D,2.695652174,13,14,62,10.60869565,6.47826087,5,5,23,23,31,23,0,23,22,252,149,180,119,1,30,1,20,8,1,0.24963925,1.043478261,8,24,3,1,37,19,114,37,42,40,11,1
org.jfree.data.general.DefaultKeyedValues2DDataset,0,0,0,0,0,0,6,1,0,0,42,0,0,0,0,4,0,2,0,3,46,3,0,42,3,0,0,0,0,0,0,0,0,0,0,78,66,0,0
org.jfree.data.general.DefaultKeyedValuesDataset,0,0,0,0,0,0,6,1,0,0,36,0,0,0,0,4,0,2,0,3,40,3,0,36,3,0,0,0,0,0,0,0,0,0,0,62,55,0,0
org.jfree.data.statistics.DefaultMultiValueCategoryDataset,2.315789474,13,12,44,8.684210526,5.210526316,7,4,19,19,37,19,0,19,19,172,99,126,77,2,38,2,17,18,2,0.243209877,1.052631579,8,20,2,2,40,20,183,38,68,55,13,0
org.jfree.chart.editor.DefaultNumberAxisEditor,2.153846154,6,5,28,12.38461538,8.692307692,25,10,13,13,37,13,2,11,7,175,113,116,83,3,39,3,11,24,3,0.254807692,1.461538462,10,19,7,5,35,19,133,28,98,65,16,0
org.jfree.data.xy.DefaultOHLCDataset,1.45,5,14,29,5.1,2.65,6,2,20,20,44,20,0,20,31,107,53,76,41,4,45,4,16,24,4,0.29859944,0.4,7,8,1,1,8,8,18,7,55,55,3,0
org.jfree.data.general.DefaultPieDataset,1.684210526,9,14,32,5.789473684,3.052631579,5,2,19,19,36,19,0,19,19,115,58,83,51,2,38,2,16,17,2,0.259150327,1.578947368,7,30,1,1,38,24,140,31,62,55,4,0
org.jfree.chart.editor.DefaultPlotEditor,4.2,22,7,63,21.66666667,16.13333333,17,17,15,15,26,15,6,9,3,345,242,227,158,2,29,2,15,11,2,0.208333333,3.933333333,17,59,12,8,87,56,233,87,130,66,42,0
org.jfree.chart.renderer.DefaultPolarItemRenderer,2,4,5,24,12.16666667,8,56,2,12,12,166,12,0,12,21,151,96,104,49,2,166,2,9,154,2,0.206369427,3.75,20,45,2,2,80,40,433,65,241,212,37,0
org.jfree.data.statistics.DefaultStatisticalCategoryDataset,2.275862069,14,18,66,11.10344828,7.413793103,16,13,29,29,47,29,1,28,34,338,215,226,158,2,48,2,27,18,2,0.247619048,1.517241379,7,44,1,1,76,44,330,68,91,76,11,0
org.jfree.data.xy.DefaultTableXYDataset,2.083333333,8,20,75,7.527777778,4.472222222,9,5,36,36,62,36,2,34,30,280,161,211,138,5,62,5,30,26,5,0.38687276,1.388888889,13,50,3,3,87,50,272,75,117,98,23,0
org.jfree.chart.editor.DefaultTitleEditor,1.9,4,5,19,12.3,9.4,9,9,10,10,21,10,2,8,3,135,94,94,60,2,24,2,10,11,2,0.202020202,1.9,8,19,8,6,30,19,107,30,55,38,22,0
org.jfree.data.general.DefaultValueDataset,1.428571429,3,5,10,4.285714286,2,5,2,7,7,25,7,0,7,4,35,14,24,13,2,26,2,5,18,2,0.218518519,0.714285714,4,5,0,0,9,4,24,6,28,28,0,0
org.jfree.data.xy.DefaultWindDataset,2.076923077,8,8,27,8.461538462,5.153846154,6,2,12,13,38,13,0,13,17,115,67,84,47,4,40,4,10,25,4,0.278138528,0.307692308,8,4,2,1,7,4,10,7,46,46,14,0
org.jfree.data.xy.DefaultXYDataset,2,7,9,30,8.266666667,5.133333333,6,2,15,15,34,15,0,15,15,129,77,96,57,4,30,4,6,19,4,0.483862434,0.4,9,6,2,1,11,5,28,6,37,37,3,0
org.jfree.chart.renderer.xy.DefaultXYItemRenderer,0,0,0,0,0,0,81,1,0,0,249,0,0,0,0,4,0,2,0,4,254,4,0,249,4,0,0,0,0,0,0,0,0,0,0,399,346,0,0
org.jfree.data.xy.DefaultXYZDataset,1.941176471,8,11,33,8.235294118,5.176470588,6,2,17,17,36,17,0,17,19,145,88,108,62,5,32,5,7,19,5,0.524664751,0.352941176,9,6,2,1,11,5,28,6,39,39,3,0
org.jfree.chart.renderer.xy.DeviationRenderer,2.416666667,13,8,29,11.75,7.25,81,1,12,12,253,12,2,10,25,153,87,105,66,4,250,4,4,241,4,0.515709505,3.333333333,16,40,0,0,64,20,190,24,403,349,22,0
org.jfree.chart.plot.dial.DialBackground,1.615384615,5,8,21,6,3.230769231,5,3,13,13,28,13,2,11,10,84,42,57,37,2,28,2,10,15,2,0.368686869,0.923076923,10,12,1,1,22,11,121,15,40,36,11,0
org.jfree.chart.plot.dial.DialCap,1.625,7,11,26,6.6875,3.9375,7,5,16,16,31,16,2,14,11,115,63,82,56,2,31,2,13,15,2,0.373015873,1.3125,9,21,3,2,48,21,280,37,44,41,17,0
org.jfree.chart.plot.dial.DialLayerChangeEvent,1,1,2,2,3.5,1.5,3,1,2,2,20,2,0,2,1,10,3,7,3,3,24,3,2,18,3,0.166666667,0.5,1,1,0,0,2,1,2,0,20,20,0,0
org.jfree.chart.plot.dial.DialPlot,2.12195122,12,21,87,8.634146341,5.341463415,41,12,40,41,107,41,3,38,41,368,219,269,180,2,106,2,37,66,2,0.235421888,1.731707317,23,71,5,2,63,39,149,48,168,130,34,0
org.jfree.chart.plot.dial.DialPointer,1.4,5,9,14,4.8,2.4,4,2,10,10,25,10,2,8,4,257,24,190,117,2,27,2,7,15,2,0.361111111,0.7,3,7,0,0,14,7,40,7,31,29,0,0
org.jfree.chart.plot.DialShape,2.2,4,3,11,6.8,3.6,5,5,5,5,13,5,2,3,2,41,18,29,17,1,12,1,2,8,1,0.202020202,0,1,0,3,1,0,0,0,0,13,13,0,0
org.jfree.chart.plot.dial.DialTextAnnotation,1.7,9,13,34,6.75,3.95,9,7,20,20,35,20,2,18,14,145,79,104,70,2,35,2,17,15,2,0.37654321,1.15,12,23,3,3,50,22,197,35,51,46,18,0
org.jfree.chart.plot.dial.DialValueIndicator,1.702702703,16,25,63,6.918918919,4.162162162,17,15,37,37,52,37,2,35,22,274,154,201,135,2,52,2,34,15,2,0.382539683,1.621621622,16,60,10,7,136,57,655,105,89,73,44,0
org.jfree.chart.servlet.DisplayChart,3.666666667,9,2,11,15.66666667,10,0,0,3,3,14,3,0,3,2,49,30,31,20,2,17,2,3,11,2,0.166666667,1.333333333,4,4,0,0,10,4,28,10,19,18,5,0
org.jfree.data.DomainOrder,2.2,4,3,11,6.8,3.6,5,5,5,5,13,5,2,3,2,43,18,29,17,1,12,1,2,8,1,0.202020202,0,1,0,3,1,0,0,0,0,13,13,0,0
org.jfree.chart.imagemap.DynamicDriveToolTipTagFragmentGenerator,1,1,3,3,4.333333333,2.333333333,2,2,3,3,14,3,0,3,3,18,7,10,4,1,16,1,3,11,1,0.125,0.666666667,2,2,0,0,4,2,76,4,15,15,0,1
org.jfree.data.time.DynamicTimeSeriesCollection,2.095238095,9,26,88,8.142857143,4.833333333,26,22,42,42,71,42,6,36,53,385,203,285,178,5,74,5,39,29,5,0.413194444,0.761904762,15,32,5,4,69,32,95,67,86,85,21,0
org.jfree.chart.block.EmptyBlock,1,1,5,5,4,2,9,1,5,5,44,5,0,5,9,24,10,16,8,2,45,2,3,39,2,0.349593496,2.2,3,11,0,0,21,11,83,5,84,67,8,0
org.jfree.chart.encoders.EncoderUtil,1,1,8,8,6,2,0,0,0,8,19,8,0,8,28,50,16,25,8,1,21,1,8,11,1,0.148148148,2,3,16,0,0,26,8,56,26,23,23,12,0
org.jfree.chart.axis.ExtendedCategoryAxis,2,6,7,22,7.545454545,4.363636364,59,4,11,11,119,11,3,8,12,89,48,61,39,3,120,3,8,108,3,0.231231231,1.818181818,12,20,3,3,39,16,180,25,221,177,15,0
org.jfree.chart.ui.ExtensionFileFilter,1.666666667,3,2,5,6.333333333,3.333333333,2,2,3,3,14,3,0,3,3,23,10,15,8,2,17,2,3,11,2,0.166666667,0,1,0,0,0,0,0,0,0,14,14,1,0
org.jfree.chart.plot.FastScatterPlot,2.186046512,14,21,94,9.162790698,5.627906977,45,16,43,43,109,43,6,37,56,417,242,289,192,2,108,2,39,66,2,0.235714286,2.139534884,23,92,12,5,191,81,690,169,238,147,78,0
org.jfree.data.time.FixedMillisecond,1.411764706,5,13,24,5.235294118,2.470588235,2,2,17,17,30,17,0,17,8,94,42,60,32,2,21,2,5,13,2,0.400740741,0,1,0,0,0,0,0,0,0,32,32,8,0
org.jfree.chart.block.FlowArrangement,3.285714286,13,6,46,15.42857143,10.07142857,5,5,14,14,24,14,8,6,33,223,141,138,89,1,25,1,13,10,1,0.185064935,5.428571429,10,76,2,2,45,31,84,45,39,38,54,0
org.jfree.chart.ui.FontChooserPanel,2.5,6,3,15,15,11.16666667,6,6,6,6,17,6,0,6,2,100,67,75,48,2,20,2,6,11,2,0.19047619,0,3,0,5,3,0,0,0,0,17,17,12,0
org.jfree.chart.ui.FontDisplayField,1.25,2,3,5,5,2.5,2,2,4,4,15,4,1,3,3,25,10,16,9,2,18,2,4,11,2,0.177777778,0,1,0,2,2,0,0,0,0,15,15,6,0
org.jfree.chart.text.G2TextMeasurer,1,1,2,2,5,3,1,1,2,2,13,2,0,2,4,13,6,9,2,1,15,1,2,11,1,0.111111111,0.5,2,1,1,1,4,1,12,4,14,14,4,0
org.jfree.chart.renderer.category.GanttRenderer,3.5625,18,10,57,20.625,14.25,95,5,16,16,268,16,4,12,41,338,228,204,128,5,271,5,13,252,5,0.372969188,6.25,22,100,2,1,181,67,447,77,459,382,43,0
org.jfree.chart.renderer.category.GradientBarPainter,3.444444444,9,5,31,21.66666667,16.33333333,3,3,9,9,18,9,3,6,30,200,147,139,98,1,18,1,7,9,1,0.206439394,2.111111111,6,19,0,0,25,11,25,25,47,26,30,0
org.jfree.chart.util.GradientPaintTransformType,2.4,5,3,12,7.6,4.2,6,6,5,5,13,5,2,3,2,53,21,33,19,1,12,1,2,8,1,0.202020202,0,1,0,4,1,0,0,0,0,13,13,0,0
org.jfree.chart.renderer.xy.GradientXYBarPainter,3.444444444,9,5,31,21.66666667,16.33333333,3,3,9,9,18,9,3,6,30,200,147,139,98,1,18,1,7,9,1,0.206439394,2,6,18,0,0,24,10,23,24,42,24,30,0
org.jfree.chart.renderer.GrayPaintScale,1.714285714,5,5,12,6.142857143,3.428571429,2,2,7,7,16,7,0,7,4,48,24,32,19,1,16,1,5,9,1,0.199494949,0,3,0,0,0,0,0,0,0,16,16,1,1
org.jfree.chart.block.GridArrangement,3.666666667,13,3,33,14.77777778,9.555555556,3,3,9,9,19,9,4,5,19,138,86,102,56,1,20,1,8,10,1,0.178451178,4.444444444,8,40,0,0,31,22,59,31,35,34,33,0
org.jfree.chart.renderer.category.GroupedStackedBarRenderer,4.428571429,13,2,31,28.28571429,18.57142857,93,2,7,7,259,7,2,5,24,203,130,113,62,5,260,5,2,252,5,0.458336936,9.571428571,21,67,1,1,106,51,293,68,448,373,24,0
org.jfree.chart.util.HashUtilities,1.9,3,3,19,5.9,3.3,0,0,0,10,21,10,0,10,18,61,33,46,25,1,23,1,10,11,1,0.151515152,0,3,0,0,0,0,0,0,0,21,21,4,0
org.jfree.chart.util.HexNumberFormat,1.285714286,3,6,9,4.571428571,2.142857143,5,5,7,7,18,7,0,7,10,39,15,30,13,2,21,2,7,11,2,0.194444444,0,4,0,0,0,0,0,0,0,18,18,3,0
org.jfree.chart.labels.HighLowItemLabelGenerator,3,7,3,21,12.14285714,7.857142857,3,3,7,7,15,7,0,7,9,91,55,60,38,1,14,1,4,8,1,0.224242424,1.142857143,8,8,2,2,6,2,6,6,16,16,5,0
org.jfree.chart.renderer.xy.HighLowRenderer,2.823529412,23,14,48,12.47058824,7.705882353,74,6,17,17,226,17,2,15,21,221,131,138,89,3,227,3,14,209,3,0.349161426,3,19,51,2,1,84,35,298,61,369,316,22,0
org.jfree.data.statistics.HistogramBin,1.5,4,6,12,5.375,2.875,4,4,8,8,17,8,0,8,3,49,23,35,18,1,17,1,6,9,1,0.203463203,0,2,0,0,0,0,0,0,0,17,17,0,0
org.jfree.data.statistics.HistogramDataset,2.142857143,10,14,45,8.80952381,5.285714286,7,3,21,21,49,21,4,17,29,192,111,143,82,5,51,5,17,28,5,0.304012346,0.904761905,12,19,2,2,26,15,66,23,60,60,21,0
org.jfree.data.statistics.HistogramType,2.4,5,3,12,7.4,4,5,5,5,5,13,5,2,3,2,47,20,31,19,1,12,1,2,8,1,0.202020202,0,1,0,3,1,0,0,0,0,13,13,0,0
org.jfree.chart.util.HorizontalAlignment,2.2,4,3,11,7,3.8,5,5,5,5,13,5,2,3,2,45,19,30,17,1,12,1,2,8,1,0.202020202,0,1,0,3,1,0,0,0,0,13,13,0,0
org.jfree.data.time.Hour,1.695652174,5,16,39,7.217391304,4.173913043,7,7,22,23,37,23,0,23,15,175,96,122,71,2,29,2,12,14,2,0.382097902,0.782608696,5,18,1,1,28,18,96,28,71,53,15,0
org.jfree.chart.encoders.ImageEncoderFactory,1.5,3,4,9,9,5.666666667,1,1,0,6,17,6,1,5,12,60,34,37,23,1,19,1,6,11,1,0.142857143,0.666666667,7,4,1,1,0,0,0,0,17,17,1,0
org.jfree.chart.imagemap.ImageMapUtilities,3.166666667,9,3,19,16.16666667,9.666666667,0,0,0,6,17,6,0,6,19,99,58,54,36,1,19,1,6,11,1,0.142857143,2.5,12,15,0,0,17,13,52,17,29,25,9,0
org.jfree.chart.title.ImageTitle,2.454545455,6,5,27,13.18181818,8.909090909,20,1,11,11,66,11,2,9,25,148,98,95,59,3,67,3,8,55,3,0.350574713,4.636363636,10,51,1,1,63,34,173,35,114,96,32,0
org.jfree.chart.renderer.category.IntervalBarRenderer,4.25,11,1,17,29.75,19.5,90,1,4,4,255,4,1,3,20,122,78,70,41,4,259,4,2,251,4,0.180412824,9.75,15,39,0,0,72,30,253,28,440,363,17,0
org.jfree.chart.labels.IntervalCategoryItemLabelGenerator,2.25,6,3,9,9.5,5.5,10,2,4,4,29,4,1,3,7,46,22,29,17,3,32,3,3,25,3,0.533653846,4.25,6,17,0,0,16,12,24,0,35,33,2,0
org.jfree.chart.labels.IntervalCategoryToolTipGenerator,2.4,6,3,12,9.4,5.4,10,2,5,5,28,5,1,4,8,53,27,35,22,3,30,3,3,23,3,0.380833333,3.6,6,18,0,0,18,13,32,0,35,32,2,0
org.jfree.chart.plot.IntervalMarker,1.545454545,7,10,17,5.909090909,3,18,4,11,11,51,11,0,11,16,71,33,47,30,2,52,2,9,40,2,0.215873016,1.090909091,5,12,0,0,26,11,124,9,61,56,5,0
org.jfree.data.xy.IntervalXYDelegate,1.904761905,6,7,40,7.142857143,4.19047619,6,6,21,21,30,21,2,19,20,159,88,113,65,1,30,1,19,9,1,0.218939394,0.666666667,10,14,0,0,10,6,29,10,35,34,5,0
org.jfree.chart.labels.IntervalXYItemLabelGenerator,2.222222222,10,7,20,11.77777778,7.222222222,8,1,9,9,30,9,1,8,19,111,65,66,43,2,30,2,6,21,2,0.343253968,2.666666667,6,24,0,0,30,14,87,0,36,35,12,0
org.jfree.data.xml.ItemHandler,1.571428571,3,5,11,7.142857143,3.714285714,4,4,7,7,18,7,0,7,11,56,26,35,19,2,21,2,7,11,2,0.194444444,1.428571429,8,10,2,2,18,8,20,18,31,24,7,0
org.jfree.chart.labels.ItemLabelAnchor,8,26,2,32,24.5,15.5,27,27,4,4,13,4,2,2,2,152,62,94,60,1,13,1,2,9,1,0.171717172,0,1,0,25,1,0,0,0,0,13,13,0,0
org.jfree.chart.labels.ItemLabelPosition,2.125,7,6,17,7.75,4.125,5,5,8,8,18,8,0,8,7,69,33,44,29,1,19,1,7,10,1,0.176136364,0.875,3,7,3,2,6,3,36,6,21,20,11,0
org.jfree.data.jdbc.JDBCCategoryDataset,5,28,5,35,17.71428571,11.28571429,8,3,7,7,49,7,0,7,14,129,79,67,42,3,53,3,7,42,3,0.21875,1.285714286,10,9,1,1,28,9,25,0,85,73,8,0
org.jfree.data.jdbc.JDBCPieDataset,4,17,3,24,15.33333333,10.33333333,7,2,6,6,42,6,0,6,13,96,62,52,35,3,46,3,6,36,3,0.214285714,0.5,9,3,1,1,7,3,6,0,68,61,8,0
org.jfree.data.jdbc.JDBCXYDataset,3.888888889,51,15,70,12.77777778,8.5,10,6,18,18,44,18,1,17,24,239,153,149,100,4,47,4,16,26,4,0.274789916,0.111111111,12,2,2,2,4,2,10,3,49,49,16,0
org.jfree.chart.JFreeChart,2.257142857,16,42,158,9.542857143,5.971428571,22,22,69,70,79,70,6,64,76,697,418,472,323,1,79,1,68,9,1,0.224857268,1.642857143,45,115,15,11,172,74,513,172,159,122,109,0
org.jfree.chart.JFreeChart,2,3,1,4,61.5,57.5,10,0,2,2,40,2,0,2,0,124,115,21,13,4,44,4,1,38,4,0.141880342,50,5,100,0,0,288,100,294,275,55,53,5,0
org.jfree.chart.resources.JFreeChartResources,1,1,1,1,3,1,1,1,1,1,12,1,0,1,0,12,1,4,1,2,15,2,1,11,2,0.111111111,0,0,0,0,0,0,0,0,0,12,12,0,0
org.jfree.data.xml.KeyHandler,1.5,2,3,9,6.833333333,3.166666667,3,3,6,6,17,6,2,4,12,46,19,25,15,2,20,2,6,11,2,0.19047619,1,5,6,2,2,8,4,10,8,21,21,5,0
org.jfree.data.KeyToGroupMap,3.333333333,8,3,40,12.66666667,7.833333333,4,4,10,12,21,12,2,10,12,158,94,105,69,1,21,1,10,9,1,0.212121212,0.083333333,8,1,2,2,3,1,9,3,22,22,12,0
org.jfree.data.KeyedObject,1.833333333,5,4,11,6.166666667,3.333333333,3,3,6,6,15,6,0,6,4,42,20,30,17,1,15,1,4,9,1,0.193939394,0.5,3,3,0,0,6,2,18,6,16,16,0,0
org.jfree.data.KeyedObjects,2.4375,9,5,39,9.1875,5.625,2,2,16,16,24,16,0,16,14,151,90,106,60,1,23,1,13,8,1,0.245670996,0.625,6,10,1,1,17,10,27,17,30,30,14,0
org.jfree.data.KeyedObjects2D,2.818181818,12,12,62,11.18181818,7.045454545,4,4,22,22,30,22,0,22,21,252,155,182,118,1,29,1,19,8,1,0.249242424,0.954545455,6,21,3,1,40,21,141,40,44,39,13,1
org.jfree.data.KeyedValueComparator,4.75,15,2,19,19.25,11.75,2,2,4,4,15,4,0,4,4,81,47,50,36,1,17,1,4,11,1,0.133333333,4,7,16,2,2,8,4,48,8,17,16,6,0
org.jfree.data.KeyedValueComparatorType,1.75,4,3,7,5.5,2.75,3,3,4,4,12,4,1,3,2,29,11,19,10,1,11,1,1,8,1,0.174242424,0,1,0,2,1,0,0,0,0,12,12,0,0
org.jfree.chart.ui.LCBLayout,3.5,11,5,28,15.25,10.375,7,7,8,8,19,8,0,8,10,131,83,112,56,1,21,1,8,11,1,0.148148148,0,1,0,0,0,0,0,0,0,19,19,20,0
org.jfree.chart.block.LabelBlock,1.666666667,7,14,30,6.722222222,4,16,8,18,18,56,18,2,16,20,132,72,95,61,2,56,2,15,38,2,0.343834688,1.555555556,16,28,4,3,64,26,284,48,129,91,25,0
org.jfree.chart.util.Layer,2,4,3,10,6.4,3.4,4,4,5,5,13,5,2,3,2,38,17,27,15,1,12,1,2,8,1,0.202020202,0,1,0,2,1,0,0,0,0,13,13,0,0
org.jfree.chart.renderer.category.LayeredBarRenderer,6.714285714,17,2,47,37.57142857,24.85714286,91,2,7,7,258,7,3,4,35,268,174,165,95,4,261,4,5,251,4,0.558190602,11,16,77,1,1,144,64,260,66,439,368,35,0
org.jfree.chart.title.LegendGraphic,2.026315789,16,30,77,7.526315789,4.473684211,23,15,38,38,75,38,3,35,27,304,170,213,145,2,74,2,34,37,2,0.331726674,1.684210526,15,64,9,4,122,49,904,99,137,112,51,0
org.jfree.chart.LegendItem,1.854166667,22,39,89,8.208333333,4.75,26,26,48,48,57,48,3,45,89,422,228,270,185,1,57,1,46,9,1,0.223726628,0.708333333,14,34,12,5,83,32,850,83,79,71,67,0
org.jfree.chart.title.LegendItemBlockContainer,1.25,3,7,10,5.5,3.125,15,4,8,8,59,8,0,8,8,50,25,37,20,3,62,3,7,51,3,0.225160256,1.5,10,12,0,0,20,10,57,14,114,89,4,0
org.jfree.chart.LegendItemCollection,1.375,4,7,11,4.5,2.125,2,2,8,8,17,8,0,8,4,40,17,28,15,1,17,1,6,9,1,0.203463203,0.125,4,1,1,1,2,1,17,2,19,18,4,0
org.jfree.chart.entity.LegendItemEntity,1.5,5,7,12,4.75,2.25,7,3,8,8,28,8,0,8,4,44,18,29,16,2,28,2,5,20,2,0.339774557,0.625,5,5,0,0,11,5,40,6,34,34,1,0
org.jfree.chart.LegendRenderingOrder,2.25,4,2,9,7,3.75,4,4,4,4,13,4,2,2,2,36,15,24,14,1,13,1,2,9,1,0.171717172,0,1,0,2,1,0,0,0,0,13,13,0,0
org.jfree.chart.title.LegendTitle,1.903225806,12,19,59,8.129032258,5.129032258,35,16,31,31,86,31,4,27,25,272,159,206,138,3,87,3,28,55,3,0.369731801,3.161290323,23,98,12,6,165,88,496,133,201,163,56,0
org.jfree.chart.util.LengthAdjustmentType,2.2,4,3,11,6.8,3.6,5,5,5,5,13,5,2,3,2,44,18,29,17,1,12,1,2,8,1,0.202020202,0,1,0,3,1,0,0,0,0,13,13,0,0
org.jfree.chart.block.LengthConstraintType,2.2,4,3,11,6.8,3.6,5,5,5,5,13,5,2,3,2,44,18,29,17,1,12,1,2,8,1,0.202020202,0,1,0,3,1,0,0,0,0,13,13,0,0
org.jfree.chart.renderer.category.LevelRenderer,2.416666667,7,7,29,14.66666667,9.583333333,73,4,12,12,223,12,3,9,39,183,115,110,60,3,224,3,9,211,3,0.340784008,4.416666667,17,53,0,0,102,44,234,48,393,323,31,0
org.jfree.chart.ui.Library,1.416666667,5,10,17,4.083333333,1.833333333,4,4,12,12,21,12,5,7,9,55,22,38,20,1,24,1,10,9,1,0.212121212,0,1,0,0,0,0,0,0,0,21,21,0,0
org.jfree.chart.ui.Licences,1.333333333,2,2,4,4,1.666666667,3,3,2,3,14,3,0,3,0,747,5,12,5,1,16,1,3,11,1,0.125,0,1,0,1,1,0,0,0,0,14,14,0,0
org.jfree.chart.renderer.category.LineAndShapeRenderer,2.257142857,23,28,79,9.857142857,6.314285714,81,12,35,35,245,35,0,35,44,360,221,233,151,3,248,3,31,210,3,0.415084696,3,22,105,3,1,207,87,459,95,416,341,21,0
org.jfree.chart.block.LineBorder,2.444444444,6,6,22,10.33333333,6.777777778,4,4,9,9,19,9,2,7,8,99,61,74,46,1,20,1,8,10,1,0.178451178,1.333333333,7,12,3,3,31,12,170,31,33,31,14,0
org.jfree.data.function.LineFunction2D,1,1,2,2,3.5,1.5,2,2,2,2,13,2,0,2,3,11,3,8,3,1,15,1,2,11,1,0.111111111,0,0,0,0,0,0,0,0,0,13,13,0,0
org.jfree.chart.needle.LineNeedle,1.75,3,2,7,6.75,3.75,10,1,4,4,33,4,1,3,5,31,15,21,12,2,32,2,0,29,2,0.04040404,1.25,2,5,0,0,8,5,53,0,43,36,5,0
org.jfree.chart.renderer.category.LineRenderer3D,2.8125,12,8,45,21.75,16.4375,88,7,16,16,254,16,2,14,36,358,263,260,153,4,252,4,9,238,4,0.487619048,4.5,21,72,2,1,136,60,396,84,429,349,58,0
org.jfree.chart.axis.LogAxis,2.40625,7,13,77,13.78125,9.59375,75,5,31,32,162,32,9,23,52,448,307,323,188,3,157,3,23,130,3,0.298203104,5.9375,20,190,2,2,345,169,960,266,234,215,77,0
org.jfree.chart.util.LogFormat,2.25,7,4,18,8.75,5.125,6,6,8,8,17,8,1,7,17,78,41,56,37,2,18,2,6,9,2,0.251082251,0,5,0,1,1,0,0,0,0,17,17,3,0
org.jfree.chart.axis.LogarithmicAxis,4.071428571,27,14,114,19.10714286,12.57142857,91,10,28,28,189,28,9,19,30,548,352,332,227,4,187,4,21,161,4,0.554148629,2.428571429,14,68,1,1,75,49,134,46,268,246,29,0
org.jfree.chart.needle.LongNeedle,2.4,6,3,12,14.6,11,10,1,5,5,34,5,1,4,5,77,55,62,42,2,33,2,1,29,2,0.151515152,3,1,15,0,0,14,12,59,0,44,37,9,0
org.jfree.chart.renderer.LookupPaintScale,2.636363636,10,7,29,9.727272727,5.818181818,5,5,11,11,20,11,2,9,9,161,64,111,72,1,20,1,9,9,1,0.210606061,0.727272727,7,8,2,2,11,4,69,11,25,24,10,0
org.jfree.chart.plot.Marker,1.8,15,23,63,6.485714286,3.657142857,14,14,35,35,44,35,5,30,25,243,128,177,124,1,47,1,33,9,1,0.222370766,1.028571429,14,36,11,8,80,32,383,80,57,53,40,0
org.jfree.chart.axis.MarkerAxisBand,2.571428571,9,3,18,16,11.71428571,8,8,7,7,16,7,1,6,18,122,82,77,44,1,16,1,5,9,1,0.199494949,2.428571429,12,17,3,3,28,15,90,28,31,28,21,0
org.jfree.chart.event.MarkerChangeEvent,1,1,2,2,3.5,1.5,3,1,2,2,20,2,0,2,1,10,3,7,3,3,24,3,2,18,3,0.166666667,0.5,1,1,1,1,2,1,2,0,20,20,3,0
org.jfree.data.xy.MatrixSeries,1.818181818,8,9,20,6,3.181818182,8,2,11,11,37,11,0,11,12,70,35,57,33,2,39,2,9,26,2,0.223809524,0.363636364,3,4,0,0,6,4,25,0,41,40,0,0
org.jfree.data.xy.MatrixSeriesCollection,1.6875,4,8,27,6.0625,3.4375,6,2,16,16,40,16,0,16,14,102,55,76,45,5,41,5,11,24,5,0.312100894,1.0625,9,17,1,1,28,17,61,23,58,54,11,0
org.jfree.data.statistics.MeanAndStandardDeviation,1.75,5,5,14,6,3.25,3,3,8,8,17,8,0,8,5,53,26,36,21,1,17,1,6,9,1,0.203463203,0.25,4,2,0,0,6,2,18,6,18,18,0,0
org.jfree.chart.plot.MeterInterval,1.9,8,8,19,7,3.9,6,6,10,10,20,10,2,8,10,78,39,56,38,1,21,1,9,10,1,0.18030303,1,7,10,4,3,26,10,198,26,28,27,15,0
org.jfree.chart.needle.MeterNeedle,1.576923077,10,20,41,5.692307692,3.076923077,9,9,26,26,35,26,4,22,28,161,80,113,72,1,44,1,24,9,1,0.220606061,0.730769231,6,19,5,3,53,19,269,53,47,45,34,0
org.jfree.chart.plot.MeterPlot,2.254545455,21,30,124,10.6,7.090909091,57,28,55,55,119,55,9,46,57,615,390,434,269,2,116,2,49,64,2,0.301904762,1.654545455,26,91,18,7,149,78,675,115,192,152,90,0
org.jfree.chart.needle.MiddlePinNeedle,2.25,4,2,9,11.25,7.5,10,1,4,4,33,4,1,3,5,49,30,36,22,2,32,2,0,29,2,0.04040404,1.25,2,5,0,0,8,5,53,0,43,36,6,0
org.jfree.data.time.Millisecond,1.944444444,8,14,35,8.333333333,5.055555556,9,9,18,18,33,18,0,18,17,161,91,113,66,2,26,2,8,15,2,0.330864198,1.222222222,3,22,1,1,37,22,90,36,84,52,14,0
org.jfree.chart.renderer.category.MinMaxCategoryRenderer,2.210526316,13,11,42,12.10526316,7.789473684,79,10,19,19,232,19,4,15,25,245,148,164,106,3,235,3,18,213,3,0.238399738,2.105263158,14,40,5,3,76,34,236,47,402,329,34,1
org.jfree.data.time.Minute,1.80952381,5,14,38,8.476190476,5.095238095,8,8,20,21,36,21,0,21,16,188,107,130,75,2,29,2,11,15,2,0.337037037,0.904761905,6,19,1,1,34,19,115,34,75,54,16,0
org.jfree.chart.axis.ModuloAxis,2.352941176,6,6,40,11.88235294,7.470588235,84,3,17,17,178,17,7,10,31,207,127,117,78,4,176,4,10,161,4,0.494408369,2.117647059,4,36,1,1,59,36,146,34,257,235,14,0
org.jfree.data.time.Month,1.956521739,8,14,45,8.913043478,5.130434783,5,5,20,23,37,23,2,21,16,212,118,141,94,2,29,2,12,14,2,0.382097902,0.565217391,5,13,0,0,22,9,92,22,51,48,17,0
org.jfree.chart.axis.MonthDateFormat,1.909090909,7,8,21,11.63636364,8.363636364,3,3,10,11,21,11,0,11,23,133,92,105,83,2,23,2,10,10,2,0.232323232,6.545454545,8,72,1,1,144,72,360,144,24,23,14,0
org.jfree.data.time.MovingAverage,6.166666667,12,1,37,28.33333333,19,0,0,0,6,17,6,0,6,24,172,114,117,71,1,19,1,6,11,1,0.142857143,7.5,13,45,0,0,62,37,86,62,69,36,22,0
org.jfree.chart.plot.MultiplePiePlot,2.904761905,13,12,61,13.61904762,9.142857143,37,8,21,21,87,21,3,18,15,296,192,212,140,2,86,2,17,66,2,0.312257496,3.904761905,32,82,4,4,116,53,387,92,244,129,33,1
org.jfree.chart.labels.MultipleXYSeriesLabelGenerator,2.333333333,6,4,21,10.55555556,7,5,5,9,9,17,9,1,8,9,103,63,77,43,1,16,1,6,8,1,0.233766234,0.555555556,9,5,1,1,9,3,9,9,19,19,5,0
org.jfree.data.function.NormalDistributionFunction2D,1,1,4,4,3.75,1.75,2,2,4,4,15,4,0,4,3,19,7,12,5,1,17,1,4,11,1,0.133333333,0,1,0,0,0,0,0,0,0,15,15,0,0
org.jfree.data.xy.NormalizedMatrixSeries,1,1,6,6,4.333333333,2.333333333,11,3,6,6,40,6,0,6,8,31,14,24,10,3,41,3,3,34,3,0.325638138,1.166666667,3,7,0,0,19,7,28,0,46,45,0,0
org.jfree.chart.renderer.NotOutlierException,1,1,1,1,3,1,6,0,1,1,30,1,0,1,1,5,1,3,1,3,34,3,1,29,3,0.125,0,1,0,0,0,0,0,0,0,30,30,0,0
org.jfree.chart.axis.NumberAxis,2.868421053,17,19,109,19.47368421,14.52631579,81,11,34,38,168,38,11,27,47,754,552,566,399,3,168,3,29,130,3,0.2632494,13.81578947,25,525,5,4,1104,481,3020,997,243,223,103,0
org.jfree.chart.axis.NumberAxis3D,2.666666667,6,2,8,15.33333333,11,82,1,3,3,170,3,0,3,7,49,33,35,16,4,174,4,2,167,4,0.513095238,5.666666667,9,17,0,0,32,11,174,5,250,226,12,0
org.jfree.chart.util.NumberCellRenderer,2,3,1,4,11.5,6.5,0,0,2,2,13,2,0,2,6,25,13,14,10,2,16,2,2,11,2,0.148148148,0,0,0,0,0,0,0,0,0,13,13,3,0
org.jfree.chart.axis.NumberTick,1,1,3,3,5,1.666666667,8,1,3,3,23,3,0,3,11,18,5,10,5,3,28,3,3,20,3,0.1875,0.666666667,5,2,0,0,13,2,7,0,26,25,5,0
org.jfree.chart.axis.NumberTickUnit,2,5,3,14,6.571428571,3.571428571,5,2,7,7,20,7,0,7,8,50,25,34,22,2,19,2,3,13,2,0.328431373,0.714285714,2,5,1,1,9,5,25,0,22,22,3,0
org.jfree.data.time.ohlc.OHLC,2,7,5,12,6.666666667,3.666666667,4,4,6,6,16,6,0,6,5,46,22,33,21,1,17,1,5,10,1,0.169191919,0,0,0,0,0,0,0,0,0,16,16,0,0
org.jfree.data.xy.OHLCDataItem,2,8,6,18,7.555555556,3.888888889,7,7,9,9,19,9,0,9,8,77,35,51,32,1,20,1,8,10,1,0.178451178,0,4,0,1,1,0,0,0,0,19,19,3,0
org.jfree.data.time.ohlc.OHLCItem,1.571428571,2,3,11,6.571428571,3.285714286,3,0,7,7,23,7,0,7,5,48,23,27,15,2,26,2,7,16,2,0.194444444,1.571428571,3,11,0,0,17,11,30,9,29,29,6,0
org.jfree.data.time.ohlc.OHLCSeries,1.5,3,3,6,5.25,2.5,10,0,4,4,48,4,0,4,8,23,10,14,7,3,51,3,3,44,3,0.194907407,1.75,5,7,0,0,18,7,56,8,62,61,5,0
org.jfree.data.time.ohlc.OHLCSeriesCollection,1.375,4,19,33,5,2.583333333,6,2,24,24,47,24,1,23,33,125,62,89,46,4,47,4,19,23,4,0.37952381,1.166666667,14,28,2,2,39,25,112,35,76,68,20,0
org.jfree.chart.util.ObjectList,1,1,5,5,2.8,0.8,5,0,5,5,21,5,0,5,5,16,4,10,4,2,21,2,2,16,2,0.200779727,0.8,0,4,0,0,9,4,29,0,27,27,0,0
org.jfree.chart.util.ObjectUtilities,2.842105263,7,5,54,11.57894737,6.684210526,4,4,1,19,30,19,3,16,34,227,127,135,85,1,32,1,19,11,1,0.158333333,0.105263158,14,2,0,0,3,1,23,3,31,31,16,0
org.jfree.chart.renderer.Outlier,1.545454545,5,9,17,5.545454545,2.909090909,2,2,11,11,20,11,0,11,8,65,32,42,24,1,20,1,9,9,1,0.210606061,0,2,0,1,1,0,0,0,0,20,20,5,0
org.jfree.chart.renderer.OutlierList,1.222222222,2,7,11,4.777777778,2.555555556,3,3,9,9,20,9,0,9,5,48,23,34,15,1,22,1,9,11,1,0.15,0.444444444,1,4,2,2,5,4,8,5,24,24,9,0
org.jfree.chart.renderer.OutlierListCollection,1.5,5,7,12,5.5,2.875,3,3,8,8,19,8,1,7,5,49,23,34,18,1,21,1,8,11,1,0.148148148,0.75,2,6,1,1,11,6,27,11,31,24,7,0
org.jfree.chart.imagemap.OverLIBToolTipTagFragmentGenerator,1,1,2,2,4,2,0,0,2,2,13,2,0,2,1,11,4,5,2,1,15,1,2,11,1,0.111111111,0.5,2,1,0,0,2,1,38,2,14,14,0,1
org.jfree.chart.util.PaintList,2.714285714,6,3,19,9.714285714,5.714285714,5,0,7,7,24,7,2,5,6,70,40,53,34,2,25,2,5,17,2,0.553606238,2,4,14,0,0,30,14,102,20,31,29,5,0
org.jfree.chart.PaintMap,2,6,4,18,7.777777778,4.666666667,2,2,9,9,18,9,2,7,7,74,42,56,30,1,18,1,7,9,1,0.206439394,0.333333333,6,3,1,1,8,3,66,8,22,21,13,0
org.jfree.chart.ui.PaintSample,1,1,5,5,5.6,3.6,2,2,5,5,16,5,0,5,3,32,18,26,10,2,19,2,5,11,2,0.185185185,0,1,0,2,2,0,0,0,0,16,16,11,0
org.jfree.chart.title.PaintScaleLegend,2.5,13,17,70,12.03571429,8.392857143,30,11,28,28,83,28,3,25,25,350,235,243,163,3,84,3,25,55,3,0.368737106,4.392857143,22,123,5,4,183,78,625,145,158,128,44,0
org.jfree.chart.util.PaintUtilities,4,7,1,16,18.5,12,0,0,1,4,15,4,1,3,7,76,48,46,28,1,17,1,4,11,1,0.133333333,0,6,0,0,0,0,0,0,0,15,15,9,0
org.jfree.chart.axis.PeriodAxis,2.652173913,19,24,122,13.06521739,8.630434783,84,14,46,46,167,46,8,38,68,618,397,404,260,3,153,3,28,121,3,0.432692926,3.586956522,27,165,7,6,301,149,979,228,276,241,93,0
org.jfree.chart.axis.PeriodAxisLabelInfo,2.125,11,13,34,8.4375,4.9375,14,14,16,16,24,16,2,14,16,152,79,102,67,1,23,1,13,8,1,0.245670996,0.4375,8,7,11,5,17,7,169,17,30,29,31,0
org.jfree.chart.demo.PieChartDemo1,1,1,5,5,7.4,5.4,0,0,1,5,24,5,2,3,3,39,27,27,16,3,28,3,5,19,3,0.208333333,2.8,10,14,0,0,36,14,48,34,106,32,6,0
org.jfree.data.xml.PieDatasetHandler,1.8,4,3,9,6.8,3,2,1,5,5,22,5,0,5,9,37,15,22,12,3,26,3,5,17,3,0.208333333,1.8,6,9,1,1,15,7,47,12,34,26,3,0
org.jfree.chart.plot.PieLabelDistributor,2.888888889,5,2,26,11,7.111111111,2,1,9,9,24,9,5,4,9,102,64,81,45,2,25,2,7,15,2,0.233660131,6,4,54,0,0,61,44,88,36,30,30,10,0
org.jfree.chart.plot.PieLabelLinkStyle,2.2,4,3,11,7,3.8,4,4,5,5,13,5,2,3,2,44,19,29,17,1,12,1,2,8,1,0.202020202,0,1,0,3,1,0,0,0,0,13,13,0,0
org.jfree.chart.plot.PieLabelRecord,1.8125,11,14,29,6.125,3.1875,8,8,16,16,25,16,0,16,11,108,51,76,48,1,25,1,14,9,1,0.216161616,0.0625,2,1,1,1,2,1,33,2,27,26,3,0
org.jfree.chart.plot.PiePlot,2.277777778,49,84,287,10.88095238,7.317460317,91,62,126,126,191,126,19,107,127,1440,922,1000,632,2,191,2,121,65,2,0.310876919,2.507936508,48,316,29,12,521,259,1980,446,349,287,181,1
org.jfree.chart.plot.PiePlot3D,7.083333333,43,9,85,53.5,42.83333333,94,3,12,12,198,12,3,9,21,647,514,426,298,3,199,3,9,186,3,0.452513228,6.5,18,78,0,0,133,68,551,37,350,287,70,0
org.jfree.chart.plot.PiePlotState,1,1,21,21,3.095238095,1.095238095,11,10,21,21,35,21,0,21,11,77,23,55,23,2,38,2,21,14,2,0.212121212,0.047619048,1,1,3,1,2,1,2,0,37,37,10,0
org.jfree.chart.entity.PieSectionEntity,1.5,7,11,18,5.583333333,2.75,9,5,12,12,32,12,0,12,12,75,33,50,30,2,32,2,9,20,2,0.354589372,0.583333333,5,7,0,0,19,7,53,12,39,38,1,0
org.jfree.chart.needle.PinNeedle,2.25,4,2,9,11,7.25,10,1,4,4,33,4,1,3,5,48,29,35,22,2,32,2,0,29,2,0.04040404,1.25,2,5,0,0,8,5,53,0,43,36,6,0
org.jfree.chart.plot.Plot,2.380952381,17,39,150,8.428571429,4.920634921,29,29,61,63,72,63,10,53,63,571,310,377,264,1,90,1,61,9,1,0.224584555,1.222222222,34,77,16,9,80,27,400,80,122,87,76,0
org.jfree.chart.event.PlotChangeEvent,1,1,2,2,3.5,1.5,3,1,2,2,20,2,0,2,1,10,3,7,3,3,24,3,2,18,3,0.166666667,0.5,1,1,1,1,2,1,2,0,20,20,3,0
org.jfree.chart.plot.PlotOrientation,2,4,3,10,6.4,3.4,4,4,5,5,13,5,2,3,2,40,17,27,15,1,12,1,2,8,1,0.202020202,0,1,0,2,1,0,0,0,0,13,13,0,0
org.jfree.chart.plot.PlotRenderingInfo,1.785714286,6,11,25,6.357142857,3.428571429,5,5,14,14,23,14,2,12,9,96,48,72,44,1,23,1,12,9,1,0.214452214,0.5,8,7,4,3,19,7,345,19,26,26,14,0
org.jfree.chart.plot.PlotState,1,1,2,2,3,1,1,1,2,2,13,2,0,2,0,9,2,6,2,1,15,1,2,11,1,0.111111111,0,0,0,1,1,0,0,0,0,13,13,2,0
org.jfree.chart.plot.PlotUtilities,4,4,0,4,11,6,0,0,0,1,12,1,0,1,1,13,6,10,6,1,14,1,1,11,1,0.083333333,3,3,3,0,0,5,3,19,5,18,15,1,0
org.jfree.chart.needle.PlumNeedle,2,4,2,8,9.25,6,10,1,4,4,33,4,1,3,5,41,24,28,17,2,32,2,0,29,2,0.04040404,1.25,3,5,0,0,8,5,53,0,43,36,5,0
org.jfree.chart.needle.PointerNeedle,2.75,5,2,11,14,10,10,1,4,4,33,4,1,3,5,60,40,46,32,2,32,2,0,29,2,0.04040404,3,1,12,0,0,13,12,59,0,43,36,5,0
org.jfree.chart.PolarChartPanel,2.571428571,5,3,18,13.42857143,8.857142857,73,3,7,7,112,7,3,4,12,101,62,71,44,3,114,3,5,105,3,0.214563863,2.714285714,6,19,0,0,35,19,216,11,196,136,17,0
org.jfree.chart.plot.PolarPlot,2.06779661,16,32,122,8.813559322,5.355932203,51,22,59,59,122,59,7,52,67,548,316,381,233,2,118,2,52,63,2,0.298981731,1.86440678,32,110,13,7,181,86,665,142,226,168,93,0
org.jfree.data.function.PowerFunction2D,1,1,2,2,3.5,1.5,2,2,2,2,13,2,0,2,3,11,3,8,3,1,15,1,2,11,1,0.111111111,0,1,0,0,0,0,0,0,0,13,13,0,0
org.jfree.chart.ui.ProjectInfo,1.444444444,5,8,13,9.444444444,6.111111111,10,3,9,9,39,9,0,9,10,90,55,68,49,3,43,3,8,30,3,0.23297491,1.444444444,3,13,2,2,18,13,27,2,50,48,9,0
org.jfree.data.time.Quarter,1.619047619,4,14,34,7.333333333,4.238095238,9,9,20,21,35,21,0,21,13,171,89,115,67,2,27,2,10,14,2,0.378989899,0.333333333,6,7,0,0,16,7,60,16,46,45,12,0
org.jfree.chart.axis.QuarterDateFormat,1.857142857,5,4,13,8,4.714285714,6,6,7,7,17,7,0,7,12,68,33,46,28,2,19,2,6,10,2,0.220779221,0,3,0,0,0,0,0,0,0,17,17,7,0
org.jfree.data.Range,2.105263158,4,9,40,8.210526316,4.578947368,3,3,12,19,27,19,1,18,24,161,87,99,66,1,27,1,16,8,1,0.247771836,0,4,0,0,0,0,0,0,0,27,27,0,0
org.jfree.data.RangeType,2.2,4,3,11,6.8,3.6,5,5,5,5,13,5,2,3,2,43,18,29,17,1,12,1,2,8,1,0.202020202,0,1,0,3,1,0,0,0,0,13,13,0,0
org.jfree.chart.util.RectangleAnchor,5.285714286,10,3,37,19.85714286,13,11,11,5,7,15,7,2,5,8,161,91,92,67,1,14,1,4,8,1,0.224242424,0.285714286,3,2,9,1,2,2,4,2,17,17,6,0
org.jfree.chart.block.RectangleConstraint,1.947368421,13,13,37,7.473684211,4.263157895,7,7,19,19,29,19,0,19,19,153,81,88,60,1,30,1,18,10,1,0.188197767,2.947368421,5,56,5,3,12,8,56,12,35,33,21,0
org.jfree.chart.util.RectangleEdge,2.666666667,5,5,24,8.555555556,4.777777778,6,6,5,9,17,9,2,7,7,89,43,59,39,1,16,1,6,8,1,0.233766234,0,1,0,4,1,0,0,0,0,17,17,1,0
org.jfree.chart.util.RectangleInsets,2.103448276,8,15,61,8.310344828,5.103448276,7,7,29,29,37,29,0,29,34,251,148,174,104,1,36,1,26,8,1,0.251402918,0.482758621,5,14,2,2,1,1,2,1,38,38,16,0
org.jfree.chart.util.RefineryUtilities,1.333333333,3,9,16,8.333333333,5.25,0,0,1,12,23,12,1,11,19,102,63,71,28,1,25,1,12,11,1,0.153846154,0.083333333,6,1,0,0,1,1,3,1,24,24,34,0
org.jfree.data.statistics.Regression,3,3,0,12,28,24,0,0,0,4,15,4,0,4,6,114,96,109,44,1,17,1,4,11,1,0.133333333,1.5,3,6,0,0,0,0,0,0,15,15,0,0
org.jfree.data.time.RegularTimePeriod,1.533333333,8,13,23,4.4,2.2,0,0,13,15,25,15,0,15,9,69,33,45,23,1,36,1,14,10,1,0.185858586,0,11,0,0,0,0,0,0,0,25,25,9,0
org.jfree.chart.util.RelativeDateFormat,1.931034483,16,18,56,8.275862069,5.24137931,14,14,28,29,37,29,0,29,21,256,152,192,135,2,37,2,26,8,2,0.30490086,0,5,0,4,1,0,0,0,0,37,37,15,0
org.jfree.chart.event.RendererChangeEvent,1,1,2,2,3.5,1.5,3,1,2,2,20,2,0,2,1,10,3,7,3,3,24,3,2,18,3,0.166666667,0.5,0,1,0,0,2,1,2,0,20,20,0,0
org.jfree.chart.renderer.RendererState,1.666666667,3,2,5,5.333333333,2.666666667,1,1,3,3,14,3,0,3,1,19,8,13,6,1,26,1,3,11,1,0.125,0.666666667,3,2,1,1,2,2,4,2,16,16,4,0
org.jfree.chart.renderer.RendererUtilities,9,13,1,27,44,31,0,0,0,3,14,3,0,3,12,134,93,89,55,1,16,1,3,11,1,0.125,8,3,24,0,0,0,0,0,0,14,14,0,0
org.jfree.chart.plot.RingPlot,2.238095238,16,16,47,11.28571429,7.619047619,98,7,21,21,206,21,5,16,23,246,160,174,105,3,206,3,17,185,3,0.326499118,2.571428571,24,54,2,2,92,47,462,48,366,300,33,0
org.jfree.data.xml.RootHandler,1.666666667,4,4,10,5.166666667,2.333333333,1,1,6,6,17,6,0,6,4,34,14,22,11,2,22,2,6,11,2,0.19047619,0,0,0,1,1,0,0,0,0,17,17,4,0
org.jfree.chart.util.Rotation,1.833333333,4,4,11,6,3.166666667,5,5,6,6,14,6,2,4,3,45,19,31,17,1,13,1,3,8,1,0.215909091,0,2,0,2,1,0,0,0,0,14,14,0,0
org.jfree.chart.renderer.category.ScatterRenderer,2.217391304,11,18,51,9.652173913,6.130434783,76,7,23,23,234,23,2,21,28,232,141,156,98,3,235,3,20,211,3,0.353879246,2.869565217,20,66,1,1,120,57,288,55,400,327,21,0
org.jfree.data.time.Second,2,7,13,38,8.789473684,5.473684211,8,8,18,19,34,19,0,19,17,177,104,127,73,2,27,2,9,15,2,0.333333333,0.947368421,7,18,1,1,37,18,116,37,79,54,16,0
org.jfree.chart.axis.SegmentedTimeline,1.866666667,6,31,84,8.844444444,5.511111111,23,23,42,45,53,45,3,42,37,640,248,401,223,1,52,1,42,8,1,0.253699789,1.155555556,6,52,7,4,62,47,149,62,73,69,39,0
org.jfree.data.time.SerialDate,2.425531915,13,32,114,6.765957447,4.085106383,31,31,22,47,57,47,1,46,51,361,192,218,108,1,59,1,46,10,1,0.193423598,0.595744681,7,28,1,1,10,3,75,10,60,59,2,0
org.jfree.chart.util.SerialUtilities,4.642857143,15,2,65,26,19,0,0,1,14,25,14,1,13,19,366,266,265,173,1,27,1,14,11,1,0.155555556,0.142857143,9,2,0,0,4,1,3,4,27,26,45,1
org.jfree.data.general.Series,1.55,5,13,31,5.3,2.75,6,6,20,20,28,20,4,16,15,114,55,81,47,1,39,1,17,8,1,0.248316498,0.15,8,3,2,2,5,2,11,5,30,30,5,0
org.jfree.data.general.SeriesChangeEvent,1,1,1,1,3,1,1,1,1,1,12,1,0,1,1,6,1,4,1,2,15,2,1,11,2,0.111111111,0,0,0,0,0,0,0,0,0,12,12,0,0
org.jfree.data.general.SeriesException,1,1,1,1,3,1,8,1,1,1,34,1,0,1,1,6,1,4,1,4,39,4,1,33,4,0.133333333,0,1,0,0,0,0,0,0,0,34,34,0,0
org.jfree.chart.plot.SeriesRenderingOrder,2,4,3,10,6.2,3.2,4,4,5,5,13,5,2,3,2,39,16,26,15,1,12,1,2,8,1,0.202020202,0,1,0,2,1,0,0,0,0,13,13,0,0
org.jfree.chart.servlet.ServletUtilities,2.5,5,5,35,11.71428571,7.071428571,2,2,0,14,25,14,2,12,32,168,99,101,66,1,27,1,14,11,1,0.155555556,0.285714286,9,4,0,0,15,4,28,15,71,29,25,0
org.jfree.chart.util.ShapeList,2,5,5,16,7.125,3.875,5,0,8,8,24,8,2,6,6,59,31,45,27,2,24,2,5,16,2,0.348927875,1.5,4,12,0,0,22,12,238,8,37,29,5,1
org.jfree.chart.util.ShapeUtilities,3.227272727,13,10,71,16.04545455,11.31818182,1,1,1,22,33,22,1,21,48,356,249,256,180,1,35,1,22,11,1,0.15942029,0.136363636,7,3,0,0,11,3,71,11,36,36,54,1
org.jfree.chart.needle.ShipNeedle,2,4,2,8,8.75,5.5,10,1,4,4,33,4,1,3,5,39,22,26,19,2,32,2,0,29,2,0.04040404,2,1,8,0,0,11,8,59,0,43,36,4,0
org.jfree.chart.title.ShortTextTitle,3.428571429,14,2,24,14.28571429,9.285714286,32,0,7,7,88,7,4,3,14,102,65,66,47,4,87,4,1,81,4,0.489655172,8,9,56,0,0,77,41,161,51,161,124,26,0
org.jfree.data.statistics.SimpleHistogramBin,2.909090909,7,6,32,9.454545455,5.363636364,6,6,11,11,20,11,0,11,11,113,59,77,57,1,20,1,9,9,1,0.210606061,0,3,0,0,0,0,0,0,0,20,20,0,0
org.jfree.data.statistics.SimpleHistogramDataset,1.555555556,6,20,42,5.444444444,2.814814815,8,4,27,27,48,27,0,27,34,155,76,108,62,5,43,5,16,21,5,0.588142454,0.962962963,10,26,1,1,45,25,134,34,61,60,13,0
org.jfree.data.time.SimpleTimePeriod,2.222222222,7,6,20,8.666666667,5.111111111,3,3,9,9,18,9,0,9,6,83,46,56,34,1,18,1,7,9,1,0.206439394,0.444444444,1,4,0,0,0,0,0,0,18,18,4,0
org.jfree.chart.util.Size2D,1.444444444,5,8,13,4.555555556,2.111111111,3,3,9,9,17,9,0,9,5,46,19,32,18,1,16,1,6,8,1,0.233766234,0,2,0,0,0,0,0,0,0,17,17,0,0
org.jfree.data.category.SlidingCategoryDataset,1.684210526,6,10,32,6.052631579,3.210526316,6,3,19,19,37,19,1,18,14,121,61,83,50,2,38,2,17,18,2,0.243209877,0.842105263,8,16,0,0,5,4,10,2,41,41,3,0
org.jfree.data.gantt.SlidingGanttCategoryDataset,1.606060606,6,17,53,6.727272727,3.696969697,6,3,33,33,51,33,1,32,48,228,122,139,78,2,52,2,31,18,2,0.248611111,1.121212121,8,37,0,0,19,11,24,16,55,55,3,0
org.jfree.chart.util.SortOrder,2,4,3,10,6.2,3.2,4,4,5,5,13,5,2,3,2,39,16,26,15,1,12,1,2,8,1,0.202020202,0,1,0,2,1,0,0,0,0,13,13,0,0
org.jfree.chart.plot.SpiderWebPlot,2.220588235,29,42,151,10.07352941,6.602941176,68,39,68,68,133,68,8,60,68,729,449,529,344,2,131,2,63,65,2,0.30922619,1.970588235,35,134,22,8,202,101,1095,154,232,179,109,0
org.jfree.data.time.SpreadsheetDate,1.7,6,15,34,7.7,4.55,36,5,20,20,62,20,1,19,20,161,91,102,56,2,50,2,5,42,2,0.272904483,1.35,2,27,0,0,20,14,58,0,67,67,2,0
org.jfree.chart.renderer.category.StackedAreaRenderer,3.083333333,11,6,37,20.75,14.66666667,73,2,12,12,226,12,4,8,24,254,176,174,108,4,227,4,8,214,4,0.493153245,3.333333333,15,40,0,0,100,34,122,76,396,319,13,0
org.jfree.chart.renderer.category.StackedBarRenderer,3.888888889,18,5,35,20.77777778,13.33333333,91,2,9,9,257,9,1,8,18,192,120,113,69,4,258,4,4,248,4,0.486587615,6.777777778,21,61,0,0,96,46,268,53,439,368,17,0
org.jfree.chart.renderer.category.StackedBarRenderer3D,3.705882353,13,8,63,26.23529412,19.64705882,99,3,17,17,272,17,6,11,56,452,334,326,197,5,274,5,13,255,5,0.513084513,5.470588235,21,93,0,0,161,78,330,61,459,378,75,0
org.jfree.chart.renderer.xy.StackedXYAreaRenderer,3.125,28,12,50,15.125,9.5,82,3,16,16,233,16,3,13,30,282,152,173,109,4,232,4,10,217,4,0.473615075,5.25,22,84,2,2,134,65,382,91,390,336,31,0
org.jfree.chart.renderer.xy.StackedXYAreaRenderer2,3.583333333,21,7,43,26,18.75,73,2,12,12,226,12,3,9,24,317,225,211,140,4,226,4,7,214,4,0.440943683,3.75,18,45,0,0,86,27,94,68,367,313,17,0
org.jfree.chart.renderer.xy.StackedXYBarRenderer,4.2,27,6,42,21,13.4,84,2,10,10,246,10,0,10,21,214,134,125,82,4,245,4,4,236,4,0.443820018,4.9,25,49,0,0,85,34,212,43,399,341,20,0
org.jfree.chart.renderer.category.StandardBarPainter,3.5,9,2,21,14.83333333,9.666666667,0,0,6,6,15,6,1,5,19,91,58,64,45,1,15,1,4,9,1,0.193939394,2.333333333,5,14,0,0,17,9,18,17,44,23,17,0
org.jfree.chart.labels.StandardCategoryItemLabelGenerator,1.333333333,3,5,8,4.5,1.666666667,8,2,6,6,26,6,0,6,11,34,10,19,10,2,29,2,5,20,2,0.201058201,0.833333333,2,5,0,0,16,5,61,0,31,30,4,0
org.jfree.chart.labels.StandardCategorySeriesLabelGenerator,1.714285714,4,4,12,6.285714286,3.428571429,3,3,7,7,15,7,1,6,6,50,24,34,19,1,14,1,4,8,1,0.224242424,0.285714286,6,2,0,0,3,1,3,3,16,16,0,0
org.jfree.chart.labels.StandardCategoryToolTipGenerator,1.4,3,4,7,4.8,1.8,8,2,5,5,25,5,0,5,8,31,9,17,9,2,29,2,4,20,2,0.193650794,0.8,2,4,0,0,12,4,43,0,30,29,2,0
org.jfree.chart.urls.StandardCategoryURLGenerator,3.5,6,1,21,14.16666667,9.333333333,4,4,6,6,15,6,0,6,10,92,56,57,38,1,15,1,4,9,1,0.193939394,0.833333333,6,5,0,0,9,3,27,9,16,16,2,0
org.jfree.chart.StandardChartTheme,2.573033708,34,42,229,9.898876404,6.280898876,31,31,86,89,98,89,23,66,56,916,559,672,481,1,98,1,87,9,1,0.225378788,2.191011236,56,195,26,4,385,187,2070,385,255,220,140,0
org.jfree.chart.plot.dial.StandardDialFrame,1.588235294,7,12,27,7.176470588,4.470588235,7,5,17,17,32,17,2,15,12,130,76,92,60,2,32,2,14,15,2,0.374074074,1.294117647,9,22,3,2,52,22,290,41,45,42,23,0
org.jfree.chart.plot.dial.StandardDialRange,1.636363636,9,15,36,7,4.272727273,9,7,22,22,37,22,2,20,18,164,94,116,76,2,37,2,19,15,2,0.377777778,1.136363636,11,25,1,1,51,23,205,34,52,46,14,0
org.jfree.chart.plot.dial.StandardDialScale,1.775510204,20,35,87,7.571428571,4.714285714,22,20,49,49,64,49,2,47,34,394,231,285,194,2,64,2,46,15,2,0.384160757,1.204081633,10,59,7,4,135,58,575,94,79,74,37,0
org.jfree.chart.entity.StandardEntityCollection,1.545454545,3,7,17,5.181818182,2.545454545,2,2,11,11,20,11,0,11,6,62,28,46,25,1,20,1,9,9,1,0.210606061,0.363636364,5,4,1,1,5,3,13,5,23,23,8,0
org.jfree.chart.util.StandardGradientPaintTransformer,2.285714286,5,3,16,8.857142857,5.571428571,2,2,7,7,15,7,0,7,4,68,39,36,23,1,14,1,4,8,1,0.224242424,1.428571429,3,10,1,1,9,5,50,9,17,17,8,0
org.jfree.chart.labels.StandardPieSectionLabelGenerator,1.363636364,5,10,15,4.818181818,2.181818182,7,3,11,11,25,11,0,11,15,61,24,36,20,2,25,2,8,14,2,0.256354394,0.818181818,7,9,1,1,18,8,75,8,39,35,8,0
org.jfree.chart.labels.StandardPieToolTipGenerator,1,1,7,7,3.285714286,1.142857143,6,2,7,7,23,7,0,7,9,29,8,17,7,2,25,2,6,16,2,0.210084034,0.428571429,4,3,0,0,8,3,32,0,27,27,4,0
org.jfree.chart.urls.StandardPieURLGenerator,2.666666667,6,3,16,11,6.333333333,4,4,6,6,16,6,0,6,11,72,38,44,30,1,17,1,5,10,1,0.169191919,0.166666667,5,1,0,0,3,1,9,3,17,17,1,0
org.jfree.chart.axis.StandardTickUnitSource,1.166666667,2,5,7,4.666666667,2.5,1,1,6,6,15,6,0,6,4,31,15,21,8,1,15,1,4,9,1,0.193939394,0.5,3,3,0,0,7,3,16,7,18,17,5,0
org.jfree.chart.imagemap.StandardToolTipTagFragmentGenerator,1,1,2,2,3.5,1.5,0,0,2,2,13,2,0,2,1,10,3,5,2,1,15,1,2,11,1,0.111111111,0.5,2,1,0,0,2,1,38,2,14,14,0,1
org.jfree.chart.imagemap.StandardURLTagFragmentGenerator,1,1,2,2,3,1,0,0,2,2,13,2,0,2,1,9,2,5,2,1,15,1,2,11,1,0.111111111,0,1,0,0,0,0,0,0,0,13,13,0,0
org.jfree.chart.renderer.xy.StandardXYBarPainter,3.5,9,2,21,14.83333333,9.666666667,0,0,6,6,15,6,1,5,19,91,58,64,45,1,15,1,4,9,1,0.193939394,2.166666667,5,13,0,0,16,8,16,16,43,22,17,0
org.jfree.chart.labels.StandardXYItemLabelGenerator,1.25,3,7,10,4.375,1.625,9,2,8,8,30,8,0,8,16,41,13,23,12,2,31,2,6,22,2,0.218253968,0.875,3,7,0,0,23,7,73,0,35,34,8,0
org.jfree.chart.renderer.xy.StandardXYItemRenderer,2.735294118,31,23,93,11.94117647,7.441176471,85,17,34,34,242,34,4,30,53,446,253,291,181,3,243,3,30,208,3,0.414891459,3.058823529,28,104,3,3,179,73,593,95,395,342,46,0
org.jfree.chart.labels.StandardXYSeriesLabelGenerator,1.714285714,4,4,12,6.428571429,3.571428571,3,3,7,7,15,7,1,6,6,51,25,34,19,1,14,1,4,8,1,0.224242424,0.285714286,6,2,0,0,3,1,3,3,16,16,0,0
org.jfree.chart.labels.StandardXYToolTipGenerator,1.222222222,3,8,11,4.333333333,1.666666667,9,2,8,9,31,9,0,9,16,45,15,25,13,2,34,2,7,22,2,0.222222222,0.777777778,3,7,0,0,23,7,73,0,36,35,8,0
org.jfree.chart.urls.StandardXYURLGenerator,2.8,6,2,14,10.6,6.6,7,7,5,5,15,5,0,5,8,62,33,41,25,1,17,1,4,10,1,0.163636364,0.6,4,3,0,0,9,3,27,9,16,16,0,0
org.jfree.chart.labels.StandardXYZToolTipGenerator,2.111111111,6,5,19,10.11111111,5.888888889,13,4,9,9,38,9,1,8,18,98,53,59,36,3,40,3,7,29,3,0.406922043,1.555555556,7,14,2,2,21,10,40,6,45,44,12,0
org.jfree.chart.urls.StandardXYZURLGenerator,1,1,1,1,3,1,7,0,1,1,16,1,0,1,3,6,1,3,1,2,19,2,1,15,2,0.111111111,1,2,1,0,0,4,1,6,0,17,17,0,0
org.jfree.chart.renderer.category.StatisticalBarRenderer,4.909090909,19,7,54,29.36363636,20.18181818,92,3,11,11,262,11,4,7,33,330,222,198,124,4,265,4,9,251,4,0.409301713,7.363636364,20,81,2,2,168,71,433,73,448,375,41,1
org.jfree.chart.renderer.category.StatisticalLineAndShapeRenderer,4.25,24,6,34,24.375,16.125,83,2,8,8,251,8,2,6,16,200,129,112,83,4,254,4,6,243,4,0.231292517,9.375,19,75,1,1,171,60,414,81,429,350,16,0
org.jfree.data.statistics.Statistics,4.230769231,8,4,55,19.07692308,12.61538462,0,0,0,13,24,13,0,13,26,250,164,179,117,1,26,1,13,11,1,0.154761905,0,4,0,0,0,0,0,0,0,24,24,9,0
org.jfree.chart.util.StringUtilities,1.75,2,1,7,5.75,2.75,0,0,1,4,15,4,1,3,5,25,11,14,9,1,17,1,4,11,1,0.133333333,0,3,0,0,0,0,0,0,0,15,15,0,0
org.jfree.chart.ui.StrokeChooserPanel,1,1,3,3,6.666666667,4,1,1,3,3,14,3,1,2,2,23,12,16,9,2,17,2,3,11,2,0.166666667,0.666666667,1,2,1,1,3,2,5,3,16,16,6,0
org.jfree.chart.util.StrokeList,1.875,4,5,15,6.625,3.5,5,0,8,8,24,8,2,6,6,55,28,40,25,2,24,2,5,16,2,0.237816764,1.125,3,9,0,0,16,9,108,5,32,29,5,0
org.jfree.chart.StrokeMap,2,6,4,18,7.777777778,4.666666667,2,2,9,9,18,9,2,7,7,74,42,56,30,1,18,1,7,9,1,0.206439394,0.333333333,6,3,1,1,8,3,54,8,21,21,13,0
org.jfree.chart.ui.StrokeSample,1.333333333,2,4,8,8.166666667,5.5,2,2,6,6,17,6,0,6,8,53,33,40,18,2,20,2,6,11,2,0.19047619,0,1,0,2,2,0,0,0,0,17,17,17,0
org.jfree.chart.axis.SubCategoryAxis,3.230769231,14,5,42,16.46153846,11.07692308,59,4,13,13,121,13,4,9,26,221,144,150,101,3,122,3,10,108,3,0.347392847,4.615384615,19,60,3,3,140,49,553,59,224,175,36,0
org.jfree.data.general.SubSeriesDataset,1.391304348,2,14,32,5.347826087,2.782608696,6,2,23,23,53,23,0,23,38,128,64,78,42,5,57,5,21,30,5,0.285984848,0.565217391,3,13,0,0,0,0,0,0,57,57,0,0
org.jfree.chart.encoders.SunJPEGEncoderAdapter,1.428571429,3,5,10,6,3.428571429,1,1,7,7,18,7,0,7,5,45,24,32,18,1,20,1,7,11,1,0.145833333,0,1,0,0,0,0,0,0,0,18,18,8,0
org.jfree.chart.encoders.SunPNGEncoderAdapter,1.333333333,3,5,8,4.166666667,1.666666667,0,0,6,6,17,6,0,6,5,27,10,17,9,1,19,1,6,11,1,0.142857143,0.166666667,2,1,0,0,0,0,0,0,17,17,4,0
org.jfree.chart.axis.SymbolAxis,3.476190476,11,8,73,19.76190476,12.57142857,88,7,21,21,182,21,9,12,44,426,264,268,171,4,180,4,14,161,4,0.500873016,4.238095238,23,89,5,2,138,67,481,65,269,239,71,0
org.jfree.chart.labels.SymbolicXYItemLabelGenerator,2,4,3,12,8.5,4.833333333,1,1,5,6,14,6,1,5,9,55,29,35,20,1,13,1,3,8,1,0.215909091,1.166666667,10,7,0,0,5,3,10,5,22,17,1,0
org.jfree.chart.util.TableOrder,2,4,3,10,6.2,3.2,4,4,5,5,13,5,2,3,2,38,16,26,15,1,12,1,2,8,1,0.202020202,0,1,0,2,1,0,0,0,0,13,13,0,0
org.jfree.data.gantt.Task,1.6,7,11,24,5.2,2.6,5,5,15,15,24,15,0,15,13,85,39,59,36,1,24,1,13,9,1,0.215367965,0.333333333,8,5,1,1,15,5,38,15,26,26,3,0
org.jfree.data.gantt.TaskSeries,1.7,5,7,17,6.1,3.4,7,1,10,10,35,10,0,10,6,64,34,48,30,2,35,2,7,25,2,0.23015873,0.8,6,8,1,1,11,8,53,3,43,41,8,0
org.jfree.data.gantt.TaskSeriesCollection,1.837837838,4,20,68,7.567567568,4.648648649,7,3,37,37,57,37,1,36,50,287,172,216,103,3,56,3,32,20,3,0.375757576,1.081081081,14,40,2,1,53,36,180,47,75,74,38,0
org.jfree.chart.text.TextAnchor,4.6,16,3,23,14.2,8.6,17,17,5,5,13,5,2,3,2,104,43,66,41,1,12,1,2,8,1,0.202020202,0,1,0,15,1,0,0,0,0,13,13,0,0
org.jfree.chart.annotations.TextAnnotation,1.764705882,9,11,30,6.352941176,3.529411765,12,12,17,17,26,17,3,14,10,122,60,89,56,1,28,1,15,9,1,0.216856061,0.588235294,9,10,8,3,24,10,122,24,33,32,18,0
org.jfree.chart.text.TextBlock,2,6,7,28,9.071428571,5.785714286,3,3,14,14,23,14,1,13,28,132,81,84,44,1,23,1,12,9,1,0.214452214,2.714285714,11,38,2,2,37,19,84,37,40,30,30,0
org.jfree.chart.text.TextBlockAnchor,3.4,10,3,17,10.4,6,11,11,5,5,13,5,2,3,2,74,30,47,29,1,12,1,2,8,1,0.202020202,0,1,0,9,1,0,0,0,0,13,13,0,0
org.jfree.chart.text.TextBox,1.88,11,21,47,7,4.28,9,9,25,25,34,25,2,23,18,186,107,130,83,1,34,1,23,9,1,0.220328283,1.32,10,33,6,4,80,32,362,80,77,54,29,0
org.jfree.chart.text.TextFragment,1.933333333,7,11,29,7,3.866666667,7,7,15,15,24,15,2,13,23,114,58,78,47,1,24,1,13,9,1,0.215367965,0.733333333,7,11,4,2,21,5,71,21,32,29,24,0
org.jfree.chart.text.TextLine,1.923076923,4,5,25,7.615384615,4.538461538,2,2,13,13,22,13,1,12,19,103,59,72,38,1,22,1,11,9,1,0.213383838,0.923076923,7,12,1,1,28,10,39,28,35,30,26,0
org.jfree.chart.title.TextTitle,2.944444444,13,22,106,11.77777778,7.611111111,32,13,36,36,89,36,8,28,41,441,274,300,214,3,90,3,31,53,3,0.337589799,4.444444444,29,160,7,4,214,95,730,165,179,133,70,0
org.jfree.chart.text.TextUtilities,3.4,9,8,68,20.7,14.85,3,3,1,20,31,20,5,15,80,423,297,242,140,1,33,1,20,11,1,0.158730159,4.8,10,96,0,0,31,14,39,31,44,41,69,0
org.jfree.chart.plot.ThermometerPlot,2.152777778,26,45,155,9.069444444,5.708333333,84,55,70,72,135,72,7,65,77,718,411,501,318,2,131,2,65,63,2,0.2998076,1.472222222,26,106,12,7,202,88,772,167,238,176,75,0
org.jfree.chart.axis.Tick,2,7,6,16,7,3.875,5,5,8,8,16,8,0,8,5,63,31,43,27,1,20,1,5,8,1,0.22979798,0.375,5,3,2,1,9,3,27,9,17,17,6,0
org.jfree.chart.entity.TickLabelEntity,1,1,1,1,3,1,5,1,1,1,24,1,0,1,3,7,1,4,1,2,28,2,1,23,2,0.111111111,1,1,1,0,0,4,1,8,0,28,28,1,0
org.jfree.chart.axis.TickType,2.25,4,2,9,7.25,4,3,3,4,4,13,4,2,2,2,34,16,24,14,1,13,1,2,9,1,0.171717172,0,1,0,2,1,0,0,0,0,13,13,0,0
org.jfree.chart.axis.TickUnit,2,5,5,16,6.75,3.625,3,3,8,8,17,8,0,8,6,59,29,38,23,1,19,1,6,9,1,0.203463203,0,2,0,0,0,0,0,0,0,17,17,0,0
org.jfree.chart.axis.TickUnits,1.555555556,3,5,14,6.333333333,3.555555556,2,2,9,9,18,9,0,9,6,61,32,39,23,1,18,1,7,9,1,0.206439394,0.111111111,6,1,1,1,3,1,7,3,20,19,8,0
org.jfree.data.time.TimePeriodAnchor,2.2,4,3,11,6.8,3.6,5,5,5,5,13,5,2,3,2,44,18,29,17,1,12,1,2,8,1,0.202020202,0,1,0,3,1,0,0,0,0,13,13,0,0
org.jfree.data.time.TimePeriodFormatException,1,1,1,1,3,1,8,0,1,1,38,1,0,1,1,5,1,3,1,5,44,5,1,37,5,0.138888889,0,1,0,0,0,0,0,0,0,38,38,0,0
org.jfree.data.time.TimePeriodValue,2.111111111,7,5,19,6.222222222,3.333333333,3,3,9,9,17,9,0,9,7,61,30,41,25,1,16,1,6,8,1,0.233766234,0,7,0,0,0,0,0,0,0,17,17,0,0
org.jfree.data.time.TimePeriodValues,2.037037037,13,20,55,8.555555556,5.259259259,18,12,27,27,51,27,2,25,24,245,142,174,104,2,50,2,23,24,2,0.427248677,1.37037037,11,37,1,1,46,27,114,30,63,63,10,1
org.jfree.data.time.TimePeriodValuesCollection,1.954545455,7,11,43,8.045454545,5,7,3,22,22,51,22,1,21,25,183,110,124,68,5,54,5,19,29,5,0.295138889,2.681818182,14,59,2,2,61,36,113,59,74,74,24,0
org.jfree.data.time.TimeSeries,2.454545455,11,24,108,10.20454545,6.431818182,15,9,44,44,68,44,0,44,55,460,283,319,207,2,67,2,40,24,2,0.264421216,1.227272727,19,54,1,1,88,54,243,61,90,87,50,2
org.jfree.chart.demo.TimeSeriesChartDemo1,1.2,2,4,6,18,15.8,0,0,1,5,24,5,2,3,3,92,79,76,59,3,28,3,5,19,3,0.208333333,19.2,17,96,0,0,272,96,490,270,199,47,11,0
org.jfree.data.time.TimeSeriesCollection,1.875,5,16,60,7.15625,4.25,8,4,32,32,58,32,1,31,34,236,136,171,96,5,58,5,26,26,5,0.441100823,1.40625,14,45,3,3,69,40,113,64,79,79,44,0
org.jfree.data.time.TimeSeriesDataItem,2.444444444,9,4,22,8,4.333333333,3,3,9,9,18,9,0,9,8,77,39,52,34,1,18,1,7,9,1,0.206439394,0,6,0,1,1,0,0,0,0,18,18,4,0
org.jfree.data.time.TimeSeriesTableModel,2.454545455,6,6,27,9.818181818,5.181818182,4,4,11,11,22,11,0,11,14,115,57,60,43,2,25,2,11,11,2,0.203703704,0.727272727,11,8,2,2,14,8,18,14,38,28,5,0
org.jfree.chart.urls.TimeSeriesURLGenerator,2.875,7,5,23,10.875,6.875,5,5,8,8,18,8,0,8,10,94,55,65,43,1,19,1,7,10,1,0.176136364,0.25,5,2,1,1,0,0,0,0,18,18,5,0
org.jfree.data.time.TimeTableXYDataset,1.59375,7,22,51,5.625,2.96875,8,4,32,32,57,32,1,31,43,188,95,128,76,5,56,5,25,25,5,0.482867827,1.25,11,40,3,3,52,28,187,44,89,77,12,0
org.jfree.chart.title.Title,1.954545455,8,15,43,6.954545455,3.772727273,19,11,22,22,60,22,6,16,20,170,83,112,73,2,67,2,19,38,2,0.235501355,0.545454545,11,12,8,5,21,11,77,16,104,83,26,0
org.jfree.chart.event.TitleChangeEvent,1,1,2,2,3.5,1.5,3,1,2,2,20,2,0,2,1,10,3,7,3,3,24,3,2,18,3,0.166666667,0.5,1,1,1,1,2,1,2,0,20,20,3,0
org.jfree.chart.util.UnitType,2,4,3,10,6.2,3.2,4,4,5,5,13,5,2,3,2,37,16,26,15,1,12,1,2,8,1,0.202020202,0,1,0,2,1,0,0,0,0,13,13,0,0
org.jfree.data.UnknownKeyException,1,1,1,1,3,1,8,0,1,1,38,1,0,1,1,5,1,3,1,5,44,5,1,37,5,0.138888889,0,1,0,0,0,0,0,0,0,38,38,0,0
org.jfree.chart.axis.ValueAxis,2.3,17,43,161,9.685714286,6.085714286,70,28,70,70,141,70,12,58,87,712,426,480,318,2,149,2,66,71,2,0.320016584,2.6,21,182,7,2,275,154,1424,197,197,185,90,0
org.jfree.data.xml.ValueHandler,1.833333333,4,3,11,8,3.666666667,3,3,6,6,17,6,2,4,13,53,22,30,19,2,20,2,6,11,2,0.19047619,0.666666667,7,4,2,2,3,2,4,3,19,19,5,0
org.jfree.chart.plot.ValueMarker,1.666666667,5,5,10,5.833333333,3,15,1,6,6,47,6,0,6,12,38,18,26,17,2,49,2,5,41,2,0.193121693,0.833333333,1,5,0,0,13,5,84,2,56,50,6,1
org.jfree.chart.axis.ValueTick,1.8,5,4,9,7,3.4,7,2,5,5,20,5,0,5,12,39,17,25,16,2,25,2,4,15,2,0.198611111,0.8,3,4,1,1,9,3,46,2,23,22,7,0
org.jfree.data.xy.Vector,1.571428571,5,6,11,5.714285714,3.142857143,2,2,7,7,16,7,0,7,3,44,22,32,19,1,16,1,5,9,1,0.199494949,0,2,0,0,0,0,0,0,0,16,16,0,0
org.jfree.data.xy.VectorDataItem,1.333333333,2,4,8,5.333333333,2.666666667,3,0,6,6,22,6,0,6,4,34,16,21,10,2,25,2,6,16,2,0.19047619,2,3,12,0,0,18,12,31,10,29,29,5,0
org.jfree.chart.renderer.xy.VectorRenderer,5.333333333,9,2,32,30.66666667,21.66666667,70,2,6,6,214,6,0,6,15,189,130,147,86,3,214,3,2,208,3,0.339622642,6.5,16,39,0,0,48,19,153,31,351,300,13,0
org.jfree.data.xy.VectorSeries,1,1,9,9,3.777777778,1.666666667,10,0,9,9,52,9,0,9,14,36,15,25,10,3,54,3,7,43,3,0.400231481,1.111111111,3,10,0,0,19,9,74,9,76,69,7,0
org.jfree.data.xy.VectorSeriesCollection,1.444444444,3,12,26,5.444444444,2.944444444,5,1,18,18,40,18,0,18,21,102,53,75,40,4,39,4,12,22,4,0.428693529,1.166666667,12,21,1,1,32,21,78,28,65,57,17,0
org.jfree.chart.util.VerticalAlignment,2.2,4,3,11,7.2,3.8,5,5,5,5,13,5,2,3,2,46,19,29,17,1,12,1,2,8,1,0.202020202,0,1,0,3,1,0,0,0,0,13,13,0,0
org.jfree.data.general.WaferMapDataset,1.526315789,4,13,29,5.052631579,2.473684211,10,7,19,19,39,19,0,19,23,105,47,77,44,2,42,2,19,20,2,0.211111111,0.421052632,5,8,1,1,17,8,65,17,53,48,3,0
org.jfree.chart.plot.WaferMapPlot,2.461538462,8,6,32,14.69230769,10.53846154,39,10,13,13,80,13,3,10,16,211,137,140,86,2,80,2,10,67,2,0.327417027,2.153846154,13,28,8,6,42,24,111,34,175,106,36,0
org.jfree.chart.renderer.WaferMapRenderer,2.866666667,6,6,43,11.86666667,7.933333333,61,7,15,15,171,15,7,8,14,187,119,130,65,2,173,2,14,156,2,0.20953055,1.066666667,10,16,2,2,35,14,99,28,233,210,32,0
org.jfree.chart.renderer.category.WaterfallBarRenderer,3.333333333,15,7,50,17,11.46666667,94,5,15,15,265,15,2,13,22,262,172,171,117,4,267,4,12,250,4,0.472328638,4.133333333,24,62,4,1,114,48,491,68,448,378,32,0
org.jfree.data.time.Week,2.24,7,14,56,10.56,6.64,7,7,21,25,39,25,3,22,21,273,166,182,125,2,31,2,14,14,2,0.384377104,0.32,7,8,0,0,16,8,33,16,47,47,22,1
org.jfree.data.xy.DefaultWindDataset,2.333333333,6,4,14,8.333333333,4.666666667,3,3,6,6,16,6,0,6,5,54,28,36,24,1,17,1,5,10,1,0.169191919,0,2,0,0,0,0,0,0,0,16,16,0,0
org.jfree.chart.renderer.xy.WindItemRenderer,1,1,3,3,23,16.33333333,69,1,3,3,214,3,0,3,12,73,49,52,28,3,217,3,2,211,3,0.168238994,5.666666667,13,17,0,0,42,14,59,34,350,300,13,0
org.jfree.chart.needle.WindNeedle,2,4,2,8,8.5,5.25,12,1,4,4,35,4,1,3,5,38,21,24,15,3,36,3,1,31,3,0.154411765,1.75,1,7,0,0,21,7,116,0,49,39,5,0
org.jfree.data.xy.XIntervalDataItem,1.6,2,2,8,6.6,3.4,3,0,5,5,21,5,0,5,4,35,17,20,11,2,24,2,5,16,2,0.185185185,1.8,3,9,0,0,14,9,25,7,26,26,3,0
org.jfree.data.xy.XIntervalSeries,1,1,8,8,3.625,1.5,10,0,8,8,52,8,0,8,13,31,12,21,8,3,55,3,7,44,3,0.226157407,1,4,8,0,0,18,8,73,9,73,68,5,0
org.jfree.data.xy.XIntervalSeriesCollection,1.4,3,14,28,5.35,2.9,5,1,20,20,45,20,0,20,25,111,58,82,44,5,44,5,13,25,5,0.473710317,1.2,11,24,1,1,38,24,90,33,71,64,17,0
org.jfree.chart.entity.XYAnnotationEntity,2,5,3,8,6.75,3.5,6,2,4,4,26,4,0,4,6,32,14,21,13,2,28,2,3,22,2,0.18115942,0.5,1,2,0,0,6,2,26,0,31,30,1,0
org.jfree.chart.renderer.xy.XYAreaRenderer,3.352941176,23,12,57,16.35294118,11.58823529,79,11,17,17,225,17,2,15,28,304,197,208,137,3,226,3,13,208,3,0.488432165,5.882352941,23,100,1,1,152,66,442,97,369,318,31,0
org.jfree.chart.renderer.xy.XYAreaRenderer2,2.416666667,8,8,29,16,11.41666667,71,3,12,12,221,12,2,10,21,201,137,131,81,3,223,3,9,209,3,0.340828092,5.5,22,66,1,1,126,54,472,74,367,313,23,0
org.jfree.data.xy.XYBarDataset,1.318181818,5,18,29,4.409090909,2.090909091,6,2,22,22,44,22,0,22,31,102,46,71,39,5,40,5,12,22,5,0.560576923,0.772727273,5,17,0,0,8,4,25,3,49,49,1,0
org.jfree.chart.renderer.xy.XYBarRenderer,3.05,26,28,122,13.925,9.05,82,14,38,40,246,40,5,35,50,586,362,371,244,3,246,3,34,206,3,0.474513327,3.95,34,158,3,2,227,100,693,156,404,348,54,0
org.jfree.chart.renderer.xy.XYBlockRenderer,2.866666667,10,5,43,12.66666667,8.2,74,6,15,15,223,15,1,14,19,199,123,129,91,3,223,3,11,208,3,0.402122642,3.533333333,19,53,1,1,78,38,330,63,370,314,18,0
org.jfree.chart.renderer.xy.XYBoxAndWhiskerRenderer,2.909090909,21,15,64,18.31818182,12.36363636,73,5,22,22,232,22,7,15,59,411,272,256,151,3,234,3,20,210,3,0.241239892,4.090909091,21,90,2,1,174,67,381,121,401,335,59,0
org.jfree.chart.annotations.XYBoxAnnotation,2.555555556,11,7,23,12.66666667,8.333333333,10,8,9,9,23,9,2,7,27,125,75,89,60,2,22,2,5,14,2,0.342592593,2.666666667,12,24,3,2,59,22,333,49,43,39,20,0
org.jfree.chart.renderer.xy.XYBubbleRenderer,4.142857143,13,3,29,23,17.42857143,73,5,7,7,216,7,0,7,16,172,122,113,69,3,217,3,4,209,3,0.315828092,8.857142857,19,62,0,0,149,51,312,72,358,305,20,0
org.jfree.data.xy.XYCoordinate,2.125,6,6,17,7.625,4.375,2,2,8,8,16,8,0,8,4,65,35,45,30,1,15,1,5,8,1,0.22979798,0,3,0,0,0,0,0,0,0,16,16,0,0
org.jfree.chart.plot.XYCrosshairState,1,1,1,1,2,0,10,0,1,1,36,1,0,1,0,4,0,2,0,2,39,2,1,35,2,0.111111111,0,0,0,0,0,0,0,0,0,36,36,0,0
org.jfree.data.xy.XYDataItem,1.769230769,5,8,23,6.384615385,3.307692308,3,3,13,13,20,13,0,13,8,88,43,58,35,1,18,1,9,7,1,0.271212121,0.076923077,6,1,0,0,3,1,9,3,21,21,0,0
org.jfree.data.xy.XYDatasetTableModel,1.7,3,5,17,5.7,2.8,1,1,10,10,21,10,0,10,11,61,28,38,26,2,24,2,10,11,2,0.202020202,0.7,6,7,0,0,0,0,0,0,21,21,1,0
org.jfree.chart.renderer.xy.XYDifferenceRenderer,3.84,28,14,96,27.12,20.28,74,6,25,25,232,25,7,18,61,690,507,467,325,3,231,3,20,207,3,0.379290207,4.8,26,120,3,2,205,75,625,128,383,330,74,0
org.jfree.chart.renderer.xy.XYDotRenderer,2.384615385,7,7,31,11.38461538,7.076923077,72,4,13,13,222,13,2,11,20,155,92,101,62,3,223,3,10,209,3,0.34310082,3.461538462,18,45,1,1,81,37,384,44,365,312,21,0
org.jfree.chart.annotations.XYDrawableAnnotation,2.833333333,10,3,17,15.83333333,10.83333333,9,7,6,6,20,6,0,6,19,105,65,71,44,2,19,2,2,14,2,0.305555556,2.166666667,12,13,0,0,30,12,154,20,34,31,12,0
org.jfree.chart.renderer.xy.XYErrorRenderer,2.133333333,8,9,32,11.06666667,7.133333333,85,5,15,15,260,15,2,13,21,173,107,120,74,4,261,4,11,245,4,0.416465863,2.266666667,15,34,1,1,74,26,200,43,415,357,24,0
org.jfree.chart.annotations.XYImageAnnotation,2,8,9,24,8.833333333,5.083333333,7,5,12,12,26,12,2,10,17,114,61,77,43,2,25,2,8,14,2,0.354938272,1.416666667,15,17,2,2,35,14,204,25,42,39,22,0
org.jfree.data.xy.XYInterval,2,8,6,14,6.857142857,3.714285714,5,5,7,7,17,7,0,7,6,55,26,39,25,1,18,1,6,10,1,0.173160173,0,0,0,0,0,0,0,0,0,17,17,0,0
org.jfree.data.xy.XYIntervalDataItem,1.714285714,2,2,12,7.428571429,3.857142857,3,0,7,7,23,7,0,7,6,54,27,30,17,2,26,2,7,16,2,0.194444444,1.857142857,2,13,0,0,20,13,35,11,30,30,5,0
org.jfree.data.xy.XYIntervalSeries,1,1,10,10,3.8,1.6,10,0,10,10,54,10,0,10,17,40,16,27,10,3,57,3,9,44,3,0.232407407,1,4,10,0,0,22,10,87,13,79,72,7,0
org.jfree.data.xy.XYIntervalSeriesCollection,1.409090909,3,15,31,5.090909091,2.636363636,5,1,22,22,45,22,0,22,29,116,58,86,49,5,42,5,13,23,5,0.536871693,0.863636364,10,19,1,1,31,19,56,26,77,62,12,0
org.jfree.chart.entity.XYItemEntity,1.444444444,5,8,13,5.111111111,2.444444444,8,4,9,9,30,9,0,9,10,52,22,35,20,2,31,2,7,21,2,0.390096618,0.222222222,2,2,0,0,6,2,26,0,35,34,1,0
org.jfree.chart.renderer.xy.XYItemRendererState,1,1,7,7,3.571428571,1.285714286,5,4,7,7,21,7,0,7,14,31,9,21,9,2,30,2,7,14,2,0.194444444,0.142857143,3,1,1,1,2,1,2,0,23,23,2,0
org.jfree.chart.renderer.xy.XYLine3DRenderer,1.466666667,6,13,22,5.6,2.733333333,87,7,15,15,259,15,6,9,14,94,41,63,39,4,259,4,10,244,4,0.449117683,0.6,3,9,2,1,22,9,123,8,416,360,8,0
org.jfree.chart.renderer.xy.XYLineAndShapeRenderer,2.295454545,15,32,101,10.72727273,6.363636364,80,12,44,44,251,44,8,36,91,507,280,317,194,3,256,3,39,207,3,0.451611635,2.840909091,24,125,4,2,237,99,692,134,403,350,64,0
org.jfree.chart.annotations.XYLineAnnotation,2.875,10,5,23,15.375,10.625,9,7,8,8,22,8,2,6,20,133,85,92,62,2,21,2,4,14,2,0.335185185,3.375,16,27,2,2,73,25,359,63,44,40,16,0
org.jfree.chart.plot.XYPlot,2.85915493,55,103,609,11.81220657,7.568075117,89,60,213,213,275,213,19,194,277,2587,1612,1812,1211,2,272,2,205,62,2,0.342572045,2.769953052,48,590,45,13,1003,476,3246,898,439,375,423,1
org.jfree.chart.annotations.XYPointerAnnotation,1.652173913,12,19,38,8.173913043,5.347826087,30,14,23,23,54,23,2,21,22,205,123,152,88,3,54,3,19,31,3,0.358928571,1.260869565,16,29,2,2,61,28,347,38,83,73,20,0
org.jfree.chart.annotations.XYPolygonAnnotation,2.307692308,8,9,30,10.46153846,6.692307692,7,5,13,13,27,13,2,11,18,144,87,99,70,2,26,2,9,14,2,0.357407407,2.230769231,13,29,3,2,73,27,380,63,49,45,23,0
org.jfree.data.xy.XYSeries,2.176470588,11,23,74,8.264705882,4.735294118,11,5,34,34,58,34,0,34,46,288,161,197,127,2,57,2,30,24,2,0.262672811,1.029411765,12,35,1,1,55,35,159,40,73,72,22,1
org.jfree.data.xy.XYSeriesCollection,1.516129032,4,19,47,5.290322581,2.774193548,7,3,31,31,58,31,0,31,28,171,86,121,75,5,59,5,26,27,5,0.319573045,1.225806452,13,38,2,2,64,38,199,54,94,87,18,0
org.jfree.chart.annotations.XYShapeAnnotation,2.444444444,8,5,22,12.88888889,8.888888889,7,5,9,9,23,9,2,7,18,124,80,90,53,2,22,2,5,14,2,0.342592593,3.111111111,13,28,4,3,68,26,524,58,46,42,28,0
org.jfree.chart.renderer.xy.XYShapeRenderer,2.166666667,12,15,52,9.458333333,5.958333333,76,8,24,24,231,24,3,21,27,238,143,156,106,3,230,3,19,207,3,0.445361635,2,21,48,2,2,89,40,314,50,380,326,25,0
org.jfree.chart.renderer.xy.XYSplineRenderer,3.375,13,3,27,17,11.5,82,2,8,8,254,8,2,6,23,162,92,129,79,4,256,4,5,246,4,0.337349398,4,12,32,1,1,41,16,83,23,410,350,20,0
org.jfree.chart.renderer.xy.XYStepAreaRenderer,3.222222222,27,14,58,13.94444444,8.611111111,78,10,17,18,227,18,1,17,30,264,155,170,117,3,228,3,15,209,3,0.239091981,3.222222222,15,58,1,1,95,39,227,50,374,318,21,0
org.jfree.chart.renderer.xy.XYStepRenderer,2.888888889,13,5,26,15.33333333,10,82,2,9,9,254,9,1,8,22,143,90,82,49,4,255,4,5,245,4,0.310910308,4.555555556,16,41,0,0,77,26,194,27,409,344,15,0
org.jfree.data.gantt.XYTaskDataset,1.433333333,6,21,43,5.366666667,2.733333333,7,3,30,30,52,30,6,24,40,167,82,110,61,4,51,4,24,22,4,0.438539683,0.8,10,24,1,1,30,20,72,24,70,65,14,0
org.jfree.chart.annotations.XYTextAnnotation,1.826086957,12,15,42,7.434782609,4.434782609,16,14,23,23,37,23,2,21,21,188,102,133,83,2,37,2,19,14,2,0.368518519,0.956521739,16,22,8,3,59,21,270,49,65,55,28,0
org.jfree.data.xy.YInterval,2,6,4,10,6.6,3.6,3,3,5,5,15,5,0,5,4,38,18,27,17,1,16,1,4,10,1,0.163636364,0,0,0,0,0,0,0,0,0,15,15,0,0
org.jfree.data.xy.YIntervalDataItem,1.6,2,2,8,6.6,3.4,3,0,5,5,21,5,0,5,4,35,17,20,11,2,24,2,5,16,2,0.185185185,1.8,2,9,0,0,14,9,25,7,26,26,3,0
org.jfree.chart.renderer.xy.YIntervalRenderer,2.555555556,6,4,23,16.22222222,11,70,2,9,9,217,9,1,8,24,151,99,97,53,3,217,3,5,208,3,0.381289308,6.333333333,24,57,0,0,126,47,388,68,359,304,29,0
org.jfree.data.xy.YIntervalSeries,1,1,8,8,3.625,1.5,10,0,8,8,52,8,0,8,13,31,12,21,8,3,55,3,7,44,3,0.226157407,1,4,8,0,0,18,8,73,9,73,68,5,0
org.jfree.data.xy.YIntervalSeriesCollection,1.4,3,14,28,5.15,2.7,5,1,20,20,45,20,0,20,25,107,54,78,44,5,44,5,13,25,5,0.473710317,1,10,20,1,1,34,20,71,29,72,60,13,0
org.jfree.data.xy.YWithXInterval,2,6,4,10,6.6,3.6,3,3,5,5,15,5,0,5,4,38,18,27,17,1,16,1,4,10,1,0.163636364,0,0,0,0,0,0,0,0,0,15,15,0,0
org.jfree.data.time.Year,1.5,3,12,27,6.111111111,3.222222222,6,6,17,18,32,18,0,18,12,118,58,79,47,2,24,2,7,14,2,0.371414141,0.111111111,5,2,0,0,4,2,4,4,37,37,9,0
