relName,AvgWMC,CCMax,NTM,WMC,AvgSLOC,AvgSLOCExe,NA,NAIMP,NIM,NLM,NM,NMIMP,NMNpub,Nmpub,NumPara,SLOC,SLOCExe,stms,stmsExe,AID,CHM,DIT,NMA,NMI,NOA,PII,AMC,CBO,CC,DAC,DACquote,ICP,MPC,MPCNew,NIHICP,RFC,RFC1,UCL,ADD,MOD,DEL,bug
jscomp.AbstractCommandLineRunner,3.982142857,20,17,223,16.96428571,11.42857143,19,19,51,56,67,56,40,16,74,1269,640,843,551,1,70,1,56,11,1,0.16374269,4.767857143,41,267,13,9,253,141,555,253,422,137,126,558,157,62,0
jscomp.AbstractCompiler,1,1,51,51,1.078431373,0.039215686,2,2,51,51,62,51,0,51,31,75,2,63,5,1,66,1,51,11,1,0.163461538,0,25,0,2,2,0,0,0,0,62,62,35,35,5,0,0
jscomp.AbstractMessageFormatter,1.5,3,4,9,4,1.833333333,3,3,5,6,17,6,2,4,6,45,11,27,13,1,21,1,6,11,1,0.142857143,1.166666667,5,7,1,1,2,2,4,2,18,18,3,0,1,0,0
jscomp.AbstractPeepholeOptimization,1.230769231,4,12,16,4.153846154,1.846153846,1,1,12,13,24,13,4,9,11,58,24,37,20,1,36,1,13,11,1,0.154761905,1,7,13,1,1,16,13,21,16,53,36,16,58,0,0,0
rhino.testing.AbstractStaticScope,1,1,5,5,2.6,0.8,0,0,5,5,16,5,0,5,2,20,4,10,4,1,19,1,5,11,1,0.138888889,0,4,0,0,0,0,0,0,0,16,16,2,20,0,0,0
jscomp.webservice.common.AbstractWebServiceException,1,1,3,3,2,0.666666667,6,0,3,3,31,3,0,3,0,9,2,5,1,3,34,3,2,28,3,0.17816092,0.333333333,3,1,0,0,1,1,2,1,32,32,1,9,0,0,0
jscomp.AliasExternals,2.5,11,10,45,10.88888889,7.166666667,15,15,16,18,29,18,14,4,30,370,129,241,129,1,31,1,18,11,1,0.157894737,5.222222222,15,94,11,6,131,66,283,131,122,56,63,22,59,5,0
jscomp.AliasKeywords,2,4,5,20,7.4,4.4,11,11,8,10,21,10,7,3,8,232,44,157,76,1,23,1,10,11,1,0.151515152,2.8,13,28,4,4,48,23,71,48,184,40,17,54,14,11,0
jscomp.AliasStrings,4.6,17,1,46,15.9,11.1,11,11,8,10,21,10,7,3,17,248,111,165,94,2,24,2,10,11,2,0.202020202,6.7,13,67,8,7,49,26,121,49,110,44,35,8,16,23,0
rhino.jstype.AllType,1,1,13,13,3,1,16,1,13,13,129,13,0,13,8,53,13,28,13,2,120,2,1,116,2,0.336805556,0.307692308,9,4,0,0,2,1,2,0,287,173,6,3,6,7,0
jscomp.AmbiguateProperties,3.545454545,9,1,39,16.63636364,11.72727273,13,13,11,11,22,11,8,3,13,389,129,258,148,1,24,1,11,11,1,0.152777778,8.454545455,25,93,11,7,99,68,188,99,108,59,49,16,26,5,0
jscomp.AnalyzeNameReferences,1.25,2,3,5,6.5,3.75,3,3,4,4,15,4,1,3,4,80,15,53,28,1,17,1,4,11,1,0.133333333,2.75,12,11,3,3,13,7,44,13,100,22,12,1,0,0,0
jscomp.AnalyzePrototypeProperties,2.75,5,1,11,13.75,9.5,14,14,4,4,15,4,1,3,8,500,38,319,175,1,17,1,4,11,1,0.133333333,3.25,14,13,12,8,32,13,68,32,78,23,25,106,73,25,1
jscomp.parsing.Annotation,1,1,2,2,0,0,52,50,2,2,19,2,0,2,1,107,0,2,0,2,22,2,2,17,2,0.148148148,0,1,0,50,2,0,0,0,0,19,19,1,20,0,0,0
jscomp.AnonymousFunctionNamingCallback,4.666666667,7,1,14,15.66666667,11,1,1,3,3,14,3,1,2,6,57,33,40,18,2,17,2,3,11,2,0.166666667,9.333333333,6,28,0,0,16,16,44,16,22,22,11,1,6,1,0
jscomp.AnonymousFunctionNamingPolicy,1,1,4,4,1.5,0.5,6,4,4,4,21,4,0,4,2,13,2,6,2,2,24,2,4,17,2,0.177777778,0,3,0,3,1,0,0,0,0,21,21,0,0,0,0,0
jscomp.ant.AntErrorManager,2.666666667,4,1,8,8.666666667,5.666666667,6,2,3,3,22,3,1,2,4,33,17,19,11,2,23,2,1,19,2,0.142857143,3.666666667,5,11,1,1,12,8,30,6,27,27,4,2,0,0,0
rhino.jstype.ArrowType,2.941176471,12,9,50,10.52941176,6.470588235,19,4,17,17,134,17,1,16,21,195,110,122,78,2,126,2,6,117,2,0.340334145,3.176470588,12,54,2,2,69,53,235,38,291,187,22,61,6,6,0
rhino.testing.Asserts,1.4,3,7,14,8.4,6.2,0,0,1,10,21,10,1,9,18,87,62,52,37,1,23,1,10,11,1,0.151515152,2.6,7,26,0,0,52,26,73,52,187,28,19,58,2,2,0
jscomp.AstChangeProxy,1.714285714,5,5,12,7.142857143,4.428571429,1,1,7,7,18,7,1,6,11,56,31,41,22,1,20,1,7,11,1,0.145833333,2.428571429,4,17,1,1,23,12,98,23,95,27,15,0,2,0,0
jscomp.AstParallelizer,1.714285714,4,4,12,14,8.714285714,7,7,5,7,18,7,2,5,12,128,61,81,43,1,20,1,7,11,1,0.145833333,1.142857143,3,8,5,4,15,8,47,15,32,26,27,0,12,3,0
jscomp.AstValidator,3.090909091,63,25,204,10.18181818,7.363636364,1,1,66,66,77,66,58,8,74,679,486,459,362,1,79,1,66,11,1,0.164179104,4.136363636,8,273,0,0,160,141,2058,160,101,97,85,679,0,0,0
rhino.testing.BaseJSTypeTestCase,1,1,18,18,17.22222222,14.61111111,56,56,16,18,29,18,17,1,30,509,263,269,176,2,32,2,18,11,2,0.210526316,9.666666667,15,174,54,5,229,105,308,229,300,52,106,37,42,0,0
jscomp.BasicErrorManager,1.545454545,4,8,17,4,1.727272727,4,4,11,11,22,11,2,9,6,116,19,80,46,1,27,1,11,11,1,0.152777778,0.818181818,5,9,1,1,3,1,3,3,23,23,12,9,0,0,0
rhino.jstype.BooleanLiteralSet,2.285714286,5,4,16,4,2.285714286,6,4,6,7,24,7,1,6,6,34,16,21,15,2,27,2,7,17,2,0.194444444,0,3,0,4,1,0,0,0,0,24,24,0,0,0,0,0
rhino.jstype.BooleanType,1.166666667,3,11,14,3.75,1.583333333,16,1,12,12,130,12,0,12,4,59,19,31,16,3,123,3,1,118,3,0.365544985,0.916666667,7,11,0,0,12,7,14,0,289,175,6,5,3,0,0
jscomp.ByPathWarningsGuard,1.8,4,3,9,7.4,4.2,5,5,3,5,18,5,2,3,8,46,21,30,15,2,19,2,3,13,2,0.377777778,2,5,10,2,2,1,1,2,1,19,19,11,46,0,0,0
jscomp.CallGraph,2.47826087,8,13,57,11.52173913,7.043478261,9,9,22,23,34,23,12,11,31,391,162,251,145,1,36,1,23,11,1,0.159722222,2.173913043,19,50,4,3,57,38,130,57,135,65,72,391,0,0,0
rhino.jstype.CanCastToVisitor,2,8,10,30,6.466666667,3.733333333,0,0,15,15,26,15,1,14,26,110,56,66,43,1,28,1,15,11,1,0.15625,2.8,12,42,0,0,62,40,85,62,94,51,32,110,0,0,0
jscomp.regex.CaseCanonicalize,3.4,6,1,17,10.4,6.6,4,4,1,5,16,5,1,4,4,500,33,53,28,1,18,1,5,11,1,0.138888889,5.4,5,27,4,2,36,19,708,36,23,22,15,500,0,0,0
jscomp.ChainCalls,1.5,2,1,3,7.5,5,6,6,2,2,13,2,0,2,3,125,10,85,48,1,15,1,2,11,1,0.111111111,7,8,14,6,5,17,7,54,17,67,19,10,0,8,1,0
jscomp.type.ChainableReverseAbstractInterpreter,2.916666667,9,5,35,9.666666667,6.333333333,6,6,12,12,23,12,7,5,21,449,76,248,140,1,27,1,12,11,1,0.153846154,2.333333333,13,28,3,2,21,15,74,21,49,31,21,449,0,0,2
jscomp.regex.CharRanges,4,12,7,76,13.36842105,10.05263158,3,3,15,19,27,19,2,17,15,263,191,228,156,1,26,1,16,8,1,0.247771836,0,8,0,2,1,0,0,0,0,27,27,0,263,0,0,0
jscomp.CheckAccessControls,4.2,15,6,105,16.36,11.28,20,20,19,25,36,25,18,7,50,473,282,256,159,1,38,1,25,11,1,0.16025641,7.36,16,184,18,5,258,177,615,258,200,96,108,125,30,7,1
jscomp.CheckDebuggerStatement,1.333333333,2,2,4,3.666666667,1.333333333,2,2,3,3,14,3,0,3,6,21,4,10,4,2,17,2,3,11,2,0.166666667,1,5,3,2,2,9,3,8,9,60,17,8,21,0,0,0
jscomp.CheckGlobalNames,4,10,3,40,15.3,10.4,9,9,10,10,21,10,7,3,17,174,104,101,60,1,23,1,10,11,1,0.151515152,2,11,20,8,5,26,17,43,26,83,35,36,94,21,10,0
jscomp.CheckGlobalThis,4.6,12,1,23,17,11.4,3,3,5,5,16,5,2,3,10,94,57,53,33,1,18,1,5,11,1,0.138888889,7.6,9,38,3,3,34,30,71,34,48,35,23,31,11,2,0
jscomp.CheckLevel,1,1,3,3,1,0.333333333,5,3,3,3,20,3,0,3,1,8,1,3,1,2,23,2,3,17,2,0.166666667,0,1,0,3,1,0,0,0,0,20,20,0,0,0,0,0
jscomp.CheckLevelLegacy,1,1,2,2,0,0,6,4,2,2,19,2,0,2,1,6,0,1,0,2,22,2,2,17,2,0.148148148,0,1,0,4,1,0,0,0,0,19,19,0,0,0,0,0
jscomp.CheckMissingGetCssName,2.285714286,6,4,16,8.428571429,5.285714286,6,6,7,7,18,7,4,3,15,73,37,43,24,2,21,2,7,11,2,0.194444444,2.714285714,7,19,4,4,23,19,101,23,68,31,18,0,8,1,0
jscomp.CheckMissingReturn,2,5,6,18,7.333333333,4,5,5,7,9,20,9,4,5,14,105,36,58,32,1,22,1,9,11,1,0.15,3,14,27,5,4,38,25,89,38,159,39,26,9,16,0,0
jscomp.CheckPathsBetweenNodes,2.8,8,7,28,10.8,6.5,11,11,10,10,21,10,6,4,17,121,65,88,58,1,23,1,10,11,1,0.151515152,0.4,3,4,5,3,4,4,16,4,31,25,27,9,0,0,0
jscomp.CheckProvides,1,1,3,3,4.333333333,2,4,4,3,3,14,3,0,3,6,91,6,59,32,1,16,1,3,11,1,0.125,1.333333333,8,4,3,3,9,4,16,9,55,18,10,15,7,0,0
jscomp.CheckRegExp,2.5,7,3,10,8.25,5.25,4,4,4,4,15,4,0,4,7,46,21,26,12,2,18,2,4,11,2,0.177777778,4.5,12,18,3,2,27,15,447,27,93,26,9,12,1,0,0
jscomp.CheckRequiresForConstructors,1.4,3,4,7,5.8,3.2,4,4,3,5,16,5,2,3,8,139,16,90,52,1,18,1,5,11,1,0.138888889,1.2,11,6,3,3,14,6,17,14,59,21,11,25,8,1,0
jscomp.CheckSideEffects,2.833333333,9,3,17,12,8.166666667,6,6,6,6,17,6,2,4,10,107,49,72,42,2,20,2,6,11,2,0.19047619,6.666666667,13,40,4,4,71,37,361,71,119,47,20,75,13,31,2
jscomp.CheckSuspiciousCode,3.333333333,9,2,20,8.166666667,5.333333333,2,2,6,6,17,6,4,2,11,59,32,28,17,2,20,2,6,11,2,0.19047619,4.666666667,7,28,2,1,25,17,58,25,46,28,15,59,0,0,0
jscomp.CheckUnreachableCode,1.333333333,3,5,8,4.833333333,2.5,3,3,6,6,17,6,1,5,11,58,15,33,16,1,19,1,6,11,1,0.142857143,2.833333333,13,17,3,3,25,14,51,25,95,29,14,7,5,2,0
jscomp.CleanupPasses,1,1,5,5,3.8,1.8,8,4,5,5,29,5,4,1,2,78,9,43,18,2,28,2,1,24,2,0.158730159,0.2,4,1,4,2,2,1,2,0,131,50,10,78,0,0,0
jscomp.ClosureCodeRemoval,4,7,1,8,16.5,11,6,6,2,2,13,2,0,2,5,108,22,73,38,1,15,1,2,11,1,0.111111111,6.5,9,13,3,2,21,13,86,21,73,24,11,108,0,0,0
jscomp.ClosureCodingConvention,2.423076923,10,17,63,9.807692308,6.384615385,5,4,25,26,51,26,4,22,28,307,166,176,106,2,34,2,6,25,2,0.521957672,3.807692308,15,99,3,2,147,93,446,122,258,85,59,109,33,25,1
jscomp.ClosureOptimizePrimitives,2.75,5,2,11,11.5,7.75,1,1,4,4,15,4,2,2,5,63,31,44,27,1,17,1,4,11,1,0.133333333,6.25,8,25,1,1,38,23,102,38,86,31,13,63,0,0,0
jscomp.type.ClosureReverseAbstractInterpreter,2.666666667,5,1,8,40.66666667,30.66666667,11,5,3,3,25,3,1,2,10,185,92,84,43,2,28,2,3,22,2,0.166666667,6,9,18,1,1,29,17,114,15,59,43,12,185,0,0,1
jscomp.ClosureRewriteClass,3.176470588,11,5,54,14.11764706,10.11764706,7,7,17,17,28,17,13,4,26,297,172,168,106,2,31,2,17,11,2,0.209876543,9.647058824,13,164,7,2,222,123,552,222,140,70,60,297,0,0,0
jscomp.CoalesceVariableNames,5.5,17,2,44,22.375,15.625,4,4,7,8,19,8,3,5,14,271,125,172,107,2,22,2,8,11,2,0.197530864,8.625,21,69,3,3,109,66,323,109,153,63,44,35,47,34,0
jscomp.CodeConsumer,1.617647059,9,26,55,5.088235294,2.735294118,3,3,32,34,45,34,0,34,18,178,93,122,75,1,52,1,34,11,1,0.161904762,0,6,0,0,0,0,0,0,0,45,45,3,19,6,5,4
jscomp.CodeGenerator,6.323529412,104,13,215,27.14705882,21.32352941,8,8,26,34,45,34,16,18,62,944,725,659,548,1,48,1,34,11,1,0.161904762,8.411764706,17,286,3,3,228,173,1271,228,126,102,59,238,111,44,8
jscomp.CodePrinter,5,5,0,5,31,24,1,1,0,1,12,1,1,0,5,414,24,256,160,1,14,1,1,11,1,0.083333333,18,11,18,0,0,23,9,32,23,136,21,6,89,58,66,1
jscomp.CodingConventions,1,1,2,2,2,0.5,0,0,1,2,13,2,1,1,0,337,1,166,79,1,15,1,2,11,1,0.111111111,0,2,0,0,0,0,0,0,0,13,13,0,337,0,0,0
jscomp.CollapseAnonymousFunctions,1,1,2,2,3.5,1.5,1,1,2,2,13,2,0,2,3,63,3,41,25,1,15,1,2,11,1,0.111111111,1.5,6,3,1,1,6,3,7,6,55,16,4,4,7,0,0
jscomp.CollapseProperties,4.782608696,12,4,110,21.47826087,15.30434783,8,8,22,23,34,23,21,2,59,513,352,343,219,1,36,1,23,11,1,0.159722222,5.956521739,17,137,6,4,206,121,599,206,150,92,107,90,113,8,2
jscomp.CollapseVariableDeclarations,2.5,6,2,10,12,8.5,3,3,4,4,15,4,2,2,4,117,34,91,57,1,17,1,4,11,1,0.133333333,8,9,32,3,3,38,25,117,38,84,35,15,63,14,139,1
jscomp.CombinedCompilerPass,1.666666667,2,3,15,5.222222222,2.222222222,2,2,8,9,20,9,0,9,19,96,20,62,35,1,22,1,9,11,1,0.15,0.888888889,5,8,2,2,26,8,36,26,66,26,25,17,4,0,0
jscomp.CommandLineRunner,3.333333333,10,4,40,19.41666667,14.83333333,22,3,10,12,52,12,9,3,13,657,178,254,126,2,54,2,11,40,2,0.211833785,11.25,23,135,2,2,122,65,428,110,508,183,42,309,35,17,2
jscomp.CompilationLevel,1.666666667,4,7,15,12.33333333,10.66666667,5,3,6,9,26,9,4,5,7,117,96,92,84,2,29,2,9,17,2,0.2,9.222222222,9,83,3,1,24,10,62,24,35,31,6,33,11,5,0
jscomp.ant.CompileTask,2.166666667,7,20,78,8.722222222,5.75,20,20,36,36,47,36,14,22,33,338,207,254,148,2,50,2,36,11,2,0.216216216,1.166666667,23,42,9,5,62,25,270,62,337,70,61,202,20,12,0
jscomp.Compiler,1.981012658,22,99,313,9.208860759,5.886075949,56,54,152,158,172,158,26,132,125,1660,930,1080,676,2,128,2,110,14,2,0.478284736,2.64556962,106,418,36,23,543,281,1823,540,1275,340,289,551,130,43,4
jscomp.CompilerInput,1.264705882,4,27,43,4.764705882,2.470588235,8,8,34,34,44,34,2,32,26,215,84,137,81,1,45,1,33,10,1,0.192067736,1.411764706,15,48,5,4,43,24,117,43,81,63,24,54,26,7,0
jscomp.CompilerOptions,1.071428571,5,204,225,4.019047619,1.938095238,167,167,209,210,220,210,1,209,201,1101,407,798,395,1,222,1,209,10,1,0.196176046,0.214285714,40,45,43,18,34,17,117,34,249,235,112,735,41,31,1
jscomp.ComposeWarningsGuard,2.4,5,4,24,7.6,4.4,6,6,10,10,21,10,1,9,7,107,44,75,42,2,20,2,6,11,2,0.279365079,0.9,8,9,3,3,13,7,16,3,27,26,12,39,10,3,0
jscomp.ConcreteType,1.5,5,17,33,5.772727273,3.909090909,5,5,21,22,33,22,2,20,7,413,86,318,179,1,41,1,22,11,1,0.15942029,0.272727273,9,6,5,2,7,4,6,7,36,36,19,0,3,1,0
jscomp.parsing.Config,2,3,1,4,12,7,6,6,1,2,13,2,1,1,6,37,14,23,11,1,15,1,2,11,1,0.111111111,0,3,0,3,3,0,0,0,0,13,13,9,10,1,0,0
jscomp.ConstCheck,5.6,24,4,28,14.2,10,3,3,5,5,16,5,1,4,10,82,50,40,23,2,19,2,5,11,2,0.185185185,7.4,10,37,3,3,32,22,119,32,69,30,17,1,3,0,0
jscomp.ControlFlowAnalysis,4.743589744,23,17,185,16.07692308,11.71794872,12,12,26,39,50,39,25,14,57,687,457,420,310,1,52,1,39,11,1,0.1625,6.025641026,14,235,8,7,174,159,382,174,117,77,110,48,56,3,1
jscomp.ControlFlowGraph,2.857142857,14,6,20,7.285714286,4.571428571,7,2,6,7,65,7,0,7,8,77,32,36,21,4,71,4,7,58,4,0.233333333,3.285714286,5,23,0,0,19,11,37,8,90,87,6,3,2,1,0
jscomp.ControlStructureCheck,1.6,4,4,8,5.8,3,2,2,5,5,16,5,2,3,8,37,15,23,11,1,18,1,5,11,1,0.138888889,1.8,7,9,2,2,13,8,17,13,33,24,13,4,3,4,0
jscomp.ConvertToDottedProperties,3,7,2,9,9.666666667,6.666666667,1,1,3,3,14,3,0,3,6,35,20,20,13,2,17,2,3,11,2,0.166666667,6.333333333,7,19,1,1,25,14,76,25,73,25,9,8,2,0,0
jscomp.CreateSyntheticBlocks,1.833333333,3,2,11,9,5.833333333,8,8,6,6,17,6,4,2,14,117,35,77,46,1,19,1,6,11,1,0.142857143,3.833333333,11,23,6,4,36,19,126,36,80,29,26,56,24,31,0
jscomp.CrossModuleCodeMotion,6.333333333,14,1,57,21.44444444,15.55555556,5,5,9,9,20,9,6,3,17,243,140,149,95,2,23,2,9,11,2,0.2,11.55555556,15,104,5,4,111,81,289,111,102,56,45,8,27,1,0
jscomp.CrossModuleMethodMotion,4.666666667,11,1,14,26.66666667,20.33333333,8,8,3,3,14,3,1,2,6,115,61,63,32,1,16,1,3,11,1,0.125,13.33333333,12,40,5,5,76,38,190,76,135,45,22,17,17,9,0
jscomp.CustomPassExecutionTime,1,1,2,2,0,0,6,4,2,2,19,2,0,2,1,6,0,1,0,2,22,2,2,17,2,0.148148148,0,1,0,4,1,0,0,0,0,19,19,0,0,0,0,0
jscomp.DataFlowAnalysis,2.571428571,10,8,36,10.21428571,6.714285714,4,4,13,14,25,14,4,10,12,289,94,204,108,1,32,1,14,11,1,0.155555556,2.714285714,10,38,2,2,46,29,81,46,63,41,44,3,5,0,0
jscomp.DeadAssignmentsElimination,6.090909091,17,5,67,22.72727273,16.54545455,3,3,11,11,22,11,6,5,25,273,182,165,121,2,25,2,11,11,2,0.203703704,11.45454545,15,126,3,3,119,88,427,119,145,57,52,95,33,1,2
jscomp.DefaultPassConfig,6.238095238,52,9,131,24.28571429,16.80952381,124,120,16,21,45,21,15,6,20,1649,353,813,476,2,44,2,17,24,2,0.257495591,16.52380952,36,347,116,11,87,39,308,85,214,86,160,400,292,99,1
jscomp.DefinitionSite,1,1,1,1,11,5,5,5,1,1,12,1,0,1,5,18,5,12,5,1,14,1,1,11,1,0.083333333,0,2,0,3,3,0,0,0,0,12,12,6,0,0,0,0
jscomp.DefinitionsRemover,9,9,0,18,23,18,0,0,0,2,13,2,0,2,3,241,36,151,86,1,15,1,2,11,1,0.111111111,12,10,24,0,0,39,24,71,39,32,26,6,54,53,4,0
jscomp.Denormalize,2.8,10,4,14,11,7.4,1,1,5,5,16,5,1,4,11,80,37,51,32,1,18,1,5,11,1,0.138888889,5.6,7,28,1,1,38,27,125,38,75,31,19,13,7,0,0
jscomp.DependencyOptions,1,1,9,9,3.555555556,1.555555556,5,5,9,9,20,9,0,9,4,39,14,29,14,1,22,1,9,11,1,0.15,0,0,0,1,1,0,0,0,0,20,20,3,39,0,0,0
jscomp.deps.DepsFileParser,1.666666667,5,5,10,7.5,4.666666667,14,5,6,6,23,6,1,5,9,55,28,36,20,2,25,2,5,17,2,0.203703704,1.5,8,9,5,4,21,7,137,8,29,28,10,6,2,0,0
jscomp.deps.DepsGenerator,2.4,8,9,48,11.05,6.55,12,12,17,20,31,20,16,4,33,253,131,155,83,1,33,1,20,11,1,0.158730159,2.75,14,55,10,4,69,25,79,69,64,44,51,253,0,0,0
jscomp.DevirtualizePrototypeMethods,3.714285714,12,5,52,17.42857143,12.35714286,2,2,12,14,25,14,10,4,23,253,173,178,108,1,27,1,14,11,1,0.155555556,8.5,19,119,2,2,154,106,427,154,285,69,70,80,30,5,0
jscomp.graph.DiGraph,1,1,15,15,1.333333333,0.2,2,0,15,15,46,15,0,15,22,39,3,26,2,2,51,2,13,31,2,0.226551227,0,3,0,0,0,0,0,0,0,51,49,27,0,0,0,0
jscomp.DiagnosticGroup,1.454545455,3,7,16,4.363636364,2,4,4,10,11,21,11,1,10,11,56,22,40,21,1,22,1,10,10,1,0.181818182,0.090909091,5,1,2,2,1,1,2,1,22,22,10,15,4,0,0
jscomp.DiagnosticGroupWarningsGuard,1.8,4,3,9,4.8,2,3,3,5,5,16,5,0,5,5,33,10,20,10,2,15,2,1,11,2,0.366666667,1.2,6,6,2,2,9,6,18,9,22,21,9,5,2,0,0
jscomp.DiagnosticGroups,1,1,8,8,4.125,1.75,35,35,4,8,19,8,1,7,11,175,14,58,11,1,21,1,8,11,1,0.148148148,0.5,28,4,34,3,12,4,16,12,26,22,48,94,66,0,0
jscomp.DiagnosticType,1,1,10,10,3.7,1.5,5,5,6,10,18,10,1,9,15,49,15,29,13,1,17,1,7,8,1,0.236742424,0.3,3,3,3,2,0,0,0,0,18,18,6,11,1,0,0
jscomp.DisambiguateProperties,3.090909091,6,3,34,13,8.454545455,7,7,9,11,22,11,5,6,19,729,93,477,293,1,24,1,11,11,1,0.152777778,3.727272727,22,41,5,4,42,29,99,42,90,46,38,102,52,7,1
jscomp.DotFormatter,2.214285714,7,10,31,11.42857143,7.928571429,8,8,8,14,25,14,7,7,18,170,111,139,87,1,27,1,14,11,1,0.155555556,1.357142857,12,19,2,2,17,12,230,17,42,36,23,0,0,0,0
jscomp.EmptyMessageBundle,1,1,3,3,3,1,0,0,3,3,14,3,0,3,1,14,3,7,3,1,16,1,3,11,1,0.125,0,4,0,0,0,0,0,0,0,14,14,2,14,0,0,0
rhino.jstype.EnumElementType,1.230769231,2,20,32,3.961538462,1.769230769,22,4,26,26,177,26,0,26,17,130,46,69,37,3,158,3,3,151,3,0.347503332,0.961538462,10,25,2,2,32,22,81,1,337,242,13,19,8,46,0
rhino.jstype.EnumType,1.166666667,3,16,21,3.611111111,1.5,30,4,18,18,185,18,0,18,14,83,27,48,24,4,177,4,5,167,4,0.502706553,1.166666667,11,21,3,3,37,15,94,6,347,260,16,13,8,0,0
rhino.jstype.EquivalenceMethod,1,1,2,2,0,0,5,3,2,2,19,2,0,2,1,5,0,1,0,2,22,2,2,17,2,0.148148148,0,1,0,3,1,0,0,0,0,19,19,0,5,0,0,0
jscomp.webservice.common.ErrorCode,1,1,4,4,1.5,0.5,24,22,4,4,21,4,0,4,2,31,2,6,2,2,24,2,4,17,2,0.177777778,0,1,0,21,1,0,0,0,0,21,21,0,31,0,0,0
jscomp.ErrorFormat,2.333333333,5,2,7,9.333333333,4.666666667,6,4,3,3,20,3,0,3,11,43,14,18,8,2,23,2,3,17,2,0.166666667,2.666666667,7,8,4,1,16,40,90,16,27,25,4,0,0,0,0
rhino.jstype.ErrorFunctionType,1,1,1,1,12,10,37,1,1,1,221,1,0,1,2,15,10,5,2,5,227,5,1,220,5,0.138888889,9,3,9,0,0,22,8,32,11,408,334,1,0,0,0,0
jscomp.jsonml.ErrorLevel,1,1,2,2,0,0,5,3,2,2,19,2,0,2,1,5,0,1,0,2,22,2,2,17,2,0.148148148,0,1,0,3,1,0,0,0,0,19,19,0,5,0,0,0
jscomp.ErrorPass,1,1,3,3,3.333333333,1.333333333,2,2,3,3,14,3,0,3,6,15,4,10,4,1,16,1,3,11,1,0.125,0.666666667,5,2,2,2,5,2,3,5,17,16,8,0,0,0,0
jscomp.ExpandJqueryAliases,5.272727273,16,2,58,27.09090909,20.72727273,9,9,10,11,22,11,6,5,23,388,228,261,159,2,25,2,11,11,2,0.203703704,17.54545455,19,193,7,5,321,187,916,321,171,81,84,388,0,0,0
jscomp.ExploitAssigns,6.166666667,18,0,37,20.83333333,15.33333333,1,0,6,6,29,6,5,1,13,128,92,80,61,2,31,2,5,23,2,0.199074074,10,5,60,0,0,57,48,232,55,129,56,23,128,0,0,1
jscomp.ExportTestFunctions,1.2,2,4,6,9.2,6.2,4,4,5,5,16,5,3,2,14,94,31,57,31,1,18,1,5,11,1,0.138888889,3.8,8,19,2,2,35,18,73,35,85,30,15,52,13,0,0
jscomp.ExpressionDecomposer,3.296296296,12,11,89,15.62962963,11.55555556,6,6,21,27,38,27,18,9,41,441,312,279,170,1,40,1,27,11,1,0.160714286,6.037037037,9,163,3,3,176,120,516,176,123,79,106,32,49,5,0
jscomp.ExternExportsPass,2.857142857,8,3,20,13,9,10,10,7,7,19,7,3,4,8,299,63,200,117,2,22,2,7,12,2,0.194444444,5,14,35,10,6,44,31,155,44,232,41,28,145,33,48,0
jscomp.ExtractPrototypeMemberDeclarations,2.6,5,1,13,15,11.4,3,3,5,5,16,5,3,2,7,174,57,116,58,1,18,1,5,11,1,0.138888889,12,11,60,2,2,67,34,172,67,102,38,25,43,19,9,0
jscomp.FieldCleanupPass,1,1,3,3,3.666666667,1.333333333,1,1,3,3,14,3,0,3,5,49,4,31,14,1,16,1,3,11,1,0.125,1.666666667,6,5,1,1,11,5,20,11,55,19,7,49,0,0,0
jscomp.FindExportableNodes,4,10,2,12,14.66666667,10.33333333,3,3,3,3,14,3,0,3,4,72,31,45,26,2,17,2,3,11,2,0.166666667,9,10,27,3,3,37,24,76,37,42,29,11,0,6,0,0
jscomp.graph.FixedPointGraphTraversal,2,5,3,10,8.6,5.2,2,2,4,5,16,5,0,5,7,51,26,39,16,1,18,1,5,11,1,0.138888889,0.8,5,4,0,0,4,3,3,4,19,19,15,0,0,0,0
jscomp.FlowSensitiveInlineVariables,2.571428571,6,4,18,8.571428571,4.857142857,7,7,5,7,18,7,2,5,14,294,34,184,123,2,21,2,7,11,2,0.194444444,5.428571429,13,38,7,7,55,35,268,55,152,39,27,46,35,10,3
jscomp.FunctionArgumentInjector,3.833333333,12,6,46,15.25,10.41666667,1,1,1,12,23,12,7,5,30,262,125,180,119,1,25,1,12,11,1,0.153846154,4.666666667,7,56,0,0,54,47,217,54,53,40,56,28,25,7,0
rhino.jstype.FunctionBuilder,1,1,15,15,4.666666667,2.6,10,10,15,15,26,15,0,15,13,82,39,63,37,1,28,1,15,11,1,0.15625,0.733333333,8,11,6,4,23,11,46,23,189,37,17,10,7,0,0
jscomp.FunctionInjector,4.473684211,11,4,85,22.31578947,16,9,9,17,19,30,19,11,8,57,497,304,292,173,1,32,1,19,11,1,0.158333333,6.578947368,19,125,3,3,135,78,443,135,303,65,88,83,62,29,2
jscomp.FunctionNames,1.8,4,3,9,8,5,4,4,5,5,16,5,0,5,5,101,25,70,31,1,18,1,5,11,1,0.138888889,1.6,10,8,3,3,14,5,12,14,59,20,13,1,1,0,0
rhino.jstype.FunctionParamBuilder,1.7,3,6,17,6.2,3.5,2,2,10,10,21,10,2,8,7,66,35,49,29,1,23,1,10,11,1,0.151515152,2.2,4,22,2,2,32,21,59,32,173,32,20,8,2,0,0
jscomp.FunctionRewriter,2.75,7,2,11,11.25,7.75,2,2,3,4,15,4,1,3,5,301,31,178,91,1,17,1,4,11,1,0.133333333,3,15,12,1,1,22,12,38,22,170,27,16,4,21,12,1
jscomp.FunctionToBlockMutator,3,7,6,45,15.66666667,11,2,2,8,15,26,15,13,2,33,249,165,172,100,1,28,1,15,11,1,0.15625,4.866666667,11,73,2,2,136,72,394,136,143,69,69,52,22,4,1
rhino.jstype.FunctionType,2.736111111,13,29,197,10.31944444,6.638888889,36,10,70,72,231,72,11,61,65,781,478,491,332,4,219,4,51,159,4,0.506776557,3.833333333,23,276,9,7,356,201,818,176,406,347,64,306,132,82,2
jscomp.FunctionTypeBuilder,4.523809524,15,3,95,18.47619048,12.85714286,32,32,19,21,32,21,9,12,33,598,270,370,233,1,34,1,21,11,1,0.159090909,6.857142857,23,144,23,9,210,132,441,210,330,121,76,266,69,17,1
jscomp.GatherRawExports,2.2,5,3,11,6.8,3.8,3,3,5,5,16,5,1,4,8,42,19,28,15,2,19,2,5,11,2,0.185185185,2,7,10,2,2,13,10,33,13,63,25,12,3,7,0,0
jscomp.GatherSideEffectSubexpressionsCallback,2.625,8,3,21,12,8.25,3,3,8,8,19,8,1,7,13,196,66,118,71,1,21,1,8,11,1,0.148148148,4.75,9,38,2,2,36,31,1086,36,32,32,21,6,39,4,0
jscomp.GenerateExports,3,9,3,12,20.75,16.5,4,4,4,4,15,4,2,2,7,90,66,52,29,1,17,1,4,11,1,0.133333333,6.5,11,26,1,1,39,25,104,39,71,29,14,7,17,4,0
jscomp.GlobalNamespace,1.2,2,16,24,4.15,2,9,9,20,20,31,20,6,14,17,854,40,555,375,1,33,1,20,11,1,0.158730159,0.8,13,16,6,5,30,16,66,30,87,44,26,226,71,35,2
jscomp.GlobalVarReferenceMap,3.25,4,0,26,13.875,9.125,2,2,8,8,19,8,4,4,13,149,73,111,62,1,21,1,8,11,1,0.148148148,1.25,7,10,2,1,13,10,22,13,29,26,35,149,0,0,0
jscomp.GoogleCodingConvention,1.444444444,4,7,13,4.555555556,2.111111111,5,4,9,9,47,9,0,9,9,55,19,32,17,2,43,2,2,38,2,0.485714286,0.666666667,5,6,1,1,10,6,24,3,53,50,3,12,3,0,0
jscomp.GoogleJsMessageIdGenerator,2.5,4,1,5,10.5,7,1,1,2,2,13,2,0,2,3,150,14,112,89,1,15,1,2,11,1,0.111111111,0.5,5,1,0,0,3,1,7,3,17,14,1,150,0,0,0
jscomp.graph.Graph,1.333333333,2,16,32,3.166666667,1.25,2,2,22,24,35,24,2,22,27,124,30,87,36,1,44,1,24,11,1,0.16,0.458333333,8,11,2,1,5,2,5,5,37,37,37,6,0,0,0
jscomp.graph.GraphColoring,1.25,2,3,5,4.75,2.75,2,2,4,4,15,4,0,4,2,84,11,55,27,1,18,1,4,11,1,0.133333333,1,3,4,1,1,0,0,0,0,15,15,5,0,0,0,0
jscomp.graph.GraphPruner,4.666666667,10,1,14,16.33333333,10,1,1,2,3,14,3,1,2,3,52,30,41,21,1,16,1,3,11,1,0.125,3,2,9,1,1,15,9,17,15,23,19,21,52,0,0,0
jscomp.graph.GraphReachability,1.4,3,4,7,6.6,4,3,3,5,5,16,5,0,5,8,49,20,33,17,1,18,1,5,11,1,0.138888889,3.2,9,16,2,2,15,6,21,15,24,20,10,0,0,0,0
jscomp.GroupVariableDeclarations,2.714285714,9,5,19,11,7.142857143,1,1,7,7,18,7,1,6,13,85,50,55,30,1,20,1,7,11,1,0.145833333,3.857142857,7,27,1,1,48,27,185,48,91,37,30,8,6,2,0
rhino.IR,2.197368421,62,62,167,5.894736842,3.710526316,0,0,1,76,87,76,9,67,103,450,282,287,181,1,89,1,76,11,1,0.164502165,3.342105263,3,254,0,0,245,116,731,245,131,118,195,450,0,0,1
jscomp.parsing.IRFactory,5.233333333,88,13,157,15.33333333,12.1,19,19,27,30,41,30,29,1,52,1117,363,659,441,1,43,1,30,11,1,0.161290323,3.9,16,117,11,7,39,19,854,39,397,56,81,373,220,183,5
jscomp.IgnoreCajaProperties,1,1,2,2,3.5,1.5,2,2,2,2,13,2,0,2,3,56,3,25,12,1,15,1,2,11,1,0.111111111,0.5,5,1,1,1,4,1,3,4,53,14,4,0,24,12,0
rhino.jstype.IndexedType,1,1,2,2,4,1.5,23,2,2,2,179,2,0,2,3,13,3,8,3,4,183,4,1,177,4,0.468539326,0.5,2,1,1,1,3,1,3,0,370,272,2,0,0,0,0
jscomp.InferJSDocInfo,4.666666667,15,2,28,17,11.33333333,2,2,6,6,17,6,2,4,12,111,68,63,48,2,20,2,6,11,2,0.19047619,8.5,13,51,1,1,69,49,140,69,112,49,18,10,10,0,0
jscomp.InlineCostEstimator,1,1,3,3,3.333333333,1.333333333,2,2,1,3,14,3,1,2,3,54,4,35,14,1,16,1,3,11,1,0.125,1,4,3,0,0,5,3,7,5,126,17,3,0,3,8,1
jscomp.InlineFunctions,3.5,12,5,70,13.5,8.55,9,9,18,20,31,20,12,8,25,706,171,453,272,1,33,1,20,11,1,0.158730159,5.4,23,108,5,4,144,89,337,144,307,85,50,116,30,16,0
jscomp.InlineObjectLiterals,1,1,2,2,5.5,2.5,3,3,2,2,13,2,0,2,4,254,5,182,111,1,15,1,2,11,1,0.111111111,1,6,2,2,2,6,2,4,6,16,15,7,254,0,0,3
jscomp.InlineProperties,2.5,5,2,15,12.33333333,8.833333333,4,4,6,6,17,6,4,2,6,202,53,123,75,1,19,1,6,11,1,0.142857143,8.666666667,13,52,4,4,54,37,86,54,37,33,18,202,0,0,0
jscomp.InlineSimpleMethods,2.153846154,4,5,28,7.923076923,4.692307692,7,2,8,13,26,13,10,3,18,159,61,99,61,2,27,2,11,13,2,0.248148148,2.923076923,9,38,1,1,46,33,175,44,90,45,35,159,0,0,0
jscomp.InlineVariables,2,4,2,6,8.333333333,5,4,4,3,3,14,3,1,2,5,434,15,272,164,1,16,1,3,11,1,0.125,1.666666667,9,5,3,3,7,2,6,7,16,16,9,43,50,3,2
rhino.InputId,1.6,4,4,8,3.6,1.6,2,2,5,5,13,5,0,5,2,25,8,19,11,1,12,1,2,8,1,0.202020202,0,2,0,0,0,0,0,0,0,13,13,0,25,0,0,0
rhino.jstype.InstanceObjectType,1.2,3,17,24,4.5,2.15,28,2,20,20,182,20,0,20,11,112,43,56,30,4,169,4,2,162,4,0.451851852,1.05,6,21,1,1,33,21,120,3,358,275,10,18,16,12,0
jscomp.InstrumentFunctions,4,5,0,8,33.5,26.5,10,10,2,2,13,2,0,2,8,202,53,141,82,1,15,1,2,11,1,0.111111111,10.5,13,21,3,3,42,19,71,42,81,28,16,10,20,0,0
jscomp.InvocationsCallback,2.5,4,1,5,7.5,4.5,0,0,2,2,13,2,0,2,7,19,9,12,7,2,17,2,2,11,2,0.148148148,3.5,4,7,0,0,7,7,20,7,20,19,8,1,3,0,0
rhino.JSDocInfo,1.62962963,15,80,220,4.851851852,2.37037037,39,39,135,135,145,135,7,128,68,790,320,540,306,1,146,1,134,10,1,0.195735129,0.888888889,9,120,6,5,8,8,17,8,150,147,53,211,22,2,0
rhino.JSDocInfoBuilder,1.797101449,2,14,124,8.144927536,5.231884058,4,4,68,69,80,69,4,65,56,569,361,359,277,1,82,1,69,11,1,0.164285714,1.956521739,13,135,2,2,227,134,478,227,204,184,30,140,33,3,0
jscomp.JSError,2.166666667,10,10,39,6.444444444,3.611111111,8,8,12,18,26,18,2,16,39,131,65,78,49,1,25,1,15,8,1,0.247159091,0.944444444,8,17,4,3,10,9,27,10,39,33,23,23,8,0,0
jscomp.JSModule,1.481481481,4,19,40,5.444444444,2.888888889,6,6,26,27,37,27,0,27,16,162,78,114,62,1,38,1,26,10,1,0.190796857,0.62962963,9,17,3,2,29,17,100,29,59,45,35,22,2,0,0
jscomp.JSModuleGraph,3.470588235,13,5,59,13.82352941,8.764705882,3,3,17,17,28,17,2,15,19,264,149,198,113,1,30,1,17,11,1,0.157407407,3.058823529,11,52,3,2,77,52,211,77,74,57,76,66,33,5,0
jscomp.JSSourceFile,1,1,11,11,3.272727273,1.090909091,9,2,4,11,47,11,1,10,13,44,12,26,12,2,47,2,8,36,2,0.22317189,0.909090909,3,10,1,1,21,10,23,0,66,61,5,2,1,0,0
rhino.jstype.JSType,1.875,18,90,225,5.816666667,3.266666667,15,15,110,120,128,120,0,120,60,736,392,496,298,1,156,1,117,8,1,0.256163328,0.908333333,28,109,6,5,125,68,672,125,280,166,48,353,64,16,1
rhino.JSTypeExpression,1.125,2,7,9,4.125,2,3,3,7,8,17,8,0,8,6,40,16,25,12,1,17,1,6,9,1,0.203463203,1.25,7,10,1,1,14,7,27,14,230,23,6,0,0,0,0
rhino.jstype.JSTypeNative,1,1,2,2,0,0,58,56,2,2,19,2,0,2,1,58,0,1,0,2,22,2,2,17,2,0.148148148,0,1,0,56,1,0,0,0,0,19,19,0,2,0,0,0
rhino.jstype.JSTypeRegistry,1.88372093,28,57,162,10.73255814,7.197674419,18,18,85,86,97,86,14,72,133,955,619,574,342,1,99,1,86,11,1,0.164750958,4.046511628,42,348,13,5,476,232,1281,476,334,188,273,158,74,15,0
jscomp.JqueryCodingConvention,1,1,5,5,3.6,1.6,4,3,5,5,47,5,0,5,3,29,8,16,7,2,47,2,2,42,2,0.503703704,1.4,4,7,2,1,8,7,48,6,55,52,4,29,0,0,0
jscomp.JsAst,1.428571429,3,5,10,6.571428571,4.142857143,6,6,7,7,18,7,1,6,5,59,29,37,22,1,20,1,7,11,1,0.145833333,3.285714286,11,23,4,4,36,20,65,36,402,33,13,10,7,9,0
jscomp.parsing.JsDocInfoParser,6.491525424,158,22,383,26.55932203,20.45762712,15,15,57,59,70,59,51,8,63,1639,1207,1042,831,1,72,1,59,11,1,0.163888889,9.525423729,26,562,13,10,665,344,1452,665,322,165,156,352,143,64,4
jscomp.parsing.JsDocToken,1,1,2,2,0,0,23,21,2,2,19,2,0,2,1,23,0,1,0,2,22,2,2,17,2,0.148148148,0,1,0,21,1,0,0,0,0,19,19,0,0,0,0,0
jscomp.parsing.JsDocTokenStream,4.47826087,32,13,103,14.39130435,10.60869565,19,19,20,23,34,23,10,13,14,355,244,237,184,1,36,1,23,11,1,0.159722222,1.086956522,6,25,0,0,4,2,10,4,35,35,1,0,1,0,0
jscomp.deps.JsFileLineParser,4.285714286,15,4,30,16.28571429,11.71428571,9,9,7,7,18,7,0,7,9,139,82,89,55,1,23,1,7,11,1,0.145833333,2,8,14,4,3,27,9,22,27,22,21,10,0,0,0,0
jscomp.deps.JsFileParser,2.166666667,8,5,13,10.33333333,6.833333333,17,8,6,6,23,6,2,4,11,74,41,49,28,2,25,2,5,17,2,0.203703704,0.833333333,8,5,5,4,14,4,76,5,29,28,6,23,10,2,0
jscomp.deps.JsFunctionParser,2,5,3,10,9.6,6,14,5,5,5,22,5,3,2,8,65,30,48,26,2,24,2,4,17,2,0.196296296,1,9,5,5,4,12,4,74,3,28,27,11,65,0,0,0
jscomp.JsMessage,1.8,6,11,27,5.866666667,3.466666667,11,11,15,15,23,15,1,14,11,380,52,301,206,1,22,1,12,8,1,0.244755245,0,4,0,2,2,0,0,0,0,23,23,6,135,4,0,0
jscomp.JsMessageDefinition,1,1,4,4,3.75,1.5,3,3,4,4,15,4,0,4,3,20,6,14,6,1,17,1,4,11,1,0.133333333,0,1,0,3,1,0,0,0,0,15,15,9,0,0,0,0
jscomp.JsMessageExtractor,1.75,4,3,7,10.25,5.5,3,3,4,4,15,4,0,4,7,62,22,37,18,1,17,1,4,11,1,0.133333333,2.75,13,11,2,2,16,10,229,16,530,24,12,10,10,1,0
jscomp.JsMessageVisitor,4.4,18,7,110,18.84,13.32,26,26,20,25,36,25,17,8,57,550,333,325,205,2,42,2,25,11,2,0.213675214,5.88,21,147,17,6,216,124,674,216,112,76,98,85,26,4,1
jscomp.jsonml.JsonML,1.62962963,8,23,44,5.518518519,3,3,3,25,27,37,27,3,24,34,156,81,113,70,1,38,1,26,10,1,0.190796857,0,9,0,3,3,0,0,0,0,37,37,23,156,0,0,0
jscomp.jsonml.JsonMLAst,1.8,5,5,18,7.5,4.6,6,6,10,10,21,10,1,9,6,96,46,66,37,1,23,1,10,11,1,0.151515152,1.8,15,18,4,4,31,15,68,31,357,34,19,96,0,0,0
jscomp.jsonml.JsonMLError,1.25,2,3,5,7.5,4.75,5,5,2,4,15,4,2,2,20,37,19,25,12,1,17,1,4,11,1,0.133333333,2.5,7,10,2,2,4,3,27,4,21,18,15,37,0,0,0
jscomp.jsonml.JsonMLException,1,1,2,2,2,0.5,7,1,2,2,31,2,0,2,1,7,1,5,1,3,35,3,2,29,3,0.166666667,0,1,0,0,0,0,0,0,0,31,31,0,7,0,0,0
jscomp.jsonml.JsonMLUtil,8,22,3,40,16,12.2,0,0,0,5,16,5,1,4,7,183,61,104,72,1,18,1,5,11,1,0.138888889,7.8,8,39,0,0,22,10,33,22,35,23,12,183,0,0,0
jscomp.JvmMetrics,4.2,9,1,42,21.1,15.3,4,4,0,10,21,10,9,1,27,217,153,143,92,1,23,1,10,11,1,0.151515152,0,2,0,0,0,0,0,0,0,21,21,29,217,0,0,0
jscomp.LightweightMessageFormatter,2.142857143,9,6,15,8.428571429,5.428571429,5,2,6,7,23,7,2,5,7,115,38,81,54,2,26,2,7,16,2,0.194444444,2,8,14,2,2,8,5,17,1,26,25,6,4,1,0,2
jscomp.LineNumberCheck,1.8,4,3,9,5.6,3,3,3,5,5,16,5,0,5,10,41,15,22,13,1,18,1,5,11,1,0.138888889,1.6,5,8,2,2,18,8,17,18,67,22,12,3,2,0,0
jscomp.graph.LinkedDirectedGraph,1.611111111,5,24,58,5.805555556,3.111111111,5,3,32,36,59,36,2,34,37,418,112,248,114,3,43,3,13,23,3,0.398809524,1.194444444,14,43,1,1,49,27,121,23,78,76,70,74,7,7,0
jscomp.LinkedFlowScope,2.6,11,10,52,8.85,5.2,7,7,19,20,30,20,5,15,18,283,104,195,117,1,31,1,19,10,1,0.188636364,1.8,10,36,4,3,29,18,64,29,64,44,27,7,7,5,0
jscomp.graph.LinkedUndirectedGraph,1.857142857,6,17,52,6.392857143,3.464285714,5,3,24,28,49,28,2,26,28,367,97,208,102,3,37,3,12,21,3,0.374913375,1.178571429,15,33,1,1,33,18,68,21,65,63,51,77,12,7,0
jscomp.LiveVariablesAnalysis,3.636363636,24,6,40,12.72727273,8.909090909,8,4,11,11,35,11,3,8,13,193,98,126,82,2,37,2,10,24,2,0.215353535,5.909090909,12,65,2,2,65,48,182,57,89,69,30,4,8,0,1
jscomp.LoggerErrorManager,2.5,4,2,10,8,5.25,6,2,4,4,23,4,1,3,5,38,21,21,13,2,24,2,2,19,2,0.17989418,4.25,5,17,1,1,27,13,55,17,36,29,6,2,0,0,0
jscomp.MakeDeclaredNamesUnique,3.222222222,7,3,29,12.66666667,8.444444444,3,3,8,9,20,9,2,7,14,370,76,242,137,1,22,1,9,11,1,0.15,5.111111111,12,46,1,1,36,31,115,36,38,34,17,73,13,13,1
rhino.testing.MapBasedScope,1.333333333,2,2,4,4.333333333,2,1,1,2,3,18,3,0,3,2,17,6,10,4,2,20,2,2,15,2,0.168981481,0.333333333,5,1,1,1,4,1,4,4,20,20,3,17,0,0,0
jscomp.MarkNoSideEffectCalls,3.75,12,3,15,9.75,7.25,3,3,2,4,15,4,2,2,5,114,29,66,40,1,17,1,4,11,1,0.133333333,5.25,10,21,3,3,26,11,30,26,63,23,11,0,8,0,0
jscomp.MaybeReachingVariableUse,3.6,21,6,36,12.3,8.5,6,2,10,10,34,10,4,6,17,160,85,102,66,2,36,2,9,24,2,0.213333333,5.6,14,56,2,2,55,42,178,46,89,67,30,10,5,0,1
jscomp.MemoizedScopeCreator,1.5,3,5,12,4.875,2.375,2,2,8,8,19,8,0,8,7,48,19,31,16,1,21,1,8,11,1,0.148148148,0.5,5,4,1,1,3,3,7,3,25,22,14,30,1,0,0
jscomp.MethodCompilerPass,1.5,2,3,9,5.5,3.333333333,5,5,6,6,17,6,2,4,9,137,20,85,53,1,20,1,6,11,1,0.142857143,0.833333333,8,5,5,3,6,3,7,6,58,20,13,11,23,3,0
jscomp.MinimizeExitPoints,5.571428571,15,2,39,22.42857143,16.14285714,1,1,5,7,18,7,3,4,20,164,113,110,83,2,21,2,7,11,2,0.194444444,10.42857143,9,73,1,1,76,61,217,76,88,41,33,0,10,0,1
rhino.jstype.ModificationVisitor,1.894736842,10,14,36,6.736842105,3.947368421,1,1,19,19,30,19,3,16,10,146,75,95,54,1,33,1,19,11,1,0.158333333,2.578947368,16,49,1,1,63,39,208,63,210,61,46,146,0,0,0
jscomp.MoveFunctionDeclarations,2.25,4,2,9,8.5,5.25,2,2,4,4,15,4,0,4,9,41,21,30,16,1,17,1,4,11,1,0.133333333,2.5,6,10,2,2,18,10,42,18,68,24,18,0,3,1,0
jscomp.MustBeReachingVariableDef,4.307692308,27,8,56,14.23076923,9.538461538,7,3,13,13,37,13,5,8,22,265,124,176,111,2,39,2,12,24,2,0.218461538,6.153846154,17,80,3,3,72,56,196,63,112,73,46,45,27,7,1
jscomp.NameAnalyzer,4.653846154,17,5,121,19.69230769,14.5,17,17,26,26,37,26,22,4,36,1137,377,741,472,1,39,1,26,11,1,0.160493827,7.038461538,31,183,11,8,146,94,906,146,197,80,98,166,109,32,2
jscomp.NameAnonymousFunctions,1,1,2,2,5,2.5,5,5,2,2,13,2,0,2,3,46,5,29,11,1,15,1,2,11,1,0.111111111,1.5,7,3,2,2,7,3,7,7,56,16,6,1,1,0,0
jscomp.NameAnonymousFunctionsMapped,1.666666667,2,1,5,8,4.666666667,9,9,3,3,14,3,0,3,4,77,14,47,23,1,16,1,3,11,1,0.125,2,10,6,5,5,14,6,17,14,63,20,12,18,8,2,0
jscomp.NameGenerator,3.4,5,1,17,12.6,8,7,7,4,5,16,5,2,3,8,75,40,55,34,1,18,1,5,11,1,0.138888889,0.2,3,1,1,1,2,1,405,2,17,17,3,0,1,0,0
jscomp.NameReferenceGraph,1.857142857,5,4,13,8.857142857,6,11,6,7,7,65,7,0,7,10,204,42,140,72,4,70,4,7,58,4,0.233333333,2.428571429,9,17,6,4,27,12,48,18,92,88,24,1,5,2,0
jscomp.NameReferenceGraphConstruction,2.25,5,4,18,9,5.625,5,5,8,8,19,8,5,3,5,423,45,275,178,1,21,1,8,11,1,0.148148148,3,18,24,4,4,42,19,94,42,88,34,21,2,35,1,0
jscomp.NameReferenceGraphReport,2.222222222,7,5,20,14.33333333,10.55555556,1,1,9,9,20,9,7,2,15,153,95,107,74,1,22,1,9,11,1,0.15,1,8,9,1,1,9,9,18,9,33,27,19,153,0,0,0
rhino.jstype.NamedType,2.428571429,8,9,51,9.714285714,6.095238095,28,7,21,21,190,21,9,12,30,242,128,150,98,4,186,4,12,169,4,0.485230001,3.142857143,11,66,2,2,78,47,152,28,391,294,11,104,31,31,1
rhino.jstype.NoObjectType,1.111111111,2,16,20,3.444444444,1.333333333,37,1,18,18,221,18,0,18,15,81,24,41,21,5,212,5,1,203,5,0.497979798,0.611111111,10,11,0,0,21,8,54,3,397,327,9,3,10,138,0
rhino.jstype.NoResolvedType,1.4,2,3,7,3.8,1.6,39,1,5,5,223,5,0,5,3,26,8,14,7,7,227,7,1,218,7,0.485172673,0.6,3,3,0,0,6,3,31,0,401,331,1,26,0,0,0
rhino.jstype.NoType,1.083333333,2,11,13,3,1,38,1,12,12,222,12,0,12,6,49,12,26,12,6,219,6,1,210,6,0.492781728,0.333333333,6,4,0,0,2,1,4,0,399,329,4,3,3,11,0
rhino.Node,1.696517413,21,139,341,6.139303483,3.572139303,43,43,190,201,211,201,10,191,159,1580,718,1097,706,1,214,1,200,10,1,0.19614051,0.606965174,28,122,5,2,58,21,487,58,273,227,18,503,171,405,1
jscomp.NodeIterators,0,0,0,0,0,0,0,0,0,0,11,0,0,0,0,144,0,94,62,1,13,1,0,11,1,0,0,0,0,0,0,0,0,0,0,11,11,0,6,17,9,0
jscomp.NodeNameExtractor,8,15,1,16,26,21.5,2,2,2,2,13,2,0,2,2,56,43,36,20,1,15,1,2,11,1,0.111111111,11.5,7,23,0,0,15,14,63,15,18,18,7,1,0,0,0
jscomp.NodeTraversal,1.921052632,5,17,73,8.052631579,5.131578947,12,12,34,38,49,38,11,27,47,385,195,259,158,1,51,1,38,11,1,0.162393162,1.210526316,23,46,7,5,63,37,110,63,102,73,68,38,14,7,1
jscomp.jsonml.NodeUtil,1.75,4,3,7,6,3.75,0,0,0,4,15,4,0,4,4,26,15,13,7,1,17,1,4,11,1,0.133333333,4.25,2,17,0,0,10,10,26,10,18,18,5,26,0,0,8
jscomp.NodeUtil,5.184713376,65,65,814,12.70700637,9.267515924,13,13,1,157,168,157,6,151,217,2108,1455,1143,824,1,170,1,157,11,1,0.165611814,6.554140127,32,1029,10,5,612,524,2867,612,306,266,291,26,0,0,8
jscomp.Normalize,1.666666667,4,4,10,10.66666667,7.666666667,5,5,4,6,17,6,2,4,13,513,46,318,200,1,19,1,6,11,1,0.142857143,4.833333333,17,29,2,2,68,27,66,68,73,35,18,146,46,3,1
jscomp.parsing.NullErrorReporter,1,1,5,5,2.8,0.4,0,0,3,5,16,5,1,4,8,40,2,16,5,1,20,1,5,11,1,0.138888889,0,3,0,0,0,0,0,0,0,16,16,2,11,6,5,0
rhino.jstype.NullType,1.25,4,11,15,3.833333333,1.583333333,16,1,12,12,130,12,0,12,4,60,19,33,18,3,123,3,1,118,3,0.365544985,0.916666667,7,11,0,0,10,7,14,2,291,177,6,5,3,0,0
rhino.jstype.NumberType,1.166666667,3,11,14,3.666666667,1.5,16,1,12,12,130,12,0,12,4,58,18,31,16,3,123,3,1,118,3,0.365544985,0.833333333,7,10,0,0,11,6,12,0,289,175,6,5,3,0,0
jscomp.ObjectPropertyStringPostprocess,1,1,2,2,3,1,1,1,2,2,13,2,0,2,3,44,2,30,17,1,15,1,2,11,1,0.111111111,0.5,5,1,1,1,4,1,3,4,53,14,4,2,3,0,0
jscomp.ObjectPropertyStringPreprocess,1.333333333,2,2,4,5.666666667,3.333333333,6,6,3,3,14,3,1,2,5,88,10,47,28,1,16,1,3,11,1,0.125,2.666666667,8,8,4,2,16,8,42,16,66,21,10,12,10,1,0
rhino.jstype.ObjectType,1.456140351,5,43,83,4.350877193,2.122807018,18,3,55,57,174,57,0,57,42,269,121,172,93,2,183,2,46,117,2,0.458261135,0.666666667,15,38,1,1,45,26,133,18,315,222,37,115,22,7,0
jscomp.OptimizeArgumentsArray,2.888888889,11,5,26,11.77777778,7.777777778,7,7,9,9,20,9,2,7,14,121,70,88,52,1,22,1,9,11,1,0.15,4.333333333,8,39,3,3,50,39,156,50,87,41,25,0,10,0,0
jscomp.OptimizeCalls,1.666666667,3,2,5,5.333333333,2.666666667,2,2,3,3,14,3,0,3,4,24,8,17,7,1,16,1,3,11,1,0.125,1,5,3,2,2,5,2,9,5,57,16,6,24,0,0,0
jscomp.OptimizeParameters,3.777777778,9,2,68,16,10.72222222,2,2,18,18,29,18,15,3,40,327,193,230,145,1,31,1,18,11,1,0.157894737,4.777777778,12,86,2,2,99,69,320,99,174,66,77,162,80,33,0
jscomp.OptimizeReturns,2.666666667,8,4,16,13.33333333,8.5,1,1,5,6,17,6,3,3,11,87,51,54,31,1,19,1,6,11,1,0.142857143,3.333333333,7,20,1,1,21,15,68,21,77,29,24,87,0,0,0
rhino.jstype.ParameterizedType,1.666666667,7,10,20,5.666666667,3,23,2,12,12,183,12,0,12,12,78,36,48,29,4,181,4,5,171,4,0.521045122,2.75,6,33,1,1,45,29,124,0,369,273,5,65,1,0,0
jscomp.parsing.ParserRunner,1.625,3,4,13,10.375,6.5,4,4,1,8,19,8,3,5,15,99,52,66,38,1,21,1,8,11,1,0.148148148,1.375,8,11,3,1,17,4,29,17,391,23,23,38,15,0,0
jscomp.PassConfig,1.444444444,6,15,26,5.611111111,3.166666667,4,4,15,18,29,18,5,13,16,160,57,107,54,1,34,1,18,11,1,0.157894737,1.5,19,27,4,4,52,23,104,52,128,47,28,22,15,0,0
jscomp.PassFactory,1,1,5,5,2.8,1,2,2,5,5,16,5,1,4,4,18,5,13,5,1,19,1,5,11,1,0.138888889,0,4,0,0,0,0,0,0,0,16,16,2,0,3,16,0
jscomp.deps.PathUtil,2.857142857,7,3,20,10.14285714,6.857142857,2,2,1,7,18,7,1,6,8,75,48,50,33,1,20,1,7,11,1,0.145833333,0,4,0,2,1,0,0,0,0,18,18,3,75,0,0,0
jscomp.PeepholeCollectPropertyAssignments,5.333333333,10,1,48,21,14.44444444,1,0,8,9,32,9,7,2,14,193,130,134,95,2,34,2,8,23,2,0.211419753,8.444444444,8,76,0,0,85,74,259,82,96,69,39,193,0,0,0
jscomp.PeepholeFoldConstants,9.416666667,58,1,339,29.91666667,23.77777778,9,8,29,36,59,36,33,3,76,1107,856,680,526,2,61,2,35,23,2,0.229938272,14.33333333,17,516,6,1,444,288,1523,364,204,122,150,1107,0,0,3
jscomp.PeepholeFoldWithTypes,6,10,0,12,20,15.5,1,0,2,2,25,2,1,1,2,43,31,31,24,2,27,2,1,23,2,0.125,9,7,18,0,0,21,17,50,18,79,51,7,43,0,0,0
jscomp.PeepholeOptimizationsPass,2.272727273,5,4,25,8.545454545,5.272727273,4,4,11,11,22,11,6,5,10,140,58,98,56,1,24,1,11,11,1,0.152777778,2,7,22,3,3,23,18,38,23,38,35,23,140,0,0,1
jscomp.PeepholeRemoveDeadCode,5.071428571,21,6,142,21.71428571,16.60714286,1,0,28,28,51,28,22,6,31,611,465,433,325,2,53,2,27,23,2,0.228174603,11.42857143,8,320,0,0,386,274,1295,332,152,108,129,611,0,0,1
jscomp.PeepholeReplaceKnownMethods,6.666666667,21,3,120,29.77777778,22.38888889,3,2,18,18,41,18,16,2,41,541,403,383,282,2,43,2,17,23,2,0.223765432,8.722222222,12,157,1,1,211,157,705,195,197,78,83,541,0,0,1
jscomp.PeepholeSimplifyRegExp,10,10,0,10,33,26,1,0,1,1,25,1,0,1,2,36,26,21,13,2,28,2,1,24,2,0.111111111,21,5,21,0,0,28,21,470,27,99,51,3,36,0,0,0
jscomp.PeepholeSubstituteAlternateSyntax,5.166666667,26,14,248,22.22916667,17.0625,11,10,45,48,71,48,40,8,55,1101,819,759,523,2,73,2,47,23,2,0.231481481,11.0625,14,531,5,5,677,455,2062,620,265,157,213,1101,0,0,3
jscomp.PerformanceTracker,3.3,7,3,33,18,13.8,10,10,8,10,21,10,4,6,17,262,138,200,135,1,23,1,10,11,1,0.151515152,3.5,10,35,6,6,20,10,79,20,144,28,28,150,23,23,0
jscomp.PhaseOptimizer,1.866666667,5,9,28,7.133333333,4.266666667,17,17,12,15,26,15,5,10,17,255,64,175,104,1,28,1,15,11,1,0.15625,1.2,15,18,10,8,26,13,77,26,174,38,29,71,25,37,0
jscomp.PrepareAst,2.5,5,2,15,9,5.5,2,2,6,6,17,6,3,3,7,119,33,74,51,1,19,1,6,11,1,0.142857143,3,7,18,1,1,30,18,68,30,84,31,10,39,29,55,1
jscomp.PreprocessorSymbolTable,1.1,2,9,11,2.9,1.4,3,3,10,10,21,10,0,10,6,51,14,31,14,1,23,1,10,11,1,0.151515152,0.4,7,4,3,3,9,4,27,9,30,25,11,51,0,0,0
jscomp.PrintStreamErrorManager,1.4,3,4,7,5.4,2.8,7,3,5,5,24,5,0,5,6,34,14,18,9,2,25,2,3,19,2,0.198412698,2.4,5,12,1,1,23,11,44,14,37,30,5,0,0,0,0
jscomp.ProcessClosurePrimitives,5.227272727,23,5,115,22.77272727,16.77272727,23,23,21,22,33,22,17,5,54,752,369,472,304,2,36,2,22,11,2,0.212560386,10.36363636,22,228,22,8,315,209,904,315,219,93,125,188,72,31,1
jscomp.ProcessCommonJSModules,1.5,3,5,12,6,3.375,8,8,6,8,19,8,1,7,13,173,27,106,63,1,21,1,8,11,1,0.148148148,0.125,8,1,2,2,4,1,3,4,59,20,8,173,0,0,2
jscomp.ProcessDefines,2.857142857,8,4,20,12.42857143,8.571428571,10,10,6,7,18,7,4,3,11,304,60,193,113,1,20,1,7,11,1,0.145833333,4.714285714,15,33,10,6,46,27,103,46,279,41,36,9,24,1,0
jscomp.ProcessTweaks,2.857142857,5,1,20,13.71428571,9.142857143,13,13,7,7,18,7,5,2,10,388,64,233,128,1,20,1,7,11,1,0.145833333,6.571428571,13,46,12,5,61,32,172,61,109,42,45,388,0,0,0
rhino.jstype.Property,1.230769231,2,10,16,3.307692308,1.230769231,6,6,13,13,24,13,0,13,7,59,16,36,16,1,26,1,13,11,1,0.154761905,0.153846154,6,2,3,3,2,2,5,2,28,26,11,59,0,0,0
rhino.jstype.PropertyMap,2.0625,7,9,33,6.3125,3.25,5,5,15,16,27,16,1,15,10,114,52,79,44,1,29,1,16,11,1,0.156862745,0.3125,4,5,4,4,6,5,9,6,32,32,15,114,0,0,0
jscomp.PropertyRenamingPolicy,1,1,2,2,0,0,7,5,2,2,19,2,0,2,1,7,0,1,0,2,22,2,2,17,2,0.148148148,0,1,0,5,1,0,0,0,0,19,19,0,0,0,0,0
jscomp.webservice.common.Protocol,1.333333333,2,2,4,4,2,3,3,1,3,14,3,1,2,0,215,6,86,32,1,16,1,3,11,1,0.125,0,3,0,0,0,0,0,0,0,14,14,0,215,0,0,0
rhino.jstype.PrototypeObjectType,2.419354839,12,17,75,8.129032258,4.870967742,26,8,31,31,182,31,2,29,26,285,151,178,116,3,171,3,8,151,3,0.425703815,2.935483871,14,91,3,3,133,82,344,37,340,257,17,72,41,114,3
rhino.jstype.ProxyObjectType,1.298245614,2,40,74,3.543859649,1.438596491,21,3,57,57,178,57,0,57,21,259,82,129,68,3,133,3,4,121,3,0.345557724,1,18,57,2,2,76,57,153,1,370,272,27,84,54,22,0
jscomp.PureFunctionIdentifier,5,14,3,50,23.9,16.9,8,8,5,10,21,10,7,3,10,702,169,453,302,1,23,1,10,11,1,0.151515152,6.9,23,69,7,5,86,63,221,86,110,59,54,262,59,15,0
jscomp.jsonml.Reader,2.207792208,52,51,170,10.75324675,7.324675325,7,7,76,77,88,77,75,2,166,1118,564,726,508,1,90,1,77,11,1,0.164529915,4.090909091,23,315,4,4,336,182,1164,336,212,130,222,1118,0,0,0
jscomp.RecordFunctionInformation,2.2,4,2,11,12,8.2,4,4,5,5,16,5,1,4,8,69,41,41,23,2,19,2,5,11,2,0.185185185,2.6,9,13,4,4,20,13,82,20,218,28,16,3,7,0,0
rhino.jstype.RecordType,3.4,10,4,34,13.3,8.5,29,3,9,10,186,10,0,10,15,142,85,89,56,4,187,4,6,176,4,0.485978836,7,9,70,0,0,116,57,434,30,344,264,13,25,42,51,1
rhino.jstype.RecordTypeBuilder,1.5,2,2,6,5.5,2.75,4,4,4,4,15,4,0,4,5,42,11,29,14,1,17,1,4,11,1,0.133333333,1,7,4,2,2,9,3,23,9,169,18,6,22,6,0,0
jscomp.ReferenceCollectingCallback,2.384615385,11,7,31,6.769230769,3.846153846,6,6,12,13,24,13,2,11,24,400,50,258,143,1,26,1,13,11,1,0.154761905,2.615384615,13,34,4,4,40,23,129,40,87,42,32,115,38,14,1
jscomp.regex.RegExpTree,1.9375,9,12,31,27.6875,21.5625,12,12,13,16,24,16,3,13,11,1483,345,964,627,1,35,1,13,8,1,0.245670996,0.4375,13,7,12,4,1,1,8,1,52,25,11,1483,0,0,0
jscomp.RemoveTryCatch,1,1,2,2,3.5,1.5,2,2,2,2,13,2,0,2,3,60,3,41,27,1,15,1,2,11,1,0.111111111,0.5,5,1,2,2,4,1,3,4,53,14,5,2,3,0,0
jscomp.RemoveUnusedClassProperties,3.333333333,7,2,20,12,8,4,4,6,6,17,6,2,4,10,82,48,50,32,1,19,1,6,11,1,0.142857143,6.333333333,10,38,3,3,43,35,126,43,56,38,19,82,0,0,0
jscomp.RemoveUnusedNames,2,4,2,6,8,4.333333333,3,3,3,3,14,3,1,2,5,31,13,21,10,1,16,1,3,11,1,0.125,2.333333333,9,7,2,2,8,5,15,8,104,19,9,5,3,0,0
jscomp.RemoveUnusedPrototypeProperties,3.4,8,3,17,13.6,8.8,5,5,5,5,16,5,2,3,8,79,44,51,32,1,18,1,5,11,1,0.138888889,1.4,6,7,3,3,16,7,62,16,95,23,16,44,4,0,0
jscomp.RemoveUnusedVars,5,21,3,70,20.35714286,14.5,13,13,13,14,25,14,11,3,21,560,203,384,248,1,27,1,14,11,1,0.155555556,7.5,15,105,9,6,131,92,440,131,158,66,58,416,90,13,2
jscomp.RenameLabels,1,1,3,3,4.666666667,1.666666667,3,3,3,3,14,3,0,3,6,127,5,84,42,1,16,1,3,11,1,0.125,0.666666667,6,2,2,2,5,2,5,5,55,16,7,20,4,2,1
jscomp.RenameProperties,3.625,10,2,29,16.25,10.5,14,14,8,8,19,8,3,5,18,332,84,222,139,1,21,1,8,11,1,0.148148148,4.75,17,38,11,8,38,19,93,38,89,35,40,76,41,6,0
jscomp.RenamePrototypes,4.25,9,1,17,18.5,12.5,9,9,4,4,15,4,1,3,7,245,50,167,106,1,17,1,4,11,1,0.133333333,7.25,12,29,7,5,28,14,70,28,73,28,23,6,15,3,0
jscomp.RenameVars,3.545454545,9,4,39,16,10.72727273,21,21,11,11,22,11,8,3,20,314,118,221,136,1,24,1,11,11,1,0.152777778,3.545454545,14,39,13,7,51,25,136,51,80,38,39,51,41,10,0
jscomp.ReorderConstantExpression,4,4,0,4,18,13,1,0,1,1,24,1,0,1,1,21,13,13,8,2,26,2,0,23,2,0.013888889,11,3,11,0,0,14,11,38,13,63,43,4,21,0,0,0
jscomp.ReplaceCssNames,1,1,3,3,5.333333333,2.666666667,10,10,3,3,14,3,1,2,5,135,8,81,52,1,16,1,3,11,1,0.125,1.333333333,10,4,8,5,8,4,7,8,57,18,13,28,23,5,0
jscomp.ReplaceIdGenerators,3.428571429,8,1,24,16.28571429,11.14285714,10,10,7,7,18,7,3,4,14,289,78,184,115,1,20,1,7,11,1,0.145833333,1.714285714,15,12,9,3,21,10,31,21,67,27,24,239,19,0,0
jscomp.ReplaceMessages,4,7,2,36,20.11111111,14,29,3,9,9,28,9,6,3,22,190,126,111,71,3,31,3,8,19,3,0.238888889,11,17,99,1,1,134,77,327,111,216,78,45,26,19,10,0
jscomp.ReplaceMessagesForChrome,2.6,6,2,13,12.2,7.6,26,0,4,5,25,5,4,1,12,64,38,43,24,3,29,3,5,20,3,0.208333333,7,14,35,0,0,61,31,157,53,151,69,21,64,0,0,0
jscomp.ReplaceStrings,3,10,4,54,13.5,9.333333333,12,12,17,18,29,18,13,5,33,302,168,218,118,2,32,2,18,11,2,0.210526316,4,19,72,8,7,84,55,246,84,170,65,66,30,25,1,0
jscomp.RescopeGlobalSymbols,1.25,2,3,5,7,4.25,6,6,4,4,15,4,1,3,7,163,17,106,63,1,17,1,4,11,1,0.133333333,2.5,11,10,2,2,27,10,28,27,70,22,8,163,0,0,0
jscomp.Result,1,1,2,2,15,8,13,13,2,2,13,2,0,2,21,45,16,30,14,1,15,1,2,11,1,0.111111111,0,4,0,9,5,0,0,0,0,13,13,25,2,3,0,0
jscomp.RhinoErrorReporter,1.285714286,3,6,9,7.142857143,4.428571429,8,8,5,7,18,7,3,4,17,136,31,61,27,1,22,1,7,11,1,0.145833333,1.142857143,8,8,8,3,17,6,10,17,25,23,17,50,27,3,0
jscomp.RuntimeTypeCheck,1.25,2,3,5,7,4.75,3,3,4,4,15,4,2,2,5,232,19,140,84,1,17,1,4,11,1,0.133333333,3.25,9,13,2,2,26,13,26,26,72,25,8,12,58,14,0
jscomp.SanityCheck,2,4,3,12,8.666666667,5.5,4,4,6,6,17,6,4,2,10,67,33,42,25,1,19,1,6,11,1,0.142857143,4.5,16,27,4,3,54,26,96,54,208,35,16,13,13,3,0
jscomp.Scope,1.285714286,3,23,36,4.607142857,2.357142857,7,7,26,28,39,28,1,27,23,311,66,198,107,1,41,1,28,11,1,0.16091954,0.464285714,10,13,5,5,18,9,24,18,56,47,30,125,29,34,0
jscomp.ScopedAliases,3,7,2,9,13.66666667,9,11,11,3,3,14,3,0,3,7,324,27,211,115,1,16,1,3,11,1,0.125,7.666666667,10,23,10,4,27,22,65,27,73,26,22,135,42,17,4
rhino.ScriptRuntime,6.818181818,33,5,75,22.36363636,17,2,2,1,11,22,11,1,10,17,253,187,205,149,1,24,1,11,11,1,0.152777778,0.090909091,10,1,0,0,2,1,405,2,23,23,3,1,13,169,0
jscomp.jsonml.SecureCompiler,1.5,4,6,12,8.625,6.125,7,7,8,8,19,8,1,7,2,100,49,75,43,1,21,1,8,11,1,0.148148148,3.875,15,31,4,4,27,12,187,27,335,30,18,100,0,0,0
jscomp.type.SemanticReverseAbstractInterpreter,6.333333333,38,3,76,26,18.91666667,11,5,12,12,34,12,10,2,46,445,227,243,158,2,37,2,12,22,2,0.205128205,10.25,15,123,5,1,149,79,482,65,91,57,54,445,0,0,0
jscomp.ShadowVariables,1.5,2,1,3,9,4.5,7,7,2,2,13,2,0,2,6,138,9,97,63,1,15,1,2,11,1,0.111111111,1,6,2,7,4,8,2,6,8,53,14,13,138,0,0,0
jscomp.ShowByPathWarningsGuard,1.166666667,2,5,7,4.166666667,2,2,2,6,6,19,6,1,5,7,35,12,21,10,2,20,2,4,13,2,0.388888889,1.5,6,9,1,1,9,4,20,9,25,23,6,5,5,11,0
jscomp.SideEffectsAnalysis,3.363636364,11,5,37,14.09090909,9.454545455,4,4,7,11,22,11,7,4,18,454,104,267,136,1,24,1,11,11,1,0.152777778,3.090909091,15,34,4,4,28,18,85,28,85,37,37,454,0,0,0
jscomp.SimpleDefinitionFinder,3.285714286,8,6,46,12.5,8.357142857,4,4,10,14,25,14,3,11,14,282,117,185,115,1,27,1,14,11,1,0.155555556,3.642857143,13,51,4,3,62,45,175,62,79,40,39,157,20,0,0
jscomp.deps.SimpleDependencyInfo,1.142857143,2,6,8,5.142857143,2.714285714,4,4,7,7,16,7,0,7,5,48,19,25,12,1,16,1,5,9,1,0.199494949,0,2,0,2,1,0,0,0,0,16,16,6,0,0,0,0
rhino.SimpleErrorReporter,2,4,2,10,8,4.4,2,2,5,5,16,5,1,4,12,46,22,28,18,1,18,1,5,11,1,0.138888889,0,3,0,2,1,0,0,0,0,16,16,4,2,22,12,0
jscomp.SimpleFunctionAliasAnalysis,3,5,2,12,10.75,7,2,2,4,4,15,4,1,3,5,47,28,34,20,1,17,1,4,11,1,0.133333333,3.5,6,14,2,1,11,10,21,11,26,22,13,47,0,0,0
rhino.jstype.SimpleReference,1.4,3,4,7,3.6,1.6,2,2,5,5,15,5,0,5,2,27,8,16,6,1,18,1,4,10,1,0.163636364,0.8,4,4,2,2,4,4,26,4,26,19,6,27,0,0,0
jscomp.SimpleRegion,1,1,4,4,3.75,1.5,3,3,4,4,15,4,0,4,3,23,6,14,6,1,17,1,4,11,1,0.133333333,0,2,0,0,0,0,0,0,0,15,15,0,3,0,0,0
rhino.jstype.SimpleSlot,1,1,6,6,3.333333333,1.333333333,4,4,6,6,17,6,0,6,3,31,8,19,8,1,21,1,6,11,1,0.142857143,0,5,0,1,1,0,0,0,0,17,17,4,12,1,0,0
jscomp.testing.SimpleSourceExcerptProvider,1,1,3,3,3,1,1,1,3,3,14,3,0,3,5,14,3,8,3,1,16,1,3,11,1,0.125,1,4,3,1,1,9,3,70,9,27,17,1,0,0,0,0
rhino.jstype.SimpleSourceFile,1.142857143,2,6,8,3.714285714,1.571428571,2,2,7,7,17,7,0,7,5,36,11,20,10,1,18,1,6,10,1,0.173160173,0,4,0,0,0,0,0,0,0,17,17,0,36,0,0,0
jscomp.deps.SortedDependencies,3.25,8,5,39,12.58333333,7.833333333,4,4,11,12,23,12,5,7,17,167,94,121,68,1,25,1,12,11,1,0.153846154,0.5,5,6,4,2,4,2,4,4,25,25,53,21,2,0,0
jscomp.SourceFile,1.64516129,9,24,51,6.129032258,3.35483871,7,7,20,31,41,31,2,29,32,314,104,205,115,1,50,1,30,10,1,0.191593353,0.580645161,9,18,0,0,47,18,45,47,55,51,12,115,26,17,1
jscomp.SourceInformationAnnotator,4,9,1,12,13,8.666666667,2,2,3,3,15,3,0,3,7,45,26,28,19,2,18,2,3,12,2,0.166666667,5.666666667,6,17,0,0,14,11,48,14,31,24,6,13,12,2,0
jscomp.SourceMap,1.777777778,6,7,16,7,3.888888889,3,3,9,9,20,9,2,7,12,122,35,65,34,1,22,1,9,11,1,0.15,1,4,9,3,3,6,5,15,6,28,24,9,4,105,125,1
rhino.SourcePosition,1.428571429,4,6,10,5.714285714,3.142857143,5,5,7,7,18,7,0,7,5,47,22,28,15,1,24,1,7,11,1,0.145833333,0,1,0,1,1,0,0,0,0,18,18,3,15,0,0,0
jscomp.SpecializeModule,2.888888889,5,2,26,15.33333333,10.22222222,5,5,9,9,20,9,6,3,10,293,92,203,108,1,22,1,9,11,1,0.15,4.555555556,14,41,5,4,55,36,205,55,126,49,46,293,0,0,0
jscomp.graph.StandardUnionFind,1.818181818,4,6,20,9.272727273,5.818181818,2,2,11,11,22,11,2,9,10,123,64,86,47,1,24,1,11,11,1,0.152777778,2.090909091,2,23,1,1,2,1,3,2,23,23,30,8,2,0,0
jscomp.StatementFusion,4.5,11,2,27,14.5,10.66666667,1,0,3,6,29,6,5,1,9,90,64,58,38,2,31,2,5,23,2,0.199074074,8.833333333,5,53,0,0,53,40,159,50,88,61,24,90,0,0,0
jscomp.StrictModeCheck,3.818181818,8,3,42,10.36363636,6.363636364,13,13,10,11,22,11,7,4,22,177,70,105,71,2,25,2,11,11,2,0.203703704,5.363636364,10,59,11,2,95,55,238,95,79,41,36,26,25,3,0
jscomp.StrictWarningsGuard,2,3,1,4,4.5,2,2,2,2,2,15,2,1,1,1,16,4,9,4,2,16,2,0,13,2,0.211111111,3,5,6,1,1,3,3,6,3,18,18,3,6,2,0,0
rhino.jstype.StringType,1.181818182,3,10,13,3.727272727,1.545454545,16,1,11,11,130,11,0,11,4,54,17,29,15,3,124,3,1,119,3,0.350839793,0.909090909,7,10,0,0,11,6,12,0,289,175,6,5,3,0,0
jscomp.Strings,2,3,2,8,6.25,3,0,0,1,4,15,4,3,1,8,27,12,15,10,1,17,1,4,11,1,0.133333333,0,2,0,0,0,0,0,0,0,15,15,0,0,0,13,0
jscomp.StripCode,1,1,3,3,6,2.666666667,8,8,3,3,14,3,0,3,7,310,8,182,120,1,16,1,3,11,1,0.125,0.333333333,6,1,8,3,4,1,3,4,54,15,15,36,26,44,0
jscomp.SuppressDocWarningsGuard,4.666666667,11,1,14,15.33333333,10.33333333,2,2,3,3,16,3,0,3,2,53,31,34,19,2,17,2,1,13,2,0.322222222,5,10,15,1,1,11,8,17,9,26,24,10,53,0,0,0
jscomp.SymbolTable,3.081632653,14,23,151,11.73469388,7.693877551,11,11,49,49,60,49,18,31,67,1012,377,634,366,1,62,1,49,11,1,0.163333333,4.408163265,33,216,10,7,214,164,546,214,176,134,157,1012,0,0,0
jscomp.SyntacticScopeCreator,3.25,10,3,26,15.125,11.125,7,7,6,8,19,8,3,5,13,170,89,111,69,1,21,1,8,11,1,0.148148148,6,14,48,5,4,52,42,120,52,46,40,34,27,31,9,0
jscomp.SyntheticAst,1,1,6,6,3.833333333,1.833333333,4,4,6,6,17,6,0,6,3,34,11,21,10,1,19,1,6,11,1,0.142857143,0.833333333,8,5,3,3,10,5,20,10,31,22,8,7,6,0,0
jscomp.jsonml.TagAttr,1,1,6,6,2,0.666666667,19,17,5,6,22,6,2,4,3,38,4,14,6,2,24,2,5,16,2,0.204793028,0,2,0,16,2,0,0,0,0,22,22,1,38,0,0,0
jscomp.jsonml.TagType,1,1,2,2,0,0,53,51,2,2,19,2,0,2,1,53,0,1,0,2,22,2,2,17,2,0.148148148,0,1,0,51,1,0,0,0,0,19,19,0,53,0,0,0
rhino.jstype.TemplateType,1,1,7,7,3.142857143,1.142857143,23,2,7,7,179,7,0,7,6,31,8,18,8,4,178,4,1,172,4,0.477902622,0.714285714,6,5,0,0,5,2,5,2,370,273,3,11,2,0,0
rhino.jstype.TernaryValue,3.222222222,5,2,29,6.888888889,2.111111111,5,3,8,9,25,9,0,9,18,88,19,44,19,2,27,2,8,16,2,0.217138707,0,2,0,3,1,0,0,0,0,25,25,0,3,0,0,0
jscomp.testing.TestErrorReporter,1.666666667,2,2,10,5.666666667,2.833333333,4,4,6,6,17,6,0,6,17,43,17,22,11,2,20,2,6,11,2,0.19047619,0,2,0,0,0,0,0,0,0,17,17,1,2,2,4,0
rhino.testing.TestErrorReporter,1.5,2,4,12,5.125,2.625,4,4,7,8,19,8,0,8,12,49,21,28,15,2,22,2,8,11,2,0.197530864,0,2,0,0,0,0,0,0,0,19,19,0,2,2,4,0
jscomp.TightenTypes,4.35,27,6,87,17.25,12.45,8,8,20,20,31,20,7,13,27,983,249,672,420,1,33,1,20,11,1,0.158730159,8.15,22,163,7,4,178,129,524,178,151,90,93,24,42,12,0
rhino.Token,102,102,0,102,106,103,105,105,0,1,12,1,0,1,1,215,103,107,103,1,14,1,1,11,1,0.083333333,0,2,0,0,0,0,0,0,0,12,12,0,10,23,143,0
rhino.TokenStream,47,90,0,94,71,65,0,0,0,2,13,2,0,2,2,144,130,241,232,1,15,1,2,11,1,0.111111111,0,2,0,0,0,0,0,0,0,13,13,0,26,91,1230,1
jscomp.Tracer,2.074074074,7,12,56,7.592592593,4.851851852,16,16,5,27,37,27,3,24,17,497,131,351,216,1,38,1,26,10,1,0.190796857,0.962962963,12,26,6,4,20,17,239,20,51,46,17,6,7,0,0
jscomp.TransformAMDToCJSModule,1,1,4,4,3.25,1.25,6,6,4,4,15,4,2,2,6,205,5,123,78,1,17,1,4,11,1,0.133333333,0.5,7,2,4,2,8,2,6,8,60,17,9,205,0,0,0
jscomp.TypeCheck,7.571428571,110,9,318,27.71428571,21.38095238,50,50,41,42,53,42,31,11,120,1361,898,714,473,1,55,1,42,11,1,0.162790698,13.78571429,34,579,42,9,728,437,2205,728,455,200,269,388,165,156,5
jscomp.TypeInference,5.1,66,13,255,20.26,15.06,13,9,49,50,77,50,43,7,106,1084,753,661,427,3,81,3,50,27,3,0.245098039,8.84,33,442,6,6,456,325,1122,452,432,203,213,331,116,129,3
jscomp.TypeInferencePass,1.4,2,3,7,9.2,6.2,6,6,5,5,16,5,1,4,11,75,31,42,20,1,18,1,5,11,1,0.138888889,3.6,18,18,5,5,44,17,127,44,140,31,20,6,21,15,0
jscomp.parsing.TypeSafeDispatcher,3.159090909,96,43,139,4.75,3.613636364,0,0,44,44,55,44,0,44,44,211,159,100,55,1,58,1,44,11,1,0.162962963,1.931818182,3,85,0,0,0,0,0,0,55,55,88,4,1,1,0
jscomp.TypeValidator,2.764705882,11,9,94,11.14705882,7.029411765,17,17,34,34,45,34,11,23,122,466,239,242,148,1,47,1,34,11,1,0.161904762,4.558823529,22,155,15,6,219,151,388,219,286,112,145,117,71,32,2
jscomp.TypedCodeGenerator,5.5,16,2,33,22.16666667,16.5,8,0,6,6,34,6,4,2,10,136,99,94,69,2,36,2,5,28,2,0.196679438,11.33333333,13,68,0,0,75,67,710,63,189,80,22,48,26,1,0
jscomp.TypedScopeCreator,2.1,6,7,21,12.6,9.2,17,17,10,10,21,10,5,5,18,1303,92,791,493,1,23,1,10,11,1,0.151515152,5.6,22,56,14,7,96,53,196,96,306,59,50,651,280,241,5
jscomp.graph.UndiGraph,1,1,4,4,1,0,2,0,4,4,37,4,0,4,4,12,0,9,0,2,41,2,4,33,2,0.177777778,0,1,0,0,0,0,0,0,0,41,39,6,1,2,0,0
rhino.jstype.UnionType,3.051282051,9,6,119,9.769230769,5.820512821,18,3,39,39,135,39,1,38,26,416,227,290,182,2,106,2,7,96,2,0.329861111,3.41025641,17,133,1,1,162,98,1671,73,311,187,45,112,17,19,0
rhino.jstype.UnionTypeBuilder,5.571428571,24,3,39,21.14285714,15.28571429,10,10,7,7,18,7,2,5,4,160,107,110,76,1,20,1,7,11,1,0.145833333,5.714285714,8,40,3,3,56,40,125,56,170,39,21,99,15,19,0
rhino.jstype.UnknownType,1.047619048,2,20,22,3.095238095,1.047619048,20,2,21,21,175,21,0,21,14,88,22,46,22,3,160,3,1,154,3,0.39664751,0.19047619,10,4,0,0,2,1,2,0,325,232,9,3,6,27,0
jscomp.UnreachableCodeElimination,1.2,2,4,6,4.8,2.8,3,3,5,5,16,5,0,5,9,135,14,84,56,2,19,2,5,11,2,0.185185185,3,12,15,2,2,28,14,70,28,88,28,14,62,50,8,2
rhino.jstype.UnresolvedTypeExpression,1,1,2,2,5,2.5,23,3,2,2,176,2,0,2,5,16,5,11,5,4,180,4,1,174,4,0.468571429,1.5,5,3,1,1,7,2,11,4,365,234,4,0,2,3,0
jscomp.UseSite,1,1,3,3,3.666666667,1.666666667,3,3,3,3,12,3,0,3,4,18,5,12,5,1,12,1,1,9,1,0.143939394,0,4,0,3,3,0,0,0,0,12,12,6,10,1,0,0
jscomp.jsonml.Validator,2.352941176,43,32,120,7.823529412,5.196078431,7,7,49,51,62,51,49,2,62,420,265,281,205,1,64,1,51,11,1,0.163461538,1.862745098,7,95,1,1,22,18,36,22,66,66,57,420,0,0,0
rhino.jstype.ValueType,1,1,4,4,3,1,15,0,4,4,129,4,0,4,5,16,4,9,4,2,134,2,1,125,2,0.230034722,0.5,5,2,0,0,2,1,2,0,283,169,3,7,0,4,0
jscomp.VarCheck,3,13,4,24,13.25,9.25,11,11,8,8,19,8,3,5,11,171,74,97,59,2,22,2,8,11,2,0.197530864,6,19,48,9,4,87,44,154,87,131,52,30,51,18,8,1
jscomp.VariableMap,1.866666667,4,9,28,7.133333333,4.266666667,3,3,9,15,26,15,4,11,14,113,64,83,48,1,28,1,15,11,1,0.15625,0,6,0,2,1,0,0,0,0,26,26,15,35,14,4,0
jscomp.VariableNameGenerator,1.5,2,1,3,5,3,2,2,2,2,13,2,0,2,1,14,6,11,4,1,15,1,2,11,1,0.111111111,1.5,3,3,2,2,8,3,37,8,20,16,4,4,2,3,0
jscomp.VariableReferenceCheck,1,1,3,3,5,2.666666667,6,6,3,3,14,3,0,3,6,113,8,68,37,1,16,1,3,11,1,0.125,1.333333333,7,4,6,4,12,4,8,12,58,17,14,14,26,4,0
jscomp.VariableRenamingPolicy,1,1,2,2,0,0,6,4,2,2,19,2,0,2,1,6,0,1,0,2,22,2,2,17,2,0.148148148,0,1,0,4,1,0,0,0,0,19,19,0,0,0,0,0
jscomp.VariableVisibilityAnalysis,2.25,6,3,9,10.25,6.75,2,2,3,4,15,4,1,3,5,52,27,31,17,1,17,1,4,11,1,0.133333333,3.5,7,14,2,2,15,9,19,15,61,23,14,52,0,0,0
jscomp.VerboseMessageFormatter,2,5,3,8,5.75,3.5,3,0,4,4,20,4,1,3,4,27,14,16,6,2,23,2,4,16,2,0.177777778,2.75,7,11,0,0,7,4,22,0,22,21,3,2,1,0,0
rhino.jstype.VoidType,1.181818182,3,10,13,3.636363636,1.454545455,16,1,11,11,130,11,0,11,4,53,16,28,15,3,124,3,1,119,3,0.350839793,1,7,11,0,0,12,6,12,2,290,176,5,4,1,0,0
jscomp.ant.Warning,1,1,4,4,3,1,2,2,4,4,15,4,0,4,2,16,4,11,4,1,17,1,4,11,1,0.133333333,0,2,0,1,1,0,0,0,0,15,15,3,16,0,0,0
jscomp.WarningLevel,1.5,4,5,9,9.666666667,8.166666667,5,3,3,6,23,6,3,3,5,63,49,45,40,2,26,2,6,17,2,0.19047619,10.5,6,63,3,1,31,11,22,31,34,26,4,24,0,2,0
jscomp.WarningsGuard,1,1,4,4,2.5,0.75,0,0,4,4,15,4,3,1,3,28,3,14,5,1,24,1,4,11,1,0.133333333,0.5,4,2,0,0,0,0,0,0,15,15,4,16,2,0,0
jscomp.WhitelistWarningsGuard,1.75,4,6,21,6.5,3.583333333,3,3,4,12,25,12,3,9,13,150,43,101,59,2,26,2,10,13,2,0.413131313,0.5,8,6,3,3,1,1,2,1,26,26,21,150,0,0,0
jscomp.jsonml.Writer,4.175,82,17,167,16.7,13.4,0,0,40,40,51,40,39,1,93,670,536,478,368,1,53,1,40,11,1,0.162601626,10.05,9,402,0,0,424,212,572,424,73,68,151,670,0,0,0
jscomp.XtbMessageBundle,1.5,4,5,9,8.166666667,5.666666667,3,3,6,6,17,6,1,5,9,131,34,85,44,1,19,1,6,11,1,0.142857143,0.166666667,9,1,2,2,2,1,2,2,18,18,15,132,0,0,0
