relName,AvgWMC,CCMax,NTM,WMC,AvgSLOC,AvgSLOCExe,NA,NAIMP,NIM,NLM,NM,NMIMP,NMNpub,Nmpub,NumPara,SLOC,SLOCExe,stms,stmsExe,AID,CHM,DIT,NMA,NMI,NOA,PII,AMC,CBO,CC,ICP,MPC,MPCNew,NIHICP,RFC,RFC1,ADD,MOD,DEL,bug
math.geometry.partitioning.utilities.AVLTree,2.888888889,5,2,26,8.111111111,4.666666667,1,1,9,9,20,9,0,9,4,378,42,274,219,1,22,1,9,11,1,0.15,2.111111111,2,19,10,7,84,10,33,27,378,0,0,0
math.analysis.function.Abs,1,1,1,1,3,1,0,0,1,1,12,1,0,1,1,5,1,3,1,1,14,1,1,11,1,0.083333333,1,1,1,2,1,2,2,13,13,5,0,0,0
math.distribution.AbstractContinuousDistribution,1.5,5,10,18,5.583333333,3.166666667,9,4,12,12,32,12,5,7,8,75,38,51,25,2,44,2,12,20,2,0.205128205,0.916666667,9,11,27,9,28,27,60,41,29,11,1,0
math.optimization.AbstractConvergenceChecker,1,1,5,5,3.2,1.2,4,4,5,5,16,5,0,5,5,25,6,16,6,1,22,1,5,11,1,0.138888889,0,1,0,0,0,0,0,16,16,25,0,0,0
math.analysis.solvers.AbstractDifferentiableUnivariateRealSolver,1,1,4,4,4.25,1.5,11,1,4,4,38,4,4,0,10,23,6,12,6,2,42,2,4,34,2,0.177777778,1.5,3,6,14,4,21,0,63,51,23,0,0,0
math.distribution.AbstractDistribution,1.333333333,2,6,12,3.555555556,1.555555556,5,5,9,9,20,9,3,6,2,40,14,28,13,1,38,1,9,11,1,0.15,0.444444444,4,4,5,1,4,5,25,21,25,2,1,0
math.linear.AbstractFieldMatrix,2.614285714,9,22,183,10.38571429,6.457142857,1,1,66,70,78,70,14,56,120,735,452,611,366,1,80,1,67,8,1,0.255124777,2.128571429,25,149,119,36,90,119,96,89,44,118,66,0
math.fraction.AbstractFormat,1.384615385,4,10,18,5.230769231,2.461538462,3,3,9,13,24,13,7,6,16,75,32,49,27,2,31,2,13,11,2,0.206349206,0.153846154,8,2,6,2,4,6,28,25,0,2,2,0
math.distribution.AbstractIntegerDistribution,1.764705882,7,11,30,5.941176471,3.352941176,7,2,17,17,34,17,4,13,13,109,57,70,42,2,39,2,14,17,2,0.368518519,1,9,17,35,13,137,35,48,40,36,21,6,0
math.ode.AbstractIntegrator,2,16,16,42,8.380952381,4.857142857,11,11,21,21,32,21,6,15,28,189,102,131,80,1,50,1,21,11,1,0.159090909,2.095238095,20,44,80,36,294,80,80,55,96,14,42,1
math.optimization.general.AbstractLeastSquaresOptimizer,2,4,6,20,8.8,5.5,16,10,10,10,33,10,4,6,6,103,55,89,49,2,38,2,10,23,2,0.202020202,2.3,14,23,42,18,74,28,80,48,6,43,75,2
math.optimization.linear.AbstractLinearOptimizer,1.142857143,2,6,8,4.285714286,1.714285714,7,7,7,7,18,7,3,4,5,40,12,27,12,1,21,1,7,11,1,0.145833333,0.285714286,5,2,4,2,4,4,26,20,0,1,0,0
math.genetics.AbstractListChromosome,1,1,7,7,2.571428571,0.857142857,2,1,7,7,22,7,2,5,4,22,6,15,6,2,26,2,6,15,2,0.211309524,0.142857143,3,1,1,1,5,0,22,22,0,1,4,0
math.stat.regression.AbstractMultipleLinearRegression,2.210526316,9,13,42,7.631578947,4.736842105,3,3,19,19,30,19,9,10,10,151,90,101,59,1,34,1,19,11,1,0.158333333,1.631578947,11,31,38,15,121,38,70,37,71,12,0,0
math.analysis.solvers.AbstractPolynomialSolver,1,1,5,5,4,1.2,11,1,5,5,39,5,5,0,11,26,6,13,6,2,43,2,5,34,2,0.185185185,1,2,5,16,5,18,1,65,53,26,0,0,0
math.random.AbstractRandomGenerator,1.769230769,5,9,23,5.615384615,3.076923077,1,1,13,13,24,13,0,13,5,76,40,58,32,1,26,1,13,11,1,0.154761905,0.230769231,5,3,6,3,6,6,34,27,0,4,1,0
math.linear.AbstractRealMatrix,2.627118644,10,21,155,10.98305085,7.016949153,0,0,59,59,68,59,2,57,100,659,414,568,332,2,69,2,53,9,2,0.406995885,2.06779661,20,122,190,55,306,190,101,85,39,83,113,0
math.linear.AbstractRealVector,1.641509434,4,26,87,6.641509434,3.735849057,0,0,53,53,64,53,3,50,49,406,198,300,150,1,69,1,53,11,1,0.163580247,2.037735849,18,108,122,68,210,122,100,79,32,57,267,0
math.geometry.partitioning.AbstractRegion,3.222222222,20,13,87,11.55555556,7.851851852,3,3,27,27,38,27,13,14,28,338,212,224,146,1,43,1,27,11,1,0.160714286,6.925925926,17,187,172,143,473,172,79,71,338,0,0,0
math.optimization.general.AbstractScalarDifferentiableOptimizer,1,1,4,4,3.75,1,6,1,4,4,26,4,3,1,6,21,4,10,4,2,30,2,4,22,2,0.177777778,1,7,4,7,2,21,0,42,35,1,10,60,0
math.optimization.direct.AbstractSimplex,2.666666667,10,6,40,9.266666667,5.333333333,3,3,14,15,26,15,8,7,18,146,80,117,74,1,30,1,15,11,1,0.15625,1.266666667,12,19,39,15,33,39,44,37,146,0,0,0
math.ode.sampling.AbstractStepInterpolator,1.538461538,5,20,40,7.269230769,4.884615385,12,12,26,26,37,26,9,17,16,208,127,166,119,1,51,1,26,11,1,0.160493827,0.038461538,3,1,1,1,2,1,41,38,33,36,2,0
math.stat.descriptive.AbstractStorelessUnivariateStatistic,1.7,3,5,17,4.5,2.2,1,0,10,10,29,10,0,10,10,54,22,34,20,2,44,2,6,19,2,0.331780538,1.1,4,11,24,8,16,16,48,38,0,4,0,0
math.geometry.partitioning.AbstractSubHyperplane,1.333333333,5,11,16,4.666666667,2.166666667,2,2,12,12,23,12,3,9,11,62,26,35,14,1,28,1,12,11,1,0.153846154,1.916666667,9,23,24,15,43,24,43,34,62,0,0,0
math.optimization.univariate.AbstractUnivariateRealOptimizer,1.25,3,10,15,4.833333333,2.166666667,7,7,12,12,23,12,2,10,14,68,26,45,25,1,27,1,12,11,1,0.153846154,0.833333333,8,10,11,9,22,11,38,31,32,26,19,0
math.analysis.solvers.AbstractUnivariateRealSolver,1,1,3,3,4,1,10,0,3,3,37,3,3,0,6,16,3,7,3,2,51,2,3,34,2,0.166666667,1,0,3,9,3,8,0,62,50,16,0,0,0
math.stat.descriptive.AbstractUnivariateStatistic,2.25,9,8,27,6.75,3.25,1,1,12,12,23,12,5,7,24,85,39,54,38,1,45,1,12,11,1,0.153846154,1.25,8,15,32,10,22,32,33,28,23,14,7,0
math.random.AbstractWell,1.5,4,6,12,6.125,3.75,9,8,8,8,28,8,5,3,23,63,30,51,29,2,33,2,4,20,2,0.233333333,0.25,3,2,0,0,0,0,46,34,63,0,0,0
math.analysis.function.Acos,1,1,1,1,3,1,0,0,1,1,12,1,0,1,1,5,1,3,1,1,14,1,1,11,1,0.083333333,1,1,1,2,1,48,2,17,13,5,0,0,0
math.analysis.function.Acosh,1,1,1,1,3,1,0,0,1,1,12,1,0,1,1,5,1,3,1,1,14,1,1,11,1,0.083333333,1,1,1,2,1,2,2,16,13,5,0,0,0
math.ode.nonstiff.AdamsBashforthIntegrator,5.333333333,14,2,16,34,25.33333333,29,1,3,3,62,3,0,3,15,106,76,81,52,5,67,5,2,59,5,0.190740741,27.33333333,12,82,115,36,310,48,176,106,18,25,39,0
math.ode.nonstiff.AdamsIntegrator,1,1,6,6,5.333333333,1.5,28,1,6,6,60,6,1,5,27,40,9,15,7,4,65,4,4,54,4,0.225238095,1.166666667,8,7,31,7,84,15,164,96,1,4,0,0
math.ode.nonstiff.AdamsMoultonIntegrator,5,13,2,15,34.33333333,25.66666667,29,1,3,3,62,3,0,3,15,145,77,112,70,5,67,5,2,59,5,0.190740741,25,14,75,117,35,313,43,180,106,18,31,33,0
math.ode.nonstiff.AdamsNordsieckTransformer,2.428571429,4,2,17,13.14285714,8.714285714,3,3,6,7,18,7,2,5,11,98,61,90,42,1,20,1,7,11,1,0.145833333,2.285714286,11,16,19,10,212,19,54,27,20,7,10,0
math.ode.nonstiff.AdaptiveStepsizeIntegrator,2.538461538,12,9,33,11.23076923,6.692307692,19,8,13,13,43,13,3,10,41,162,87,106,73,2,53,2,11,30,2,0.391203704,2.384615385,9,31,64,25,252,50,96,70,28,27,16,0
math.analysis.function.Add,1,1,1,1,3,1,0,0,1,1,12,1,0,1,2,5,1,3,1,1,14,1,1,11,1,0.083333333,0,0,0,0,0,0,0,12,12,5,0,0,0
math.stat.descriptive.AggregateSummaryStatistics,1.588235294,8,14,27,7.176470588,3.941176471,3,3,16,17,28,17,0,17,4,158,67,102,60,1,30,1,17,11,1,0.157407407,1.941176471,4,33,49,33,154,49,72,44,0,0,0,0
math.analysis.solvers.AllowedSolution,1,1,2,2,0,0,7,5,2,2,19,2,0,2,1,7,0,1,0,2,22,2,2,17,2,0.148148148,0,1,0,0,0,0,0,19,19,7,0,0,0
math.exception.util.ArgUtils,3,5,1,6,8,4.5,0,0,1,2,13,2,1,1,1,18,9,13,7,1,15,1,2,11,1,0.111111111,0,0,0,0,0,0,0,13,13,18,0,0,0
math.linear.Array2DRowFieldMatrix,2.323529412,8,15,79,9.205882353,5.617647059,3,2,34,34,92,34,2,32,61,339,191,284,167,2,75,2,14,58,2,0.492877493,2.852941176,12,97,126,54,270,22,121,114,10,56,80,0
math.linear.Array2DRowRealMatrix,2.483870968,8,12,77,9.64516129,5.870967742,2,2,31,31,79,31,2,29,52,323,182,272,158,3,64,3,11,48,3,0.510539216,1.709677419,11,53,79,23,144,72,126,112,2,46,83,0
math.linear.ArrayFieldVector,1.971830986,7,26,140,7,4.056338028,3,3,71,71,81,71,4,67,99,505,288,399,269,1,82,1,70,10,1,0.194622279,1.183098592,16,84,45,23,50,45,98,87,71,81,33,0
math.linear.ArrayRealVector,1.882352941,7,37,160,6.823529412,3.929411765,3,3,85,85,113,85,2,83,102,626,334,477,292,2,81,2,49,28,2,0.710833333,0.835294118,18,71,82,40,137,64,160,136,67,96,221,0
math.analysis.function.Asin,1,1,1,1,3,1,0,0,1,1,12,1,0,1,1,5,1,3,1,1,14,1,1,11,1,0.083333333,1,1,1,2,1,45,2,16,13,5,0,0,0
math.analysis.function.Asinh,1,1,1,1,3,1,0,0,1,1,12,1,0,1,1,5,1,3,1,1,14,1,1,11,1,0.083333333,1,1,1,2,1,26,2,16,13,5,0,0,0
math.analysis.function.Atan,1,1,1,1,3,1,0,0,1,1,12,1,0,1,1,5,1,3,1,1,14,1,1,11,1,0.083333333,1,1,1,2,1,2,2,15,13,5,0,0,0
math.analysis.function.Atan2,1,1,1,1,3,1,0,0,1,1,12,1,0,1,2,5,1,3,1,1,14,1,1,11,1,0.083333333,1,1,1,3,1,84,3,16,13,5,0,0,0
math.analysis.function.Atanh,1,1,1,1,3,1,0,0,1,1,12,1,0,1,1,5,1,3,1,1,14,1,1,11,1,0.083333333,1,1,1,2,1,26,2,15,13,5,0,0,0
math.optimization.direct.BOBYQAOptimizer,29.92857143,146,4,419,150.5,112.5,29,24,12,14,35,14,11,3,82,2161,1575,1938,1516,2,37,2,13,21,2,0.221500722,64.35714286,15,901,2216,897,1907,2161,88,66,2161,0,0,1
math.geometry.partitioning.BSPTree,2.714285714,8,10,57,13.04761905,9.428571429,5,5,21,21,32,21,5,16,21,285,198,199,155,1,34,1,21,11,1,0.159090909,2.857142857,10,60,12,11,22,12,35,35,285,0,0,0
math.optimization.direct.BaseAbstractScalarOptimizer,1.363636364,4,9,15,4.636363636,2.272727273,5,5,11,11,22,11,4,7,8,59,25,41,24,1,30,1,11,11,1,0.152777778,1.090909091,9,12,13,11,25,13,38,31,59,0,0,0
math.analysis.solvers.BaseAbstractUnivariateRealSolver,1.043478261,2,22,24,4.304347826,1.695652174,10,10,23,23,34,23,12,11,37,113,39,68,34,1,52,1,23,11,1,0.159722222,0.608695652,8,14,30,13,51,30,59,47,113,0,0,0
math.optimization.direct.BaseAbstractVectorialOptimizer,1.5,6,10,18,5.083333333,2.583333333,6,6,12,12,23,12,6,6,9,70,31,49,30,1,28,1,12,11,1,0.153846154,1.166666667,9,14,17,13,29,17,42,33,70,0,0,0
math.optimization.BaseMultiStartMultivariateRealOptimizer,1.875,5,5,15,8.875,5.375,6,6,8,8,19,8,2,6,10,80,43,54,34,1,23,1,8,11,1,0.148148148,1,9,8,6,3,6,6,29,22,80,0,0,0
math.optimization.BaseMultiStartMultivariateVectorialOptimizer,2,6,5,16,10,6.125,6,6,8,8,19,8,2,6,13,89,49,62,39,1,22,1,8,11,1,0.148148148,1,9,8,6,3,6,6,29,22,89,0,0,0
math.analysis.solvers.BaseSecantSolver,5.142857143,30,6,36,18.57142857,13,13,3,7,7,43,7,4,3,25,143,91,84,61,3,49,3,6,36,3,0.223294723,5.714285714,6,40,48,23,77,17,72,60,143,0,0,3
math.special.Beta,1.428571429,3,5,10,10.57142857,6.142857143,1,1,1,7,18,7,1,6,22,77,43,37,21,1,20,1,7,11,1,0.145833333,1.142857143,5,8,18,8,126,18,32,22,8,19,4,0
math.distribution.BetaDistributionImpl,1.526315789,6,15,29,5,2.684210526,15,6,19,19,39,19,7,12,13,117,51,74,42,3,31,3,7,20,3,0.399305556,0.631578947,8,12,29,10,125,26,87,59,36,11,5,0
math.linear.BiDiagonalTransformer,6.4,15,4,64,21.9,15.3,6,6,10,10,21,10,2,8,1,227,153,226,134,1,23,1,10,11,1,0.151515152,2.8,4,28,28,12,24,28,35,24,0,5,0,0
math.analysis.interpolation.BicubicSplineInterpolatingFunction,2.444444444,3,0,22,14,10,7,7,9,9,20,9,2,7,6,135,90,114,51,1,22,1,9,11,1,0.15,0.222222222,1,2,8,2,4,8,26,21,301,0,0,0
math.analysis.interpolation.BicubicSplineInterpolatingFunction,3.090909091,12,5,34,12.72727273,8,5,5,11,11,22,11,4,7,24,165,88,115,69,1,24,1,11,11,1,0.152777778,2.090909091,5,23,55,22,82,55,45,33,301,0,0,0
math.analysis.interpolation.BicubicSplineInterpolator,6,14,0,18,22.66666667,15.66666667,0,0,3,3,14,3,2,1,6,71,47,68,37,1,17,1,3,11,1,0.125,4,7,12,26,10,178,26,40,20,71,0,0,0
math.fraction.BigFraction,1.759259259,8,37,95,6.685185185,3.888888889,19,18,53,54,64,54,1,53,46,390,210,266,161,2,60,2,47,10,2,0.354847495,0.685185185,12,37,87,32,466,87,85,77,19,14,2,1
math.fraction.BigFractionField,1,1,5,5,2.8,0.8,1,1,4,5,16,5,2,3,0,20,4,13,4,1,18,1,5,11,1,0.138888889,0.8,2,4,0,0,0,0,16,16,0,0,0,0
math.fraction.BigFractionFormat,1.785714286,5,10,25,7.642857143,4.785714286,4,1,8,14,38,14,1,13,18,113,67,74,47,3,43,3,14,24,3,0.233333333,1.428571429,10,20,40,18,125,20,53,47,0,2,0,0
math.util.BigReal,1.064516129,3,30,33,3.193548387,1.129032258,6,6,31,31,40,31,0,31,39,109,35,73,35,1,40,1,29,9,1,0.221717172,0.032258065,5,1,1,1,2,1,41,41,1,4,2,0
math.util.BigRealField,1,1,5,5,2.8,0.8,1,1,4,5,16,5,2,3,0,20,4,13,4,1,18,1,5,11,1,0.138888889,0.8,2,4,0,0,0,0,16,16,0,0,0,0
math.genetics.BinaryChromosome,2.4,5,2,12,7.4,3.8,2,0,4,5,25,5,2,3,5,41,19,29,18,3,27,3,3,20,3,0.384469697,2,6,10,11,8,17,4,32,29,6,6,0,0
math.genetics.BinaryMutation,3,3,0,3,11,8,0,0,1,1,12,1,0,1,1,13,8,10,4,1,14,1,1,11,1,0.083333333,6,7,6,6,5,9,6,16,16,0,0,0,0
math.distribution.BinomialDistributionImpl,1.583333333,3,8,19,5.75,3,10,3,12,12,37,12,4,8,7,83,36,48,29,3,33,3,4,25,3,0.280808081,0.5,9,6,15,5,39,13,74,50,23,10,14,0
math.analysis.solvers.BisectionSolver,1.75,4,3,7,8.25,4.5,11,1,4,4,40,4,1,3,3,37,18,26,14,3,43,3,3,36,3,0.196509009,2.75,3,11,23,11,24,8,68,56,6,14,18,1
math.random.BitsStreamGenerator,1.461538462,4,10,19,5.615384615,3.307692308,1,1,13,13,24,13,1,12,6,76,43,59,29,1,34,1,13,11,1,0.154761905,0.461538462,4,6,10,5,131,10,41,29,8,7,11,0
math.linear.BlockFieldMatrix,3.634615385,8,9,189,19.44230769,14.53846154,8,7,50,52,98,52,3,49,107,1059,756,956,461,2,69,2,20,46,2,0.598392348,4.096153846,15,213,345,135,523,179,127,119,0,140,72,0
math.linear.BlockRealMatrix,3.666666667,8,9,198,19.05555556,14.12962963,7,7,52,54,95,54,3,51,105,1079,763,981,477,3,72,3,27,41,3,0.632683629,2.333333333,15,126,310,96,388,292,141,126,4,219,79,0
math.geometry.partitioning.BoundaryAttribute,1,1,3,3,3.666666667,1.333333333,2,2,3,3,14,3,0,3,2,15,4,10,4,1,16,1,3,11,1,0.125,0,1,0,0,0,0,0,14,14,15,0,0,0
math.geometry.partitioning.BoundarySizeVisitor,1.4,3,4,7,4.4,1.6,1,1,5,5,16,5,0,5,3,25,8,15,7,1,18,1,5,11,1,0.138888889,1.4,5,7,5,5,10,5,19,19,25,0,0,0
math.optimization.univariate.BracketFinder,2.5,16,9,30,11,8,10,10,12,12,23,12,1,11,9,144,96,110,73,1,25,1,12,11,1,0.153846154,0.916666667,8,11,13,9,22,13,40,31,144,0,0,0
math.analysis.solvers.BracketingNthOrderBrentSolver,4.555555556,27,4,41,21.11111111,14.77777778,16,6,9,9,45,9,2,7,25,201,133,146,106,3,48,3,8,36,3,0.231231231,4.555555556,10,41,91,33,133,53,79,65,201,0,0,1
math.dfp.BracketingNthOrderBrentSolverDFP,4.2,29,7,42,19,13.8,6,6,10,10,21,10,1,9,20,198,138,151,104,1,23,1,10,11,1,0.151515152,7.3,10,73,93,58,1406,93,93,43,198,0,0,0
math.optimization.univariate.BrentOptimizer,13.5,24,0,27,74.5,59,11,4,2,2,24,2,1,1,2,156,118,109,75,2,27,2,1,22,2,0.125603865,11,9,22,44,20,54,33,49,38,54,43,4,1
math.analysis.solvers.BrentSolver,3.5,11,4,21,19.83333333,14.5,11,1,6,6,42,6,2,4,10,123,87,88,57,3,45,3,5,36,3,0.217342342,4.833333333,4,29,61,29,62,34,72,59,7,91,50,0
math.optimization.direct.CMAESOptimizer,3.7,30,8,148,15.5,10.85,57,52,18,40,62,40,32,8,68,784,434,645,386,2,65,2,40,22,2,0.216802168,5,24,200,122,50,589,113,133,88,784,0,0,0
math.geometry.euclidean.threed.CardanEulerSingularityException,2,2,0,2,3,1,11,1,1,1,39,1,0,1,1,7,1,4,1,4,44,4,1,38,4,0.133333333,3,1,3,3,1,3,0,39,39,7,0,0,0
math.distribution.CauchyDistributionImpl,1.444444444,4,13,26,5.055555556,2.5,14,5,18,18,39,18,6,12,11,111,45,69,40,3,32,3,7,21,3,0.363636364,0.388888889,6,7,11,4,80,11,81,56,42,23,11,0
math.analysis.function.Cbrt,1,1,1,1,3,1,0,0,1,1,12,1,0,1,1,5,1,3,1,1,14,1,1,11,1,0.083333333,1,1,1,2,1,48,2,13,13,5,0,0,0
math.analysis.function.Ceil,1,1,1,1,3,1,0,0,1,1,12,1,0,1,1,5,1,3,1,1,14,1,1,11,1,0.083333333,1,1,1,2,1,14,2,14,13,5,0,0,0
math.geometry.partitioning.Characterization,1.5,4,5,9,5.166666667,2.666666667,2,2,6,6,17,6,0,6,2,35,16,22,13,1,19,1,6,11,1,0.142857143,0.666666667,1,4,0,0,0,0,17,17,35,0,0,0
math.stat.inference.ChiSquareTestImpl,2.941176471,10,6,50,12.47058824,8,1,1,17,17,28,17,5,12,25,215,136,162,107,1,30,1,17,11,1,0.157407407,2.235294118,11,38,69,23,56,69,46,36,4,49,17,0
math.distribution.ChiSquaredDistributionImpl,1.25,3,13,20,4.3125,1.8125,13,4,16,16,37,16,6,10,9,89,29,50,27,3,30,3,5,21,3,0.353219697,0.375,5,6,6,2,38,3,73,53,24,20,2,0
math.linear.CholeskyDecompositionImpl,2.833333333,9,2,17,11.33333333,7,5,5,6,6,17,6,0,6,4,192,42,181,102,1,19,1,6,11,1,0.142857143,2.666666667,9,16,25,10,42,25,53,25,14,19,14,0
math.genetics.Chromosome,1.8,3,2,9,5.2,2.4,1,1,5,5,16,5,2,3,4,29,12,20,11,1,21,1,5,11,1,0.138888889,0.2,2,1,0,0,0,0,16,16,1,1,0,0
math.genetics.ChromosomePair,1,1,4,4,3.5,1.5,2,2,4,4,14,4,0,4,2,19,6,13,6,1,15,1,3,10,1,0.15530303,0,3,0,0,0,0,0,14,14,0,0,0,0
math.ode.nonstiff.ClassicalRungeKuttaIntegrator,1,1,1,1,4,2,19,3,1,1,35,1,0,1,1,17,2,6,1,3,39,3,1,34,3,0.125,2,1,2,8,2,8,1,92,63,0,0,0,0
math.ode.nonstiff.ClassicalRungeKuttaStepInterpolator,1.25,2,3,5,7.75,5,15,1,4,4,42,4,2,2,3,37,20,26,6,3,44,3,2,38,3,0.183333333,2.25,2,9,2,1,15,0,48,45,0,1,0,0
math.stat.clustering.Cluster,1,1,4,4,3.25,1.25,3,3,4,4,15,4,0,4,2,18,5,13,5,1,17,1,4,11,1,0.133333333,0,0,0,0,0,0,0,15,15,0,0,0,0
math.complex.Complex,2.119047619,6,14,89,8,4.761904762,10,10,40,42,50,42,2,40,20,351,200,224,146,1,49,1,39,8,1,0.253409091,1.404761905,9,59,115,56,1383,115,82,65,66,110,9,4
math.complex.ComplexField,1,1,5,5,2.8,0.8,1,1,4,5,16,5,2,3,0,20,4,13,4,1,18,1,5,11,1,0.138888889,0.8,2,4,0,0,0,0,16,16,0,0,0,0
math.complex.ComplexFormat,1.85,7,14,37,7.95,4.95,4,4,16,20,31,20,1,19,26,165,99,115,76,1,33,1,20,11,1,0.158730159,1.3,13,26,67,25,134,67,52,47,36,36,27,0
math.complex.ComplexUtils,1.5,2,1,3,5,2.5,0,0,1,2,13,2,1,1,2,12,5,7,4,1,15,1,2,11,1,0.111111111,2.5,4,5,10,4,137,10,22,17,0,2,0,0
math.util.CompositeFormat,2.111111111,4,4,19,10.44444444,6.333333333,0,0,1,9,20,9,2,7,18,96,57,66,39,1,22,1,9,11,1,0.15,0,7,0,0,0,0,0,20,20,1,18,0,0
math.optimization.general.ConjugateGradientFormula,1,1,2,2,0,0,4,2,2,2,19,2,0,2,1,4,0,1,0,2,22,2,2,17,2,0.148148148,0,1,0,0,0,0,0,19,19,0,0,0,0
math.analysis.function.Constant,1,1,2,2,3,1,1,1,2,2,13,2,0,2,2,9,2,6,2,1,15,1,2,11,1,0.111111111,0,0,0,0,0,0,0,13,13,9,0,0,0
math.util.ContinuedFraction,2.428571429,11,6,17,11,8,1,1,7,7,18,7,3,4,12,80,56,63,36,1,20,1,7,11,1,0.145833333,1,6,7,9,3,20,9,24,21,25,14,6,0
math.ode.ContinuousOutputModel,3.2,10,6,32,14.9,10.9,6,6,10,10,21,10,1,9,6,158,109,115,72,1,23,1,10,11,1,0.151515152,3.7,6,37,27,11,49,27,27,26,0,11,3,0
math.ConvergenceException,1,1,4,4,3,1,11,1,4,4,42,4,0,4,6,15,4,10,4,4,52,4,4,38,4,0.213333333,0.75,2,3,9,3,11,0,42,42,10,0,0,0
math.exception.ConvergenceException,1,1,2,2,3.5,1,11,1,2,2,43,2,0,2,2,10,2,6,2,6,50,6,2,41,6,0.19047619,1,3,2,4,2,5,3,49,46,10,0,0,0
math.random.CorrelatedRandomVectorGenerator,1.833333333,4,3,11,8.166666667,4.5,4,4,6,6,17,6,0,6,7,56,27,46,26,1,19,1,6,11,1,0.142857143,2,6,12,9,3,160,9,35,19,4,12,66,0
math.analysis.function.Cos,1,1,1,1,3,1,0,0,1,1,12,1,0,1,1,5,1,3,1,1,14,1,1,11,1,0.083333333,1,1,1,2,1,56,2,18,13,5,0,0,0
math.analysis.function.Cosh,1,1,1,1,3,1,0,0,1,1,12,1,0,1,1,5,1,3,1,1,14,1,1,11,1,0.083333333,1,1,1,2,1,35,2,15,13,5,0,0,0
math.stat.correlation.Covariance,1.5,5,11,21,5.928571429,3.428571429,2,2,14,14,25,14,5,9,18,87,48,66,33,1,27,1,14,11,1,0.155555556,1.642857143,9,23,25,11,56,25,68,32,6,2,6,0
math.optimization.fitting.CurveFitter,1.125,2,7,9,4.625,2.25,2,2,8,8,19,8,0,8,12,68,18,49,21,1,24,1,8,11,1,0.148148148,0.75,7,6,9,5,12,9,24,24,6,8,2,0
math.linear.DefaultFieldMatrixChangingVisitor,1,1,4,4,3,0.75,1,1,4,4,15,4,0,4,10,16,3,9,3,1,17,1,4,11,1,0.133333333,0,0,0,0,0,0,0,15,15,0,1,1,0
math.linear.DefaultFieldMatrixPreservingVisitor,1,1,4,4,2.5,0.5,1,1,4,4,15,4,0,4,10,14,2,8,2,1,19,1,4,11,1,0.133333333,0,0,0,0,0,0,0,15,15,0,1,2,0
math.filter.DefaultMeasurementModel,1,1,4,4,4,1.5,2,2,4,4,15,4,0,4,4,20,6,12,5,1,17,1,4,11,1,0.133333333,0.5,2,2,4,2,4,4,33,16,20,0,0,0
math.filter.DefaultProcessModel,1,1,8,8,5.125,2.25,5,5,8,8,19,8,0,8,13,48,18,26,12,1,21,1,8,11,1,0.148148148,1,4,8,16,8,16,16,38,21,48,0,0,0
math.linear.DefaultRealMatrixChangingVisitor,1,1,3,3,3,0.666666667,0,0,3,3,14,3,0,3,9,11,2,6,2,1,16,1,3,11,1,0.125,0,0,0,0,0,0,0,14,14,0,1,1,0
math.linear.DefaultRealMatrixPreservingVisitor,1,1,3,3,2.333333333,0.333333333,0,0,3,3,14,3,0,3,9,9,1,5,1,1,16,1,3,11,1,0.125,0,0,0,0,0,0,0,14,14,0,1,2,0
math.util.DefaultTransformer,2.666666667,4,1,8,8.666666667,5,1,1,3,3,12,3,0,3,3,31,15,18,13,1,12,1,1,9,1,0.143939394,1,8,3,7,2,6,7,17,14,0,3,0,0
math.stat.descriptive.DescriptiveStatistics,1.326530612,5,43,65,4.918367347,2.591836735,15,15,48,49,59,49,0,49,27,259,127,169,99,1,61,1,48,10,1,0.193568336,0.795918367,25,39,48,26,139,48,93,76,8,9,4,0
math.dfp.Dfp,5.161764706,33,32,351,21.76470588,15.61764706,26,26,66,68,76,68,17,51,54,1511,1062,1198,943,1,76,1,65,8,1,0.255050505,2.323529412,8,158,109,68,226,109,84,84,1511,0,0,1
math.dfp.DfpDec,2.736842105,21,16,52,11.21052632,7.631578947,26,0,19,19,84,19,9,10,25,225,145,157,116,2,77,2,9,65,2,0.544444444,7.421052632,4,141,152,85,1317,19,98,98,225,0,0,0
math.dfp.DfpField,1.435897436,8,33,56,6.461538462,4.051282051,34,34,35,39,50,39,4,35,24,298,158,242,129,1,52,1,39,11,1,0.1625,2.435897436,5,95,198,93,5956,198,86,66,298,0,0,0
math.dfp.DfpMath,4.761904762,29,5,100,24.9047619,18.61904762,1,1,1,21,32,21,11,10,26,526,391,422,293,1,34,1,21,11,1,0.159090909,18.23809524,5,383,561,320,8842,561,91,75,526,0,0,0
math.exception.DimensionMismatchException,1,1,3,3,4.333333333,1.333333333,14,2,3,3,44,3,0,3,5,17,4,10,4,7,54,7,3,41,7,0.21875,0.333333333,2,1,4,1,3,0,50,47,17,0,0,0
math.analysis.function.Divide,1,1,1,1,3,1,0,0,1,1,12,1,0,1,2,5,1,3,1,1,14,1,1,11,1,0.083333333,0,0,0,0,0,0,0,12,12,5,0,0,0
math.analysis.interpolation.DividedDifferenceInterpolator,2,3,1,4,11,8,1,1,1,2,13,2,1,1,4,26,16,24,12,1,15,1,2,11,1,0.111111111,1.5,3,3,11,3,27,11,26,15,0,6,5,0
math.ode.nonstiff.DormandPrince54Integrator,1.5,3,3,6,8,4.25,38,10,4,4,55,4,1,3,12,57,17,28,7,4,58,4,2,51,4,0.190356394,3.75,4,15,33,8,57,11,121,89,0,3,0,0
math.ode.nonstiff.DormandPrince54StepInterpolator,1.833333333,5,4,11,12.5,9.166666667,31,17,6,6,42,6,2,4,8,99,55,81,44,3,42,3,2,36,3,0.2,3.166666667,3,19,10,4,29,0,50,47,0,1,0,0
math.ode.nonstiff.DormandPrince853Integrator,1.75,4,3,7,11.5,7.5,48,20,4,4,55,4,1,3,12,125,30,45,10,4,58,4,2,51,4,0.190356394,4,4,16,35,9,55,13,121,89,0,23,0,0
math.ode.nonstiff.DormandPrince853StepInterpolator,3.444444444,7,3,31,19.33333333,14.55555556,60,46,9,9,43,9,3,6,11,255,131,189,91,3,41,3,3,34,3,0.2375,8.666666667,4,78,30,13,96,13,58,51,3,7,0,0
math.exception.util.DummyLocalizable,1,1,4,4,3,1,2,2,4,4,14,4,0,4,2,17,4,11,4,1,15,1,3,10,1,0.15530303,0,2,0,0,0,0,0,14,14,17,0,0,0
math.ode.sampling.DummyStepHandler,1,1,5,5,2.4,0.4,0,0,4,5,16,5,2,3,2,17,2,10,2,1,18,1,5,11,1,0.138888889,0.4,2,2,0,0,0,0,16,16,0,0,3,0
math.ode.sampling.DummyStepInterpolator,1.571428571,3,5,11,5.857142857,3,14,2,7,7,40,7,2,5,8,50,21,34,21,2,39,2,3,33,2,0.202702703,1.714285714,2,12,13,6,100,0,46,43,17,5,0,0
math.linear.EigenDecompositionImpl,3.933333333,33,7,59,15.66666667,10.46666667,10,10,15,15,26,15,3,12,12,366,157,330,211,1,28,1,15,11,1,0.15625,2.933333333,13,44,71,33,105,71,58,40,19,49,15,1
math.genetics.ElitisticListPopulation,1.4,2,3,7,5.4,3,3,1,5,5,26,5,0,5,6,30,15,24,13,2,29,2,5,21,2,0.185185185,1,2,5,9,5,36,2,37,30,1,2,0,0
math.ode.nonstiff.EmbeddedRungeKuttaIntegrator,2.818181818,21,10,31,14,9.272727273,28,9,11,11,53,11,3,8,32,169,102,134,85,3,59,3,10,42,3,0.235024665,5.181818182,10,57,92,27,545,35,114,84,0,38,21,1
math.random.EmpiricalDistributionImpl,1.8125,6,10,29,8.5,5.5,10,10,16,16,27,16,2,14,12,222,88,164,95,1,29,1,16,11,1,0.156862745,2.125,16,34,54,31,142,54,67,49,10,15,1,0
math.special.Erf,3,4,1,9,6,3.333333333,0,0,1,3,14,3,1,2,2,20,10,14,8,1,16,1,3,11,1,0.125,1.333333333,2,4,14,4,59,14,31,17,8,4,0,0
math.geometry.euclidean.oned.Euclidean1D,1,1,5,5,2.8,0.8,1,1,4,5,16,5,2,3,0,20,4,13,4,1,18,1,5,11,1,0.138888889,0.8,3,4,3,1,2,3,19,17,20,0,0,0
math.geometry.euclidean.twod.Euclidean2D,1,1,5,5,2.8,0.8,1,1,4,5,16,5,2,3,0,20,4,13,4,1,18,1,5,11,1,0.138888889,0.6,2,3,1,1,2,1,17,17,20,0,0,0
math.geometry.euclidean.threed.Euclidean3D,1,1,5,5,2.8,0.8,1,1,4,5,16,5,2,3,0,20,4,13,4,1,18,1,5,11,1,0.138888889,0.6,2,3,1,1,2,1,17,17,20,0,0,0
math.stat.clustering.EuclideanIntegerPoint,2.428571429,5,3,17,7.857142857,4.428571429,2,2,7,7,15,7,0,7,4,62,31,51,30,1,14,1,4,8,1,0.224242424,0.142857143,5,1,3,1,9,3,17,16,0,1,0,0
math.ode.nonstiff.EulerIntegrator,1,1,1,1,3,1,19,3,1,1,35,1,0,1,1,12,1,6,1,3,39,3,1,34,3,0.125,2,1,2,8,2,8,1,92,63,0,0,0,0
math.ode.nonstiff.EulerStepInterpolator,1.25,2,3,5,4,1.25,15,1,4,4,42,4,2,2,3,22,5,13,6,3,44,3,2,38,3,0.183333333,2,3,8,2,1,15,0,48,45,0,1,0,0
math.ode.events.EventException,1,1,2,2,3,1,11,1,2,2,40,2,0,2,3,9,2,6,2,4,45,4,2,38,4,0.177777778,1,1,2,5,2,7,0,40,40,0,1,0,0
math.ode.events.EventState,2.636363636,12,6,29,14.36363636,10.18181818,14,14,11,11,22,11,0,11,13,184,112,126,77,1,24,1,11,11,1,0.152777778,4.727272727,17,52,48,17,149,48,41,30,51,36,21,0
math.exception.util.ExceptionContext,1.625,4,11,26,7.4375,4.0625,4,4,16,16,27,16,8,8,17,125,65,96,49,1,29,1,16,11,1,0.156862745,0.125,6,2,2,1,16,2,28,28,125,0,0,0
math.analysis.function.Exp,1,1,1,1,3,1,0,0,1,1,12,1,0,1,1,5,1,3,1,1,14,1,1,11,1,0.083333333,1,1,1,2,1,2,2,14,13,5,0,0,0
math.analysis.function.Expm1,1,1,1,1,3,1,0,0,1,1,12,1,0,1,1,5,1,3,1,1,14,1,1,11,1,0.083333333,1,1,1,2,1,2,2,15,13,5,0,0,0
math.distribution.ExponentialDistributionImpl,1.411764706,3,11,24,4.764705882,2.294117647,13,4,17,17,37,17,6,11,9,101,39,59,34,3,29,3,5,20,3,0.388888889,0.411764706,8,7,15,6,37,15,77,55,37,16,3,0
math.distribution.FDistributionImpl,1.470588235,3,11,25,6.294117647,3.529411765,14,5,17,17,38,17,6,11,11,128,60,74,36,3,31,3,6,21,3,0.359172078,0.588235294,7,10,26,10,54,23,86,57,67,17,15,0
math.transform.FastCosineTransformer,1.4,5,9,14,7.9,4.6,0,0,10,10,21,10,1,9,21,81,46,59,30,1,23,1,10,11,1,0.151515152,2.2,8,22,47,19,220,47,60,32,0,9,0,0
math.transform.FastFourierTransformer,2.208333333,11,14,53,10.375,6.375,2,2,17,24,35,24,3,21,46,424,153,321,192,1,37,1,24,11,1,0.16,3.041666667,10,73,126,66,503,126,71,54,1,32,12,0
math.transform.FastHadamardTransformer,2.142857143,5,5,15,10.57142857,6.285714286,0,0,7,7,18,7,2,5,13,76,44,60,31,1,20,1,7,11,1,0.145833333,1.428571429,6,10,26,8,60,26,23,22,0,4,0,0
math.util.FastMath,4.913580247,31,21,398,26.95061728,21.28395062,29,29,1,81,92,81,24,57,119,2298,1724,1867,1306,1,94,1,81,11,1,0.164634146,0.024691358,5,2,0,0,0,0,92,92,2298,0,0,1
math.transform.FastSineTransformer,1.4,5,9,14,7.6,4.5,0,0,10,10,21,10,1,9,21,78,45,58,31,1,23,1,10,11,1,0.151515152,1.9,8,19,44,17,165,44,60,31,0,8,0,0
math.linear.FieldLUDecompositionImpl,4.285714286,13,2,30,16.71428571,11.57142857,8,8,7,7,18,7,0,7,1,259,81,255,154,1,20,1,7,11,1,0.145833333,4.285714286,8,30,20,5,16,20,30,21,1,13,12,0
math.stat.descriptive.moment.FirstMoment,1.125,2,7,9,5.875,3.625,6,5,7,8,34,8,0,8,4,59,29,43,27,3,38,3,5,26,3,0.242816092,0.5,4,4,7,4,14,4,58,47,4,1,0,0
math.ode.FirstOrderConverter,1,1,3,3,6,3.666666667,5,5,3,3,14,3,0,3,4,25,11,20,11,1,16,1,3,11,1,0.125,0.666666667,3,2,0,0,0,0,14,14,0,1,0,0
math.genetics.FixedGenerationCount,1.666666667,2,1,5,5.333333333,2.666666667,2,2,3,3,14,3,0,3,2,20,8,14,8,1,16,1,3,11,1,0.125,0,2,0,0,0,0,0,14,14,1,1,0,0
math.analysis.function.Floor,1,1,1,1,3,1,0,0,1,1,12,1,0,1,1,5,1,3,1,1,14,1,1,11,1,0.083333333,1,1,1,2,1,16,2,13,13,5,0,0,0
math.stat.descriptive.moment.FourthMoment,1.142857143,2,6,8,5.857142857,3.571428571,13,2,6,7,46,7,0,7,4,49,25,34,20,6,50,6,4,39,6,0.363492063,2.571428571,4,18,12,7,37,4,76,61,3,1,0,0
math.fraction.Fraction,2.266666667,10,19,68,8.866666667,5.633333333,18,17,29,30,40,30,2,28,27,294,169,196,116,2,36,2,23,10,2,0.350217865,1.3,10,39,92,32,360,92,56,51,6,24,19,0
math.fraction.FractionConversionException,1,1,2,2,3,1,12,1,2,2,44,2,0,2,5,9,2,6,2,5,50,5,2,42,5,0.185185185,1,1,2,0,0,0,0,44,44,0,2,0,0
math.fraction.FractionField,1,1,5,5,2.8,0.8,1,1,4,5,16,5,2,3,0,20,4,13,4,1,18,1,5,11,1,0.138888889,0.8,2,4,0,0,0,0,16,16,0,0,0,0
math.fraction.FractionFormat,1.571428571,5,11,22,7,4.357142857,4,1,7,14,37,14,1,13,16,104,61,65,41,3,41,3,13,23,3,0.579365079,1.785714286,10,25,47,22,129,23,61,47,0,3,0,0
math.stat.Frequency,1.862068966,10,20,54,6.689655172,3.862068966,2,2,29,29,37,29,0,29,25,209,112,140,85,1,36,1,26,8,1,0.251402918,0.068965517,15,2,3,1,7,3,38,38,4,12,29,0
math.analysis.FunctionUtils,1,1,9,9,8.444444444,4.555555556,0,0,1,9,20,9,1,8,15,78,41,52,27,1,22,1,9,11,1,0.15,0,4,0,0,0,0,0,20,20,78,0,0,0
math.stat.regression.GLSMultipleLinearRegression,1.166666667,2,5,7,5.666666667,3.5,5,2,6,6,33,6,5,1,4,41,21,30,13,2,33,2,3,27,2,0.311111111,5.833333333,7,35,22,12,75,11,82,45,0,1,0,0
math.special.Gamma,2.875,7,3,23,12.875,8.25,6,6,1,8,19,8,1,7,15,127,66,77,47,1,21,1,8,11,1,0.148148148,1.25,5,10,22,10,85,22,33,24,4,16,11,0
math.distribution.GammaDistributionImpl,1.470588235,3,11,25,5.235294118,2.529411765,14,5,17,17,38,17,6,11,11,109,43,65,38,3,31,3,6,21,3,0.359172078,0.470588235,7,8,21,8,186,18,87,57,44,18,16,0
math.optimization.general.GaussNewtonOptimizer,6,11,1,12,27,20,17,1,2,2,35,2,0,2,2,58,40,52,25,3,39,3,2,33,3,0.166666667,14,12,28,19,12,98,14,88,55,6,8,0,0
math.analysis.function.Gaussian,1.166666667,2,5,7,6.333333333,3,3,3,5,6,17,6,1,5,9,73,18,49,23,1,19,1,6,11,1,0.142857143,0.5,3,3,6,3,6,6,27,20,73,0,0,0
math.optimization.fitting.GaussianFitter,1,1,3,3,10.33333333,6.666666667,2,0,3,3,22,3,0,3,2,159,20,106,68,2,25,2,3,19,2,0.166666667,1.666666667,3,5,9,5,22,3,47,29,159,0,0,1
math.random.GaussianRandomGenerator,1,1,2,2,3,1,1,1,2,2,13,2,0,2,1,9,2,6,2,1,15,1,2,11,1,0.111111111,0.5,1,1,0,0,0,0,13,13,0,0,0,0
math.genetics.GeneticAlgorithm,1.636363636,5,8,18,6.272727273,3.363636364,7,7,9,11,22,11,0,11,9,78,37,54,31,1,24,1,11,11,1,0.152777778,1.909090909,9,21,9,7,16,9,25,25,0,0,0,0
math.stat.descriptive.moment.GeometricMean,1.153846154,2,11,15,4.461538462,2.076923077,3,2,12,13,38,13,1,12,9,67,27,39,22,3,38,3,9,25,3,0.354310345,1.307692308,8,17,15,8,28,12,67,54,4,4,0,0
math.ode.nonstiff.GillIntegrator,1,1,1,1,3,1,19,3,1,1,35,1,0,1,1,16,1,6,1,3,39,3,1,34,3,0.125,2,2,2,8,2,8,1,92,63,0,3,0,0
math.ode.nonstiff.GillStepInterpolator,1.25,2,3,5,9.25,6.5,17,3,4,4,42,4,2,2,3,45,26,34,6,3,44,3,2,38,3,0.183333333,2.25,3,9,2,1,15,0,48,45,0,3,0,0
math.optimization.GoalType,1,1,2,2,0,0,4,2,2,2,19,2,0,2,1,4,0,1,0,2,22,2,2,17,2,0.148148148,0,1,0,0,0,0,0,19,19,0,0,0,0
math.ode.nonstiff.GraggBulirschStoerIntegrator,8,60,4,104,36.61538462,26.61538462,38,19,13,13,53,13,4,9,48,500,346,390,274,3,54,3,10,40,3,0.250528541,8.230769231,13,107,191,61,1186,105,117,90,10,50,53,0
math.ode.nonstiff.GraggBulirschStoerStepInterpolator,3.8,8,3,38,18.6,13.3,20,8,10,10,43,10,3,7,15,201,133,174,104,2,42,2,6,33,2,0.226512227,2.9,3,29,16,7,91,4,50,47,0,4,1,0
math.optimization.fitting.HarmonicFitter,1,1,3,3,3,1,2,0,3,3,22,3,0,3,2,125,3,108,51,2,25,2,3,19,2,0.166666667,1.666666667,4,5,9,5,18,3,52,29,86,28,16,0
math.analysis.function.HarmonicOscillator,1,1,4,4,5.25,2.25,3,3,3,4,15,4,1,3,6,51,9,35,15,1,17,1,4,11,1,0.133333333,0.25,1,1,2,1,56,2,21,16,51,0,0,0
math.ode.nonstiff.HighamHall54Integrator,1.75,4,3,7,8.25,4.25,33,5,4,4,55,4,1,3,12,55,17,27,10,4,58,4,2,51,4,0.190356394,3.75,4,15,33,8,47,11,121,89,0,3,0,0
math.ode.nonstiff.HighamHall54StepInterpolator,1.25,2,3,5,8.75,6,15,1,4,4,42,4,2,2,3,41,24,30,7,3,44,3,2,38,3,0.183333333,4,2,16,3,2,19,0,48,45,0,1,0,0
math.distribution.HypergeometricDistributionImpl,1.611111111,6,13,29,7,4.055555556,11,4,18,18,44,18,9,9,26,140,73,84,46,3,41,3,11,26,3,0.299873737,0.888888889,8,16,44,14,113,44,80,62,35,31,36,0
math.analysis.function.Identity,1,1,1,1,3,1,0,0,1,1,12,1,0,1,1,5,1,3,1,1,14,1,1,11,1,0.083333333,0,0,0,0,0,0,0,12,12,5,0,0,0
math.analysis.solvers.IllinoisSolver,1,1,4,4,3.75,1,13,0,4,4,47,4,0,4,6,17,4,9,4,4,52,4,4,43,4,0.213333333,1.25,0,5,15,4,16,0,76,64,17,0,0,0
math.util.Incrementor,1.333333333,2,4,8,3.666666667,1.333333333,2,2,6,6,17,6,0,6,2,26,8,19,9,1,19,1,6,11,1,0.142857143,0.166666667,1,1,2,1,2,2,22,18,26,0,0,0
math.ode.IntegratorException,1,1,2,2,3,1,11,1,2,2,40,2,0,2,3,10,2,6,2,4,45,4,2,38,4,0.177777778,1,1,2,5,2,7,0,40,40,0,3,0,0
math.geometry.euclidean.oned.Interval,1,1,5,5,3.2,1.2,2,2,5,5,16,5,0,5,2,20,6,14,6,1,18,1,5,11,1,0.138888889,0,0,0,0,0,0,0,16,16,20,0,0,0
math.geometry.euclidean.oned.IntervalsSet,2.636363636,6,6,29,9.909090909,6.363636364,3,0,10,11,42,11,3,8,11,111,70,67,37,2,44,2,10,31,2,0.212436869,6.909090909,8,76,123,71,246,92,102,77,111,0,0,0
math.genetics.InvalidRepresentationException,1,1,1,1,4,1,11,1,1,1,40,1,0,1,2,7,1,4,1,6,47,6,1,39,6,0.142857143,1,1,1,3,1,2,0,46,43,0,4,8,0
math.analysis.function.Inverse,1,1,1,1,3,1,0,0,1,1,12,1,0,1,1,5,1,3,1,1,14,1,1,11,1,0.083333333,0,0,0,0,0,0,0,12,12,5,0,0,0
math.linear.InvertibleRealLinearOperator,2,3,1,4,6.5,4,0,0,2,2,17,2,0,2,2,15,8,9,5,2,20,2,2,15,2,0.148148148,3,3,6,9,5,12,7,27,20,15,0,0,0
math.random.JDKRandomGenerator,1.5,2,1,3,5.5,3,1,1,2,2,13,2,0,2,2,14,6,11,4,2,16,2,2,11,2,0.148148148,1,0,2,0,0,0,0,13,13,0,0,0,0
math.stat.clustering.KMeansPlusPlusClusterer,5.6,17,2,56,22.9,16,2,2,7,10,21,10,6,4,21,242,160,194,111,1,23,1,10,11,1,0.151515152,4.6,11,46,50,32,98,50,43,31,168,32,2,1
math.filter.KalmanFilter,1.916666667,9,9,23,10.16666667,7.166666667,9,9,12,12,23,12,0,12,6,133,86,82,52,1,25,1,12,11,1,0.153846154,8.25,14,99,56,22,73,56,58,34,133,0,0,0
math.distribution.KolmogorovSmirnovDistributionImpl,4.571428571,15,2,32,16.57142857,11,2,2,7,7,18,7,3,4,11,120,77,107,65,1,20,1,7,11,1,0.145833333,4.142857143,14,29,33,12,66,33,45,27,120,0,0,0
math.stat.descriptive.moment.Kurtosis,1.6,3,6,16,8,5.1,4,3,9,10,35,10,0,10,8,90,51,59,32,3,35,3,6,25,3,0.343596059,3.1,11,31,41,20,452,30,85,58,4,7,0,0
math.linear.LUDecompositionImpl,3.875,13,3,31,15.25,10.5,8,8,8,8,19,8,0,8,3,255,84,252,152,1,21,1,8,11,1,0.148148148,2.125,8,17,22,8,18,22,36,23,4,18,12,0
math.analysis.solvers.LaguerreSolver,2.5,6,4,15,10.66666667,6.5,13,2,6,6,44,6,0,6,10,167,39,135,76,3,47,3,5,38,3,0.216880342,4,6,24,57,24,156,33,91,66,9,143,33,0
math.optimization.LeastSquaresConverter,3.25,8,1,13,13,8.25,4,4,4,4,15,4,0,4,9,58,33,47,31,1,17,1,4,11,1,0.133333333,2,5,8,9,3,6,9,21,16,0,6,7,0
math.analysis.integration.LegendreGaussIntegrator,3.666666667,5,0,11,21.33333333,16,18,10,3,3,31,3,1,2,9,112,48,60,33,2,34,2,3,28,2,0.166666667,7.333333333,8,22,33,14,193,23,45,39,0,30,7,0
math.optimization.general.LevenbergMarquardtOptimizer,12.25,36,3,98,57,43.25,29,13,8,8,40,8,5,3,19,472,346,460,292,3,43,3,7,32,3,0.22885101,16.375,9,131,86,38,284,81,91,61,41,75,22,2
math.geometry.euclidean.threed.Line,1.181818182,2,9,13,4.363636364,2.181818182,2,2,11,11,22,11,0,11,10,52,24,38,16,1,24,1,11,11,1,0.152777778,2,6,22,56,21,70,56,52,35,185,0,0,0
math.geometry.euclidean.twod.Line,1.192307692,2,21,31,4.807692308,2.653846154,4,4,25,26,37,26,1,25,27,185,69,136,67,1,39,1,26,11,1,0.160493827,2.115384615,11,55,77,44,693,77,70,52,185,0,0,0
math.optimization.linear.LinearConstraint,1.272727273,3,9,14,5.818181818,2.818181818,4,4,11,11,20,11,2,9,19,72,31,45,26,1,20,1,9,9,1,0.210606061,0.454545455,8,5,14,4,40,14,29,24,1,1,5,0
math.analysis.interpolation.LinearInterpolator,5,5,0,5,23,17,0,0,1,1,12,1,0,1,2,25,17,22,14,1,14,1,1,11,1,0.083333333,5,6,5,15,5,40,15,29,17,25,0,0,0
math.optimization.linear.LinearObjectiveFunction,1.2,3,9,12,4.2,1.8,3,3,10,10,19,10,2,8,9,49,18,32,17,1,19,1,8,9,1,0.208754209,0.5,6,5,11,3,34,11,28,22,1,1,5,0
math.genetics.ListPopulation,1.454545455,3,8,16,4.636363636,2.181818182,2,2,11,11,21,11,0,11,6,56,24,38,22,1,23,1,10,10,1,0.181818182,0.636363636,6,7,13,4,10,13,30,24,1,3,0,0
math.exception.util.LocalizedFormats,1.4,3,4,7,3.4,1.6,229,227,5,5,22,5,1,4,4,246,8,12,6,2,25,2,5,17,2,0.185185185,0,1,0,0,0,0,0,22,22,246,0,0,0
math.analysis.interpolation.LoessInterpolator,3.3,17,3,33,16,11.3,7,7,6,10,21,10,4,6,20,170,113,138,76,1,23,1,10,11,1,0.151515152,1.8,11,18,39,15,88,39,46,31,4,27,32,0
math.analysis.function.Log,1,1,1,1,3,1,0,0,1,1,12,1,0,1,1,5,1,3,1,1,14,1,1,11,1,0.083333333,1,1,1,2,1,2,2,14,13,5,0,0,0
math.analysis.function.Log10,1,1,1,1,3,1,0,0,1,1,12,1,0,1,1,5,1,3,1,1,14,1,1,11,1,0.083333333,1,1,1,2,1,12,2,14,13,5,0,0,0
math.analysis.function.Log1p,1,1,1,1,3,1,0,0,1,1,12,1,0,1,1,5,1,3,1,1,14,1,1,11,1,0.083333333,1,1,1,2,1,24,2,14,13,5,0,0,0
math.analysis.function.Logistic,1.25,2,3,5,9.75,4.5,6,6,3,4,15,4,1,3,13,85,18,57,24,1,17,1,4,11,1,0.133333333,0.75,2,3,7,3,127,7,26,18,85,0,0,0
math.analysis.function.Logit,1.2,2,4,6,5.2,2.2,2,2,4,5,16,5,1,4,6,50,11,32,17,1,18,1,5,11,1,0.138888889,0.4,2,2,6,2,4,6,24,18,50,0,0,0
math.stat.inference.MannWhitneyUTestImpl,1.714285714,5,5,12,8.714285714,5.285714286,1,1,7,7,18,7,3,4,13,64,37,44,21,1,20,1,7,11,1,0.145833333,1.285714286,8,9,18,7,92,18,60,24,64,0,0,0
math.exception.MathArithmeticException,1,1,5,5,3.2,1,9,2,5,5,38,5,0,5,2,23,5,13,5,5,42,5,3,33,5,0.227380952,0.8,5,4,8,4,10,8,44,41,23,0,0,0
math.MathConfigurationException,1,1,6,6,3,1,11,1,6,6,44,6,0,6,11,21,6,14,6,4,49,4,6,38,4,0.228571429,1,3,6,14,6,18,4,45,45,6,0,0,0
math.MathException,1.307692308,2,9,17,4.076923077,1.846153846,10,4,13,13,38,13,0,13,13,63,24,42,23,3,49,3,9,25,3,0.270977011,0.230769231,6,3,0,0,0,0,38,38,4,20,4,0
math.exception.MathIllegalArgumentException,1,1,4,4,3.25,1,10,2,4,4,39,4,0,4,2,20,4,11,4,5,67,5,2,35,5,0.203203203,0.75,4,3,5,3,7,5,45,42,20,0,0,0
math.exception.MathIllegalNumberException,1,1,2,2,4.5,1.5,12,2,2,2,41,2,1,1,3,13,3,8,3,6,59,6,2,39,6,0.19047619,0.5,2,1,3,1,2,0,47,44,13,0,0,0
math.exception.MathIllegalStateException,1,1,6,6,3.666666667,1.166666667,10,2,6,6,41,6,0,6,5,29,7,16,7,5,50,5,4,35,5,0.24024024,0.666666667,5,4,8,4,10,8,47,44,29,0,0,0
math.exception.MathInternalError,1,1,2,2,3,1,12,2,2,2,43,2,0,2,1,10,2,7,2,6,50,6,2,41,6,0.19047619,2.5,3,5,8,3,8,3,49,46,10,0,0,0
math.exception.MathParseException,1,1,2,2,5.5,2,11,1,2,2,43,2,0,2,5,15,4,6,2,6,50,6,2,41,6,0.19047619,2,5,4,8,4,10,6,49,46,15,0,0,0
math.MathRuntimeException,1.166666667,2,20,28,7.958333333,4.625,11,4,12,24,53,24,1,23,36,201,111,113,53,4,55,4,20,29,4,0.294372294,0.083333333,10,2,0,0,0,0,53,53,7,37,22,0
math.exception.MathUnsupportedOperationException,1,1,5,5,3.2,1,10,2,5,5,40,5,0,5,2,23,5,13,5,5,44,5,3,35,5,0.226351351,0.6,5,3,5,3,7,5,46,43,23,0,0,0
math.exception.MathUserException,1,1,8,8,3.625,1.25,9,2,8,8,39,8,0,8,7,36,10,21,10,4,42,4,6,31,4,0.248773449,0.875,5,7,16,7,18,16,45,43,36,0,0,0
math.util.MathUtils,3.161290323,17,32,294,12.21505376,8.107526882,13,13,1,93,104,93,4,89,191,1162,754,843,507,1,106,1,93,11,1,0.164893617,1.505376344,21,140,270,114,859,270,138,131,440,122,84,1
math.linear.MatrixDimensionMismatchException,1,1,5,5,4,1.4,14,1,5,5,50,5,0,5,4,23,7,12,5,7,58,7,5,45,7,0.243055556,1,2,5,12,5,12,0,56,53,23,0,0,0
math.linear.MatrixUtils,2.935483871,8,4,91,10.90322581,6.612903226,0,0,1,31,42,31,1,30,59,380,205,267,163,1,44,1,31,11,1,0.161458333,4.290322581,35,133,108,44,142,108,96,65,84,35,83,0
math.analysis.function.Max,1,1,1,1,3,1,0,0,1,1,12,1,0,1,2,5,1,3,1,1,14,1,1,11,1,0.083333333,1,1,1,3,1,15,3,13,13,4,1,0,0
math.stat.descriptive.rank.Max,1.555555556,5,7,14,5.333333333,2.777777778,4,3,8,9,34,9,0,9,7,58,25,40,24,3,34,3,5,25,3,0.337643678,0.555555556,4,5,11,5,16,4,59,47,4,1,0,0
math.exception.MaxCountExceededException,1,1,3,3,4,1.333333333,12,2,3,3,44,3,0,3,4,16,4,10,4,6,52,6,3,41,6,0.214285714,0.666666667,4,2,4,2,5,3,50,47,16,0,0,0
math.MaxEvaluationsExceededException,1,1,3,3,4,1.666666667,13,2,3,3,45,3,0,3,4,16,5,11,5,5,51,5,3,42,5,0.208333333,0.666666667,2,2,3,1,2,0,45,45,0,2,0,0
math.stat.descriptive.moment.Mean,1.5,3,8,18,5.833333333,3.166666667,4,3,11,12,37,12,0,12,14,81,38,58,31,3,37,3,8,25,3,0.351532567,1.416666667,6,17,37,16,82,25,71,58,4,1,0,0
math.stat.descriptive.rank.Median,1,1,2,2,3,1,7,1,2,2,36,2,0,2,1,9,2,6,2,3,40,3,2,34,3,0.166666667,1,0,2,4,2,5,0,56,48,0,0,0,0
math.random.MersenneTwister,2.75,11,5,22,11.125,7.75,7,6,8,8,28,8,1,7,7,101,62,89,57,2,27,2,4,20,2,0.233333333,0.25,3,2,3,1,2,3,47,35,0,1,0,0
math.analysis.interpolation.MicrosphereInterpolatingFunction,5.666666667,9,1,17,22.33333333,14.33333333,4,4,3,3,14,3,1,2,8,102,43,77,44,1,16,1,3,11,1,0.125,7.333333333,9,22,31,18,183,31,38,28,9,7,0,0
math.analysis.interpolation.MicrosphereInterpolator,1.666666667,3,2,5,7.666666667,4,4,4,3,3,14,3,0,3,4,30,12,17,8,1,16,1,3,11,1,0.125,1.333333333,5,4,12,4,46,12,37,18,6,7,17,0
math.ode.nonstiff.MidpointIntegrator,1,1,1,1,3,1,19,3,1,1,35,1,0,1,1,14,1,6,1,3,39,3,1,34,3,0.125,2,1,2,8,2,8,1,92,63,0,0,0,0
math.ode.nonstiff.MidpointStepInterpolator,1.25,2,3,5,5.5,2.75,15,1,4,4,42,4,2,2,3,28,11,19,6,3,44,3,2,38,3,0.183333333,1.75,2,7,2,1,15,0,48,45,0,1,0,0
math.stat.regression.MillerUpdatingRegression,6.291666667,20,6,151,32.45833333,23.20833333,19,19,24,24,35,24,11,13,26,801,557,706,506,1,37,1,24,11,1,0.16,1.458333333,9,35,91,21,156,91,46,40,801,0,0,0
math.analysis.function.Min,1,1,1,1,3,1,0,0,1,1,12,1,0,1,2,5,1,3,1,1,14,1,1,11,1,0.083333333,1,1,1,3,1,15,3,13,13,4,1,0,0
math.stat.descriptive.rank.Min,1.555555556,5,7,14,5.333333333,2.777777778,4,3,8,9,34,9,0,9,7,58,25,40,24,3,34,3,5,25,3,0.337643678,0.555555556,4,5,11,5,16,4,59,47,4,1,0,0
math.analysis.function.Minus,1,1,1,1,3,1,0,0,1,1,12,1,0,1,1,5,1,3,1,1,14,1,1,11,1,0.083333333,0,0,0,0,0,0,0,12,12,5,0,0,0
math.stat.regression.ModelSpecificationException,1,1,1,1,4,1,11,1,1,1,40,1,0,1,2,7,1,4,1,6,47,6,1,39,6,0.142857143,1,1,1,3,1,2,0,46,43,7,0,0,0
math.analysis.solvers.MullerSolver,3.6,10,3,18,17.2,13.2,11,1,5,5,41,5,2,3,7,90,66,70,33,3,44,3,4,36,3,0.209009009,6.2,4,31,63,31,88,23,71,59,18,31,84,0
math.analysis.solvers.MullerSolver2,3.25,10,3,13,18,13.25,11,1,4,4,40,4,1,3,3,76,53,58,29,3,43,3,3,36,3,0.196509009,6.25,4,25,50,25,67,29,70,59,76,0,0,0
math.exception.MultiDimensionMismatchException,1,1,6,6,3.833333333,1.333333333,13,3,6,6,45,6,0,6,7,28,8,18,8,6,53,6,6,39,6,0.244897959,0.166666667,3,1,3,1,2,0,51,48,28,0,0,0
math.optimization.direct.MultiDirectionalSimplex,1.4,3,8,14,7.1,3.7,7,4,10,10,34,10,1,9,24,78,37,54,28,2,36,2,9,24,2,0.213333333,1.5,5,15,30,15,125,6,53,46,78,0,0,0
math.optimization.MultiStartDifferentiableMultivariateRealOptimizer,1,1,1,1,5,1,6,0,1,1,19,1,0,1,3,9,1,3,1,2,22,2,1,18,2,0.111111111,1,1,1,4,1,12,0,30,23,1,1,93,0
math.optimization.MultiStartDifferentiableMultivariateVectorialOptimizer,1,1,1,1,6,1,6,0,1,1,19,1,0,1,3,10,1,3,1,2,22,2,1,18,2,0.111111111,1,1,1,4,1,12,0,30,23,1,1,100,0
math.optimization.MultiStartMultivariateRealOptimizer,1,1,1,1,5,1,6,0,1,1,19,1,0,1,3,9,1,3,1,2,22,2,1,18,2,0.111111111,1,1,1,4,1,12,0,30,23,1,1,86,0
math.optimization.univariate.MultiStartUnivariateRealOptimizer,1.777777778,5,6,16,8.444444444,4.777777778,6,6,9,9,20,9,1,8,17,85,43,56,34,1,22,1,9,11,1,0.15,0.888888889,9,8,6,3,6,6,30,23,85,0,0,2
math.util.MultidimensionalCounter,2.25,4,4,18,9.375,6.125,5,5,8,8,18,8,0,8,3,121,49,100,60,1,19,1,7,10,1,0.176136364,0.75,8,6,16,6,12,16,33,23,121,0,0,1
math.analysis.function.Multiply,1,1,1,1,3,1,0,0,1,1,12,1,0,1,2,5,1,3,1,1,14,1,1,11,1,0.083333333,0,0,0,0,0,0,0,12,12,5,0,0,0
math.ode.MultistepIntegrator,1.153846154,2,11,15,5.769230769,3,27,8,13,13,56,13,5,8,27,158,39,103,59,3,63,3,13,43,3,0.232142857,1.384615385,11,18,45,12,425,33,123,88,21,32,9,0
math.stat.descriptive.MultivariateSummaryStatistics,1.361111111,4,27,49,6.055555556,3.638888889,11,11,36,36,44,36,5,31,20,235,131,180,117,1,44,1,33,8,1,0.252673797,1.305555556,20,47,63,30,214,63,80,60,2,33,10,0
math.stat.ranking.NaNStrategy,1,1,2,2,0,0,6,4,2,2,19,2,0,2,1,6,0,1,0,2,22,2,2,17,2,0.148148148,0,1,0,0,0,0,0,19,19,0,0,0,0
math.stat.ranking.NaturalRanking,2.875,11,8,46,11.6875,8.1875,5,5,16,16,27,16,7,9,20,211,131,162,110,1,29,1,16,11,1,0.156862745,2.5625,11,41,40,28,60,40,38,34,0,4,0,0
math.optimization.direct.NelderMeadSimplex,2.666666667,16,8,24,13.33333333,8.222222222,11,8,9,9,33,9,0,9,28,131,74,105,60,2,35,2,8,24,2,0.210864198,3.333333333,5,30,65,26,204,24,53,46,131,0,0,0
math.geometry.euclidean.twod.NestedLoops,3.166666667,7,2,19,11.83333333,7.5,4,4,6,6,17,6,3,3,4,77,45,62,35,1,19,1,6,11,1,0.142857143,3,13,18,25,12,28,25,64,25,77,0,0,0
math.analysis.interpolation.NevilleInterpolator,1,1,1,1,3,1,1,1,1,1,12,1,0,1,2,7,1,4,1,1,14,1,1,11,1,0.083333333,1,1,1,3,1,10,3,23,13,0,1,1,0
math.analysis.solvers.NewtonSolver,1.5,3,3,6,5.75,2.75,12,1,4,4,41,4,1,3,5,28,11,18,8,3,44,3,3,37,3,0.19627193,2,4,8,17,8,18,5,69,57,0,21,22,0
math.exception.NoBracketingException,1,1,6,6,4.333333333,1.666666667,15,5,6,6,45,6,0,6,10,33,10,22,10,6,52,6,6,39,6,0.244897959,0.333333333,2,2,3,1,2,0,51,48,33,0,0,0
math.exception.NoDataException,1,1,2,2,3,1,11,1,2,2,41,2,0,2,1,9,2,6,2,6,48,6,2,39,6,0.19047619,0.5,2,1,3,1,2,0,47,44,9,0,0,0
math.optimization.linear.NoFeasibleSolutionException,1,1,1,1,3,1,13,1,1,1,45,1,0,1,0,6,1,4,1,6,52,6,1,44,6,0.142857143,2,1,2,3,1,2,0,45,45,0,1,0,0
math.optimization.general.NonLinearConjugateGradientOptimizer,4.166666667,17,3,25,17.83333333,12.33333333,11,5,6,6,31,6,2,4,7,139,74,119,67,3,34,3,5,25,3,0.221153846,3.833333333,16,23,23,12,44,12,57,46,34,34,37,0
math.exception.NonMonotonousSequenceException,1.5,4,5,9,5.833333333,2.833333333,17,5,6,6,47,6,0,6,8,42,17,22,10,7,55,7,6,41,7,0.25,0.5,4,3,4,1,3,0,53,50,42,0,0,0
math.linear.NonPositiveDefiniteLinearOperatorException,1,1,1,1,3,1,10,0,1,1,40,1,0,1,0,6,1,3,1,6,47,6,1,39,6,0.142857143,1,1,1,3,1,2,0,46,43,6,0,0,0
math.linear.NonPositiveDefiniteMatrixException,1,1,4,4,3.75,1.5,13,3,4,4,43,4,0,4,2,20,6,14,6,6,50,6,4,39,6,0.228571429,0.25,1,1,3,1,2,0,49,46,20,0,0,0
math.linear.NonSelfAdjointLinearOperatorException,1,1,1,1,3,1,10,0,1,1,40,1,0,1,0,6,1,3,1,6,47,6,1,39,6,0.142857143,1,1,1,3,1,2,0,46,43,6,0,0,0
math.linear.NonSquareLinearOperatorException,1,1,1,1,3,1,15,1,1,1,45,1,0,1,2,6,1,4,1,8,54,8,1,44,8,0.148148148,1,1,1,4,1,3,0,51,48,6,0,0,0
math.linear.NonSquareMatrixException,1,1,1,1,4,1,15,1,1,1,45,1,0,1,2,7,1,4,1,8,54,8,1,44,8,0.148148148,2,1,2,4,1,3,0,51,48,0,5,0,0
math.linear.NonSymmetricMatrixException,1,1,4,4,4.25,1.75,14,4,4,4,43,4,0,4,3,23,7,16,7,6,50,6,4,39,6,0.228571429,0.25,1,1,3,1,2,0,49,46,23,0,0,0
math.ode.sampling.NordsieckStepInterpolator,2.8,6,5,28,12.5,8.4,18,6,10,10,42,10,2,8,12,138,84,111,70,2,40,2,5,32,2,0.23023023,2.5,5,25,25,13,257,9,71,49,0,2,0,0
math.distribution.NormalDistributionImpl,1.473684211,3,13,28,5.052631579,2.473684211,15,6,19,19,39,19,6,13,11,118,47,73,40,3,31,3,7,20,3,0.399305556,0.421052632,8,8,17,7,59,14,90,58,42,24,17,1
math.geometry.euclidean.threed.NotARotationMatrixException,1,1,1,1,3,1,11,1,1,1,39,1,0,1,2,7,1,4,1,4,44,4,1,38,4,0.133333333,1,1,1,3,1,3,0,39,39,7,0,0,0
math.exception.NotFiniteNumberException,1,1,2,2,4.5,1,13,1,2,2,43,2,0,2,5,12,2,6,2,7,51,7,2,41,7,0.194444444,0.5,3,1,4,1,3,0,49,46,12,0,0,0
math.exception.NotPositiveException,1,1,2,2,3.5,1,16,1,2,2,47,2,0,2,3,10,2,6,2,8,56,8,2,45,8,0.197530864,1,2,2,9,2,6,0,53,50,10,0,0,0
math.exception.NotStrictlyPositiveException,1,1,2,2,3.5,1,16,1,2,2,47,2,0,2,3,10,2,6,2,8,56,8,2,45,8,0.197530864,1,2,2,9,2,6,0,53,50,10,0,0,0
math.exception.NullArgumentException,1,1,2,2,3.5,1,11,1,2,2,41,2,0,2,2,10,2,6,2,6,48,6,2,39,6,0.19047619,0.5,2,1,3,1,2,0,47,44,10,0,0,0
math.exception.NumberIsTooLargeException,1.25,2,3,5,5.5,2.25,15,3,4,4,45,4,0,4,7,27,9,14,6,7,53,7,4,41,7,0.233333333,0.25,3,1,4,1,3,0,51,48,27,0,0,0
math.exception.NumberIsTooSmallException,1.25,2,3,5,5.5,2.25,15,3,4,4,45,4,0,4,7,27,9,14,6,7,55,7,4,41,7,0.233333333,0.25,3,1,4,1,3,0,51,48,27,0,0,0
math.stat.regression.OLSMultipleLinearRegression,1.5,4,7,15,6.2,3.7,4,1,10,10,36,10,3,7,6,69,37,49,25,2,35,2,6,26,2,0.234920635,4.6,12,46,30,16,194,16,100,53,23,1,6,0
math.genetics.OnePointCrossover,3,4,0,6,14.5,10.5,0,0,2,2,13,2,1,1,4,32,21,25,14,1,15,1,2,11,1,0.111111111,5.5,8,11,14,10,20,14,18,18,1,1,0,0
math.stat.inference.OneWayAnovaImpl,2.2,6,3,11,13.4,9.4,0,0,5,5,16,5,1,4,5,79,47,58,25,1,18,1,5,11,1,0.138888889,5.4,10,27,34,19,63,34,32,25,0,6,0,0
math.util.OpenIntToDoubleHashMap,2.208333333,11,17,53,9.458333333,6.25,15,15,17,24,35,24,13,11,26,296,150,230,143,1,37,1,24,11,1,0.16,0.083333333,6,2,4,2,21,4,41,37,0,7,7,0
math.util.OpenIntToFieldHashMap,2.16,11,18,54,9.28,6.12,16,16,18,25,36,25,14,11,31,303,153,235,146,1,38,1,25,11,1,0.16025641,0.2,7,5,4,2,21,4,42,38,0,7,7,0
math.linear.OpenMapRealMatrix,1.8125,5,8,29,8.5625,5.6875,4,4,16,16,78,16,1,15,25,154,91,114,62,3,76,3,10,62,3,0.256684492,3.5,6,56,110,54,571,105,147,112,1,13,15,1
math.linear.OpenMapRealVector,2.180327869,9,23,133,8.508196721,5.393442623,5,5,61,61,108,61,4,57,59,590,329,439,272,2,94,2,44,47,2,0.560727578,1.950819672,10,119,168,96,684,111,170,136,1,43,3,1
math.optimization.OptimizationException,1,1,2,2,3,1,12,1,2,2,44,2,0,2,3,9,2,6,2,5,52,5,2,42,5,0.185185185,1,1,2,5,2,4,0,44,44,0,2,0,0
math.geometry.partitioning.utilities.OrderedTuple,4.083333333,13,4,49,14.5,10.58333333,11,11,7,12,21,12,7,5,11,189,127,143,94,1,21,1,10,9,1,0.212121212,0.25,5,3,9,3,6,9,23,23,189,0,0,0
math.geometry.euclidean.oned.OrientedPoint,1.111111111,2,8,10,3.222222222,1.222222222,2,2,9,9,20,9,0,9,4,33,11,23,10,1,22,1,9,11,1,0.15,0.444444444,4,4,6,4,8,6,26,23,33,0,0,0
math.exception.OutOfRangeException,1,1,4,4,4.75,1.5,15,3,4,4,45,4,0,4,7,24,6,14,6,7,53,7,4,41,7,0.233333333,0.25,3,1,4,1,3,0,51,48,24,0,0,0
math.geometry.euclidean.threed.OutlineExtractor,2.666666667,6,2,8,14.66666667,11,3,3,3,3,14,3,1,2,6,139,33,110,50,1,16,1,3,11,1,0.125,5.333333333,9,16,22,16,136,22,92,24,139,0,0,0
math.util.Pair,2,5,4,12,5.666666667,3.333333333,2,2,6,6,15,6,0,6,4,40,20,22,12,1,15,1,4,9,1,0.193939394,0,2,0,0,0,0,0,15,15,40,0,0,0
math.distribution.PascalDistributionImpl,1.461538462,3,9,19,5.923076923,3.230769231,10,3,13,13,37,13,4,9,7,92,42,54,29,3,32,3,4,24,3,0.327946128,0.538461538,9,7,22,7,304,20,83,51,31,10,15,0
math.stat.correlation.PearsonsCorrelation,2.076923077,4,6,27,8.461538462,5.461538462,2,2,13,13,24,13,1,12,11,114,71,99,55,1,26,1,13,11,1,0.154761905,3.384615385,15,44,45,21,84,45,60,37,5,8,5,1
math.analysis.solvers.PegasusSolver,1,1,4,4,3.75,1,13,0,4,4,47,4,0,4,6,17,4,9,4,4,52,4,4,43,4,0.213333333,1.25,0,5,15,4,16,0,76,64,17,0,0,0
math.stat.descriptive.rank.Percentile,2.588235294,7,8,44,10.76470588,7.058823529,6,5,16,17,37,17,3,14,32,194,120,140,91,2,38,2,14,20,2,0.250885668,0.882352941,9,15,34,13,51,16,54,48,125,11,2,0
math.geometry.euclidean.threed.Plane,1.172413793,2,24,34,5.482758621,3.344827586,5,5,28,29,40,29,2,27,28,166,97,125,60,1,42,1,29,11,1,0.161111111,2,11,58,124,56,176,124,84,66,166,0,0,0
math.distribution.PoissonDistributionImpl,1.3125,3,13,21,4.375,2.0625,14,7,16,16,40,16,4,12,13,89,33,55,30,3,35,3,7,24,3,0.383733165,0.75,12,12,24,9,129,24,88,58,35,15,10,1
math.geometry.euclidean.twod.PolygonsSet,3.666666667,13,6,33,18.77777778,14,4,1,8,9,40,9,3,6,13,245,126,172,96,2,42,2,8,31,2,0.207947531,9,15,81,139,78,369,108,143,88,245,0,0,0
math.geometry.euclidean.threed.PolyhedronsSet,2,9,8,22,9.090909091,5.272727273,3,0,11,11,42,11,3,8,19,209,58,134,65,2,44,2,10,31,2,0.212436869,5.727272727,18,63,102,51,232,77,120,80,209,0,0,0
math.optimization.fitting.PolynomialFitter,1,1,2,2,3.5,1.5,3,1,2,2,21,2,0,2,2,10,3,7,3,2,24,2,2,19,2,0.148148148,1,3,2,5,2,5,0,26,26,0,4,28,0
math.analysis.polynomials.PolynomialFunction,2.75,10,6,44,10.6875,6.8125,2,2,13,16,24,16,3,13,10,192,109,146,93,1,23,1,13,8,1,0.245670996,0.8125,12,13,32,13,35,32,34,29,31,61,4,0
math.analysis.polynomials.PolynomialFunctionLagrangeForm,2.7,8,4,27,12.3,8.6,4,4,7,10,21,10,2,8,12,129,86,118,73,1,23,1,10,11,1,0.151515152,0.6,8,6,15,4,51,15,31,25,14,14,19,0
math.analysis.polynomials.PolynomialFunctionNewtonForm,1.777777778,4,5,16,7.333333333,4.555555556,4,4,7,9,20,9,2,7,8,72,41,61,37,1,22,1,9,11,1,0.15,0.333333333,4,3,6,2,5,6,26,22,0,13,4,0
math.analysis.polynomials.PolynomialSplineFunction,2,4,4,14,7.857142857,4.857142857,3,3,7,7,18,7,0,7,3,60,34,45,29,1,20,1,7,11,1,0.145833333,1.142857143,8,8,18,7,16,18,40,25,5,9,16,0
math.analysis.polynomials.PolynomialsUtils,1.571428571,3,5,11,12.14285714,8.285714286,4,4,1,7,18,7,3,4,11,112,58,77,43,1,20,1,7,11,1,0.145833333,2.285714286,5,16,30,15,175,30,35,24,0,1,0,0
math.analysis.function.Pow,1,1,1,1,3,1,0,0,1,1,12,1,0,1,2,5,1,3,1,1,14,1,1,11,1,0.083333333,1,1,1,3,1,123,3,15,13,5,0,0,0
math.optimization.direct.PowellOptimizer,6.333333333,14,0,19,35.33333333,27.33333333,9,4,3,3,24,3,2,1,5,139,82,113,56,2,26,2,2,21,2,0.163299663,7.666666667,11,23,44,21,82,35,63,44,139,0,0,0
math.analysis.function.Power,1,1,2,2,3,1,1,1,2,2,13,2,0,2,2,9,2,6,2,1,15,1,2,11,1,0.111111111,0.5,1,1,3,1,123,3,16,14,9,0,0,0
math.stat.descriptive.summary.Product,1.363636364,3,9,15,5.272727273,2.727272727,4,3,10,11,36,11,0,11,13,68,30,49,29,3,36,3,7,25,3,0.348060345,0.636363636,5,7,21,7,192,7,64,50,4,7,4,0
math.fraction.ProperBigFractionFormat,2.857142857,11,4,20,13.57142857,9.428571429,6,2,7,7,43,7,0,7,10,101,66,73,52,4,46,4,5,36,4,0.406432749,2.428571429,6,17,43,17,140,10,57,53,0,1,1,0
math.fraction.ProperFractionFormat,2.428571429,9,4,17,12.85714286,9,6,2,7,7,42,7,0,7,10,96,63,69,46,4,45,4,5,35,4,0.406906907,2.428571429,9,17,36,17,121,13,66,54,0,1,1,0
math.linear.QRDecompositionImpl,4.5,8,1,27,16.16666667,10.83333333,6,6,6,6,17,6,0,6,1,235,65,236,131,1,19,1,6,11,1,0.142857143,4,6,24,34,12,25,34,32,21,2,18,8,0
math.random.RandomAdaptor,1.214285714,2,11,17,3.285714286,1.214285714,2,2,13,14,25,14,1,13,7,60,17,34,17,2,28,2,14,11,2,0.207407407,0.785714286,2,11,0,0,0,0,25,25,0,2,0,0
math.random.RandomDataImpl,2.666666667,16,14,96,11.08333333,7.5,8,8,36,36,47,36,4,32,52,417,270,315,184,1,49,1,36,11,1,0.162162162,1.75,27,63,131,46,475,131,88,67,120,35,17,0
math.genetics.RandomKey,2.25,5,5,27,8.583333333,5.333333333,4,2,6,12,32,12,4,8,15,110,64,89,51,3,34,3,10,20,3,0.590909091,1,11,12,14,11,26,4,38,35,4,4,0,0
math.genetics.RandomKeyMutation,2,2,0,2,13,10,0,0,1,1,12,1,0,1,1,15,10,10,4,1,14,1,1,11,1,0.083333333,8,10,8,8,5,14,8,16,16,0,1,0,0
math.linear.RealLinearOperator,1.5,3,3,6,3.5,1.75,0,0,4,4,15,4,0,4,2,16,7,11,5,1,23,1,4,11,1,0.133333333,1,3,4,7,3,10,7,25,18,16,0,0,0
math.optimization.RealPointValuePair,1.8,3,2,9,4,1.8,3,3,5,5,16,5,0,5,5,25,9,16,7,1,18,1,5,11,1,0.138888889,0,0,0,0,0,0,0,16,16,2,6,0,0
math.linear.RealVectorFormat,1.733333333,9,12,26,7,4.066666667,10,10,12,15,26,15,0,15,16,117,61,87,52,1,28,1,15,11,1,0.15625,1.066666667,8,16,44,14,84,44,42,34,2,22,15,0
math.linear.RectangularCholeskyDecompositionImpl,5.333333333,14,2,16,23.33333333,16.66666667,2,2,3,3,14,3,0,3,2,74,50,70,40,1,16,1,3,11,1,0.125,2.333333333,5,7,11,4,12,11,29,17,74,0,0,0
math.geometry.partitioning.RegionFactory,2,6,6,16,8.125,4.625,1,1,8,8,19,8,1,7,11,130,37,81,46,1,21,1,8,11,1,0.148148148,5.875,12,47,52,28,259,52,40,32,130,0,0,0
math.stat.regression.RegressionResults,2.352941176,6,9,40,9.352941176,5.764705882,14,14,17,17,28,17,2,15,16,176,98,119,82,1,30,1,17,11,1,0.157407407,0.294117647,6,5,10,5,10,10,32,30,176,0,0,0
math.analysis.solvers.RegulaFalsiSolver,1,1,4,4,3.75,1,13,0,4,4,47,4,0,4,6,17,4,9,4,4,52,4,4,43,4,0.213333333,1.25,0,5,15,4,16,0,76,64,17,0,0,0
math.optimization.linear.Relationship,1.4,3,4,7,3.2,1.8,6,4,5,5,21,5,1,4,2,23,9,11,6,2,23,2,4,16,2,0.197385621,0,2,0,0,0,0,0,21,21,0,1,0,0
math.util.ResizableDoubleArray,1.692307692,5,25,66,8.128205128,5.179487179,10,10,38,39,48,39,6,33,34,331,202,218,156,1,48,1,37,9,1,0.222886762,0.743589744,8,29,46,17,115,46,59,53,25,18,8,0
math.analysis.solvers.RiddersSolver,3.25,10,3,13,17.5,13,11,1,4,4,40,4,1,3,3,74,52,54,31,3,43,3,3,36,3,0.196509009,6,4,24,46,24,83,25,70,58,7,25,29,0
math.analysis.function.Rint,1,1,1,1,3,1,0,0,1,1,12,1,0,1,1,5,1,3,1,1,14,1,1,11,1,0.083333333,1,1,1,2,1,14,2,14,13,5,0,0,0
math.analysis.integration.RombergIntegrator,2.666666667,5,1,8,15,11,8,0,3,3,30,3,1,2,3,48,33,39,22,2,32,2,2,27,2,0.16005291,7.333333333,9,22,32,13,76,22,41,37,0,6,10,0
math.geometry.euclidean.threed.Rotation,3,24,12,63,22.14285714,18.42857143,6,6,20,21,32,21,1,20,28,473,387,338,184,1,34,1,21,11,1,0.159090909,12.52380952,7,263,367,222,3265,367,73,59,473,0,0,1
math.geometry.euclidean.threed.RotationOrder,1,1,5,5,3.8,1.6,16,16,5,5,15,5,1,4,4,50,8,30,8,1,16,1,4,10,1,0.163636364,0,3,0,0,0,0,0,15,15,50,0,0,0
math.ode.nonstiff.RungeKuttaIntegrator,7.5,14,1,15,38.5,28.5,16,5,2,2,34,2,1,1,11,84,57,77,51,2,42,2,2,32,2,0.148148148,19,10,38,43,15,150,15,90,61,0,30,19,0
math.ode.nonstiff.RungeKuttaStepInterpolator,3.4,7,2,17,11.4,7.4,14,2,5,5,40,5,1,4,7,64,37,52,33,2,49,2,3,35,2,0.184684685,2.8,3,14,13,6,100,0,44,41,0,0,0,0
math.distribution.SaddlePointExpansion,0,0,0,0,0,0,1,1,0,0,11,0,0,0,0,3,0,2,0,1,13,1,0,11,1,0,0,2,0,0,0,0,0,11,11,0,8,0,0
math.analysis.solvers.SecantSolver,2.5,7,3,10,10.75,7,11,1,4,4,40,4,1,3,3,47,28,34,19,3,43,3,3,36,3,0.196509009,4,2,16,30,16,48,9,68,56,2,35,38,0
math.stat.descriptive.moment.SecondMoment,1.142857143,2,6,8,4.857142857,2.571428571,8,2,6,7,38,7,0,7,4,42,18,28,17,4,42,4,4,31,4,0.353856209,1.714285714,4,12,13,7,40,4,64,53,3,1,0,0
math.geometry.euclidean.twod.Segment,1,1,4,4,3.5,1.5,3,3,4,4,15,4,0,4,3,19,6,14,6,1,18,1,4,11,1,0.133333333,0,2,0,0,0,0,0,15,15,19,0,0,0
math.stat.descriptive.moment.SemiVariance,1.352941176,6,15,23,5.058823529,2.588235294,6,5,16,17,38,17,0,17,26,107,44,72,38,2,39,2,15,21,2,0.403985507,0.647058824,8,11,23,11,46,16,64,49,6,2,2,0
math.geometry.partitioning.Side,1,1,2,2,0,0,6,4,2,2,19,2,0,2,1,6,0,1,0,2,22,2,2,17,2,0.148148148,0,1,0,0,0,0,0,19,19,6,0,0,0
math.analysis.function.Sigmoid,1,1,5,5,5.6,2.6,2,2,4,5,16,5,1,4,6,51,13,33,17,1,18,1,5,11,1,0.138888889,0.2,1,1,2,1,2,2,18,17,51,0,0,0
math.analysis.function.Signum,1,1,1,1,3,1,0,0,1,1,12,1,0,1,1,5,1,3,1,1,14,1,1,11,1,0.083333333,1,1,1,2,1,2,2,13,13,5,0,0,0
math.optimization.SimpleRealPointChecker,1.666666667,3,2,5,6.666666667,3.333333333,4,0,3,3,19,3,0,3,5,24,10,15,6,2,22,2,3,16,2,0.166666667,3,3,9,16,9,32,11,22,22,2,10,7,0
math.stat.regression.SimpleRegression,1.5,3,16,39,5.692307692,3.153846154,10,10,26,26,37,26,2,24,11,160,82,118,71,1,39,1,26,11,1,0.160493827,0.461538462,9,12,24,10,35,24,49,42,0,13,8,0
math.optimization.SimpleScalarValueChecker,1,1,3,3,5,2.333333333,4,0,3,3,19,3,0,3,5,19,7,10,2,2,22,2,3,16,2,0.166666667,3,3,9,16,9,32,11,22,22,2,10,7,0
math.optimization.SimpleVectorialPointChecker,1.666666667,3,2,5,7.333333333,4,4,0,3,3,19,3,0,3,5,26,12,17,6,2,22,2,3,16,2,0.166666667,1.666666667,3,5,7,5,11,2,20,20,1,9,7,0
math.optimization.SimpleVectorialValueChecker,1.666666667,3,2,5,7.333333333,4,4,0,3,3,19,3,0,3,5,26,12,17,6,2,22,2,3,16,2,0.166666667,3,3,9,16,9,32,11,22,22,1,10,7,0
math.optimization.direct.SimplexOptimizer,2.25,6,3,9,12.5,7.75,6,1,4,4,25,4,1,3,3,56,31,38,19,2,27,2,3,21,2,0.181818182,4.25,9,17,26,15,64,19,59,42,56,0,0,0
math.optimization.linear.SimplexSolver,3.571428571,10,2,25,13.14285714,8.571428571,11,4,7,7,24,7,4,3,7,99,60,79,46,2,26,2,6,17,2,0.208994709,5.285714286,9,37,74,33,203,73,109,46,7,10,0,0
math.optimization.linear.SimplexTableau,2.5,12,18,80,9.0625,5.59375,13,13,31,32,41,32,26,6,32,307,179,223,133,1,41,1,30,9,1,0.221896383,2.59375,19,83,117,51,214,117,95,63,16,11,5,1
math.analysis.integration.SimpsonIntegrator,2.666666667,5,1,8,13.66666667,9.333333333,8,0,3,3,30,3,1,2,3,44,28,32,19,2,32,2,2,27,2,0.16005291,8.666666667,9,26,45,16,116,32,41,37,0,6,10,0
math.analysis.function.Sin,1,1,1,1,3,1,0,0,1,1,12,1,0,1,1,5,1,3,1,1,14,1,1,11,1,0.083333333,1,1,1,2,1,69,2,18,13,5,0,0,0
math.analysis.function.Sinc,2,2,0,2,3,1,0,0,1,1,12,1,0,1,1,5,1,3,1,1,14,1,1,11,1,0.083333333,2,1,2,4,2,71,4,19,14,5,0,0,0
math.linear.SingularMatrixException,1,1,1,1,3,1,11,1,1,1,40,1,0,1,0,6,1,4,1,6,47,6,1,39,6,0.142857143,1,1,1,3,1,2,0,46,43,0,3,0,0
math.linear.SingularValueDecompositionImpl,8.916666667,89,6,107,34.83333333,24.58333333,11,11,12,12,23,12,0,12,2,471,295,421,290,1,25,1,12,11,1,0.153846154,4.416666667,9,53,101,38,328,101,67,34,327,60,35,1
math.analysis.function.Sinh,1,1,1,1,3,1,0,0,1,1,12,1,0,1,1,5,1,3,1,1,14,1,1,11,1,0.083333333,1,1,1,2,1,74,2,16,13,5,0,0,0
math.stat.descriptive.moment.Skewness,1.7,4,6,17,7.5,4.6,4,3,9,10,35,10,0,10,8,85,46,62,33,3,35,3,6,25,3,0.343596059,2,9,20,29,16,64,22,80,57,4,3,0,0
math.analysis.interpolation.SmoothingPolynomialBicubicSplineInterpolator,4,13,3,16,15.25,9.5,2,2,4,4,15,4,0,4,6,67,38,63,39,2,17,2,3,11,2,0.194444444,5,9,20,45,20,139,41,59,26,67,0,0,0
math.linear.SparseFieldMatrix,1.384615385,3,9,18,6.230769231,3.769230769,4,3,13,13,83,13,1,12,21,94,49,67,44,2,78,2,5,70,2,0.219373219,3.230769231,4,42,65,31,283,29,128,105,0,6,6,0
math.linear.SparseFieldVector,1.888888889,11,23,102,7.5,4.62962963,4,4,54,54,63,54,5,49,54,414,250,320,199,1,63,1,52,9,1,0.224128073,3.203703704,11,173,172,119,1058,172,113,78,2,35,14,0
math.stat.correlation.SpearmansCorrelation,1.333333333,3,7,12,5.111111111,2.777777778,3,3,9,9,20,9,1,8,8,51,25,36,21,1,22,1,9,11,1,0.15,2.222222222,9,20,20,11,74,20,60,28,6,1,5,0
math.analysis.interpolation.SplineInterpolator,7,7,0,7,46,38,0,0,1,1,12,1,0,1,2,48,38,46,30,1,14,1,1,11,1,0.083333333,5,6,5,15,5,40,15,29,17,0,4,7,0
math.analysis.function.Sqrt,1,1,1,1,3,1,0,0,1,1,12,1,0,1,1,5,1,3,1,1,14,1,1,11,1,0.083333333,1,1,1,2,1,2,2,13,13,5,0,0,0
math.stat.descriptive.moment.StandardDeviation,1,1,17,17,3.411764706,1.294117647,3,2,16,17,41,17,0,17,19,69,22,42,21,3,40,3,12,24,3,0.421573828,1.411764706,6,24,48,24,118,45,95,69,4,6,0,0
math.stat.StatUtils,1.296296296,4,24,35,4.777777778,2,10,10,1,27,38,27,1,26,56,141,54,100,48,1,40,1,27,11,1,0.160714286,1.148148148,17,31,45,16,131,45,100,53,16,12,2,0
math.stat.descriptive.StatisticalSummaryValues,1.181818182,3,10,13,6.272727273,4,7,7,11,11,19,11,0,11,7,82,44,57,34,1,18,1,8,8,1,0.239057239,1.181818182,5,13,32,13,26,32,27,23,15,7,0,0
math.analysis.function.StepFunction,3.5,4,0,7,14.5,10,2,2,2,2,13,2,0,2,3,33,20,22,15,1,15,1,2,11,1,0.111111111,3,4,6,11,6,12,11,30,18,33,0,0,0
math.ode.sampling.StepNormalizer,2,8,6,18,9.444444444,6,9,9,9,9,20,9,3,6,19,96,54,64,42,1,22,1,9,11,1,0.15,2.777777778,9,25,10,5,33,10,26,25,53,11,8,0
math.ode.sampling.StepNormalizerBounds,1,1,5,5,2,0.8,8,6,5,5,22,5,1,4,3,18,4,10,4,2,25,2,5,17,2,0.185185185,0,1,0,0,0,0,0,22,22,18,0,0,0
math.ode.sampling.StepNormalizerMode,1,1,2,2,0,0,4,2,2,2,19,2,0,2,1,4,0,1,0,2,22,2,2,17,2,0.148148148,0,1,0,0,0,0,0,19,19,4,0,0,0
math.geometry.euclidean.twod.SubLine,2.222222222,5,5,20,8.888888889,6.222222222,2,0,8,9,28,9,2,7,13,82,56,56,17,2,28,2,6,19,2,0.235930736,7.666666667,16,69,114,60,349,93,104,55,82,0,0,0
math.geometry.euclidean.oned.SubOrientedPoint,1.6,3,3,8,4.2,1.8,2,0,5,5,23,5,1,4,6,23,9,13,5,2,22,2,1,18,2,0.255050505,2.4,6,12,13,7,17,8,47,29,23,0,0,0
math.geometry.euclidean.threed.SubPlane,3.25,6,2,13,15.5,11.25,2,0,4,4,23,4,1,3,6,64,45,41,14,2,23,2,1,19,2,0.156565657,13.25,14,53,81,42,174,72,84,43,64,0,0,0
math.analysis.function.Subtract,1,1,1,1,3,1,0,0,1,1,12,1,0,1,2,5,1,3,1,1,14,1,1,11,1,0.083333333,0,0,0,0,0,0,0,12,12,5,0,0,0
math.stat.descriptive.summary.Sum,1.363636364,3,9,15,5.272727273,2.727272727,4,3,10,11,36,11,0,11,13,68,30,49,29,3,36,3,7,25,3,0.348060345,0.545454545,4,6,18,6,69,4,61,49,4,6,4,0
math.stat.descriptive.summary.SumOfLogs,1.222222222,3,8,11,4.888888889,2.555555556,4,3,8,9,34,9,0,9,7,54,23,38,22,3,34,3,5,25,3,0.337643678,0.777777778,5,7,16,7,39,8,61,48,4,5,4,0
math.stat.descriptive.summary.SumOfSquares,1.222222222,3,8,11,4.888888889,2.555555556,4,3,8,9,34,9,0,9,7,54,23,38,22,3,34,3,5,25,3,0.337643678,0.555555556,4,5,12,5,35,4,59,47,4,5,4,0
math.stat.descriptive.SummaryStatistics,1.552631579,10,30,59,7,4.421052632,19,19,37,38,46,38,1,37,13,290,168,202,138,1,47,1,35,8,1,0.252946128,1.868421053,20,71,93,38,140,93,89,69,3,12,0,1
math.stat.descriptive.SynchronizedDescriptiveStatistics,1,1,15,15,3.733333333,1.4,16,1,14,15,64,15,0,15,8,70,21,38,20,2,57,2,5,49,2,0.24168236,1,5,15,23,14,85,4,108,81,3,1,0,0
math.stat.descriptive.SynchronizedMultivariateSummaryStatistics,1,1,31,31,3,1,12,1,31,31,40,31,0,31,11,127,31,64,31,2,13,2,1,9,2,0.367521368,1,4,31,42,31,152,0,111,76,0,9,8,0
math.stat.descriptive.SynchronizedSummaryStatistics,1,1,35,35,3.314285714,1.171428571,20,1,34,35,49,35,0,35,13,151,41,78,40,2,21,2,4,14,2,0.407407407,1,5,35,49,35,211,4,124,90,3,1,0,0
math.distribution.TDistributionImpl,1.5,3,11,24,5.625,2.9375,13,4,16,16,37,16,6,10,9,110,47,61,34,3,30,3,5,21,3,0.353219697,0.625,8,10,22,9,82,19,84,56,52,10,4,0
math.stat.inference.TTestImpl,1.166666667,3,27,35,7,3.6,0,0,30,30,41,30,10,20,85,212,108,108,66,1,43,1,30,11,1,0.161290323,2.5,12,75,89,38,120,89,78,51,5,36,15,0
math.analysis.function.Tan,1,1,1,1,3,1,0,0,1,1,12,1,0,1,1,5,1,3,1,1,14,1,1,11,1,0.083333333,1,1,1,2,1,74,2,17,13,5,0,0,0
math.analysis.function.Tanh,1,1,1,1,3,1,0,0,1,1,12,1,0,1,1,5,1,3,1,1,14,1,1,11,1,0.083333333,1,1,1,2,1,73,2,15,13,5,0,0,0
math.stat.inference.TestUtils,1,1,33,33,4.272727273,1,4,4,1,33,44,33,1,32,68,148,33,71,33,1,46,1,33,11,1,0.161764706,0.96969697,10,32,0,0,0,0,44,44,1,36,27,0
math.stat.descriptive.moment.ThirdMoment,1.142857143,2,6,8,5.571428571,3.285714286,11,3,6,7,42,7,0,7,4,48,23,34,20,5,46,5,4,35,5,0.359649123,2.142857143,4,15,11,6,27,4,70,57,3,1,0,0
math.ode.nonstiff.ThreeEighthesIntegrator,1,1,1,1,3,1,19,3,1,1,35,1,0,1,1,16,1,6,1,3,39,3,1,34,3,0.125,2,1,2,8,2,8,1,92,63,0,0,0,0
math.ode.nonstiff.ThreeEighthesStepInterpolator,1.25,2,3,5,8,5.25,15,1,4,4,42,4,2,2,3,38,21,27,6,3,44,3,2,38,3,0.183333333,2.25,2,9,2,1,15,0,48,45,0,1,0,0
math.stat.ranking.TiesStrategy,1,1,2,2,0,0,7,5,2,2,19,2,0,2,1,7,0,1,0,2,22,2,2,17,2,0.148148148,0,1,0,0,0,0,0,19,19,0,0,0,0
math.exception.TooManyEvaluationsException,1,1,1,1,4,2,13,1,1,1,45,1,0,1,1,7,2,5,2,7,53,7,1,44,7,0.145833333,3,3,3,6,3,7,3,51,48,7,0,0,0
math.genetics.TournamentSelection,1.4,3,4,7,6.4,3.6,1,1,5,5,16,5,1,4,4,35,18,24,12,1,18,1,5,11,1,0.138888889,1.2,7,6,7,5,19,7,23,21,1,1,0,0
math.util.TransformerMap,1.75,7,9,21,5.666666667,2.916666667,3,3,12,12,21,12,0,12,8,75,35,52,30,1,21,1,10,9,1,0.212121212,0.166666667,8,2,0,0,0,0,21,21,1,1,5,0
math.analysis.integration.TrapezoidIntegrator,2.5,4,1,10,12.75,8.25,9,1,4,4,31,4,1,3,7,55,33,40,24,2,33,2,3,27,2,0.178571429,5.25,8,21,21,10,38,11,40,36,0,7,10,0
math.linear.TriDiagonalTransformer,3.875,11,3,31,15.25,10.5,6,6,8,8,19,8,1,7,1,130,84,126,78,1,21,1,8,11,1,0.148148148,2.625,5,21,13,5,10,13,35,22,1,3,1,0
math.analysis.interpolation.TricubicSplineInterpolatingFunction,5.5,7,0,11,19,12.5,2,2,2,2,13,2,0,2,4,42,25,42,21,1,15,1,2,11,1,0.111111111,1.5,1,3,12,3,6,12,19,14,303,0,0,0
math.analysis.interpolation.TricubicSplineInterpolatingFunction,10,29,0,40,46.75,33,5,5,4,4,15,4,2,2,17,260,132,122,85,1,17,1,4,11,1,0.133333333,8.25,5,33,97,33,113,97,31,21,303,0,0,0
math.analysis.interpolation.TricubicSplineInterpolator,9,23,0,27,39.66666667,28.33333333,0,0,3,3,14,3,2,1,7,122,85,118,62,1,16,1,3,11,1,0.125,5.666666667,6,17,58,17,388,58,60,22,122,0,0,0
math.analysis.function.Ulp,1,1,1,1,3,1,0,0,1,1,12,1,0,1,1,5,1,3,1,1,14,1,1,11,1,0.083333333,1,1,1,2,1,5,2,14,13,5,0,0,0
math.optimization.linear.UnboundedSolutionException,1,1,1,1,3,1,13,1,1,1,45,1,0,1,0,6,1,4,1,6,52,6,1,44,6,0.142857143,2,1,2,3,1,2,0,45,45,0,1,0,0
math.random.UncorrelatedRandomVectorGenerator,1.666666667,2,1,5,8,4.333333333,3,3,3,3,14,3,0,3,5,30,13,22,13,1,16,1,3,11,1,0.125,0.666666667,2,2,3,1,2,3,20,15,0,1,2,0
math.random.UniformRandomGenerator,1,1,2,2,3,1,2,2,2,2,13,2,0,2,1,10,2,7,2,1,15,1,2,11,1,0.111111111,0.5,2,1,0,0,0,0,13,13,0,1,1,0
math.random.UnitSphereRandomVectorGenerator,2,4,2,6,8.333333333,5,2,2,3,3,14,3,0,3,3,30,15,25,13,1,16,1,3,11,1,0.125,1,3,3,3,2,5,3,17,16,0,1,0,0
math.analysis.integration.UnivariateRealIntegratorImpl,1.235294118,2,13,21,4.294117647,2,8,8,17,17,28,17,7,10,9,83,34,55,29,1,34,1,17,11,1,0.157407407,0.411764706,5,7,11,4,23,11,35,31,20,22,9,0
math.analysis.interpolation.UnivariateRealPeriodicInterpolator,2,4,2,6,14,9.333333333,4,4,3,3,14,3,0,3,7,49,28,39,21,1,16,1,3,11,1,0.125,2,3,6,18,5,13,18,27,17,49,0,0,0
math.optimization.univariate.UnivariateRealPointValuePair,1,1,3,3,3.666666667,1.333333333,3,3,3,3,14,3,0,3,2,16,4,11,4,1,16,1,3,11,1,0.125,0,0,0,0,0,0,0,14,14,16,0,0,0
math.analysis.solvers.UnivariateRealSolverUtils,2.583333333,10,5,31,12.5,7.416666667,0,0,1,12,23,12,1,11,39,152,89,89,59,1,25,1,12,11,1,0.153846154,3.333333333,13,40,68,20,141,68,41,33,85,41,9,0
math.random.ValueServer,1.625,7,17,39,5.083333333,2.625,13,13,24,24,35,24,5,19,10,137,63,97,55,1,37,1,24,11,1,0.16,0.833333333,9,20,13,6,26,13,42,40,1,4,1,0
math.stat.descriptive.moment.Variance,2.095238095,7,13,44,7.714285714,4.666666667,5,4,20,21,45,21,0,21,33,174,98,126,80,3,44,3,16,24,3,0.426098715,1.19047619,8,25,46,19,79,25,84,65,4,2,0,1
math.geometry.euclidean.oned.Vector1D,1.151515152,4,30,38,3.96969697,1.757575758,7,7,30,33,41,33,0,33,41,145,58,99,43,1,40,1,30,8,1,0.252199413,0.424242424,11,14,25,13,26,25,54,48,145,0,0,0
math.geometry.euclidean.oned.Vector1DFormat,1.222222222,2,7,11,4.666666667,2.222222222,10,0,7,9,34,9,0,9,13,44,20,27,13,2,36,2,8,25,2,0.210351377,2.222222222,7,20,39,12,89,11,49,44,44,0,0,0
math.geometry.euclidean.twod.Vector2D,1.147058824,4,31,39,4.205882353,2,7,7,31,34,42,34,0,34,42,157,68,110,49,1,41,1,31,8,1,0.252367424,0.617647059,11,21,41,20,66,41,57,51,157,0,0,0
math.geometry.euclidean.twod.Vector2DFormat,1.222222222,2,7,11,4.777777778,2.222222222,10,0,7,9,34,9,0,9,15,45,20,27,13,2,36,2,8,25,2,0.210351377,2.111111111,7,19,41,13,92,13,50,45,45,0,0,0
math.geometry.euclidean.threed.Vector3D,1.25,4,39,55,4.795454545,2.522727273,14,14,37,44,52,44,0,44,54,232,111,168,78,1,51,1,41,8,1,0.253607504,1.318181818,11,58,173,54,1016,173,83,69,232,0,0,1
math.geometry.euclidean.threed.Vector3DFormat,1.222222222,2,7,11,4.777777778,2.222222222,10,0,7,9,34,9,0,9,15,45,20,27,13,2,36,2,8,25,2,0.210351377,2.222222222,7,20,43,14,95,15,51,46,45,0,0,0
math.geometry.VectorFormat,1.533333333,7,13,23,5.6,3.066666667,10,10,14,15,26,15,6,9,21,97,46,75,44,1,31,1,15,11,1,0.15625,0.733333333,6,11,35,11,72,35,34,31,97,0,0,0
math.stat.descriptive.moment.VectorialCovariance,3,7,3,21,10.57142857,6.857142857,5,5,7,7,16,7,0,7,4,83,48,69,43,1,16,1,5,9,1,0.199494949,0.571428571,4,4,6,2,4,6,31,18,5,10,1,0
math.stat.descriptive.moment.VectorialMean,2.333333333,4,1,14,7.166666667,4,2,2,6,6,15,6,0,6,3,49,24,39,23,1,15,1,4,9,1,0.193939394,0.833333333,3,5,8,5,13,8,28,20,2,6,1,0
math.optimization.VectorialPointValuePair,2.333333333,5,2,14,4.166666667,2,3,3,6,6,17,6,0,6,5,30,12,18,8,1,19,1,6,11,1,0.142857143,0,0,0,0,0,0,0,17,17,4,6,0,0
math.distribution.WeibullDistributionImpl,1.411764706,4,13,24,5.352941176,2.882352941,14,5,17,17,38,17,6,11,11,111,49,68,35,3,31,3,6,21,3,0.359172078,0.941176471,7,16,39,16,550,38,78,57,59,12,17,0
math.optimization.fitting.WeightedObservedPoint,1,1,4,4,3.5,1.5,4,4,4,4,15,4,0,4,3,20,6,15,6,1,17,1,4,11,1,0.133333333,0,0,0,0,0,0,0,15,15,0,0,0,0
math.random.Well1024a,1,1,5,5,5.6,3.6,14,5,5,5,32,5,1,4,4,36,18,29,8,3,35,3,4,27,3,0.211904762,4.4,1,22,23,4,26,0,50,38,36,0,0,0
math.random.Well19937a,1,1,5,5,6,4,14,5,5,5,32,5,1,4,4,38,20,31,9,3,35,3,4,27,3,0.211904762,5.2,1,26,23,4,26,0,50,38,38,0,0,0
math.random.Well19937c,1,1,5,5,6.4,4.4,14,5,5,5,32,5,1,4,4,40,22,33,11,3,35,3,4,27,3,0.211904762,5.2,1,26,23,4,26,0,50,38,40,0,0,0
math.random.Well44497a,1.2,2,4,6,6.4,4.4,14,5,5,5,32,5,1,4,4,40,22,33,9,3,35,3,4,27,3,0.211904762,5.2,1,26,23,4,26,0,50,38,40,0,0,0
math.random.Well44497b,1.2,2,4,6,6.8,4.8,14,5,5,5,32,5,1,4,4,42,24,35,11,3,35,3,4,27,3,0.211904762,5.2,1,26,23,4,26,0,50,38,42,0,0,0
math.random.Well512a,1,1,5,5,5.4,3.4,14,5,5,5,32,5,1,4,4,35,17,28,8,3,35,3,4,27,3,0.211904762,3.8,1,19,23,4,26,0,50,38,35,0,0,0
math.stat.inference.WilcoxonSignedRankTestImpl,2.777777778,5,3,25,11.33333333,6.888888889,1,1,9,9,20,9,5,4,16,105,62,78,44,1,22,1,9,11,1,0.15,1.111111111,7,10,20,8,94,20,62,27,105,0,0,0
math.exception.ZeroException,1,1,2,2,3,1,13,1,2,2,43,2,0,2,1,9,2,6,2,7,51,7,2,41,7,0.194444444,1,2,2,4,1,3,0,49,46,9,0,0,0
math.distribution.ZipfDistributionImpl,1.5,3,8,18,5.583333333,3.083333333,10,3,12,12,38,12,5,7,8,80,37,53,26,3,35,3,5,26,3,0.279040404,0.333333333,4,4,12,4,250,12,61,51,33,10,18,0
